<?xml version="1.0" encoding="UTF-8"?> <kml xmlns="http://www.opengis.net/kml/2.2"><Document><name>Decheteries</name><description/><Folder><name>decheterie.kml</name><Placemark> <id>1</id> <name>Decheterie Bohain-en-Vermandois</name> <description>15 bis route de Trélon 59132 Ohain</description> <horaires>Été (du 01/04 au 31/10) : Lundi/mardi : 14h - 18h Mercredi : 14h - 20h Vendredi : 14 h - 18 h Samedi : 9h - 12h / 14h - 18h Hiver (du 01/11 au 31/03) : Lundi/mardi/mercredi/vendredi : 14h - 17h Samedi : 9h - 12h / 14h - 17h</horaires> <type>PARTIC</type> <barriere>Inconnu</barriere> <compteOuvert>Inconnu</compteOuvert> <carte>Inconnu</carte> <blacklist>false</blacklist> <Point> <coordinates>3.447548,49.976666,0</coordinates> </Point> </Placemark> <Placemark> <id>2</id> <name>Decheterie Charly-sur-Marne</name> <description>Zac Sous les Carrières 02310 Charly-sur-Marne</description> <horaires>Du Lundi au Vendredi 13h30-18h30</horaires> <type>PARTIC</type> <barriere>Inconnu</barriere> <compteOuvert>Inconnu</compteOuvert> <carte>Inconnu</carte> <blacklist>false</blacklist> <Point> <coordinates>3.277298,48.97261,0</coordinates> </Point> </Placemark> <Placemark> <id>3</id> <name>Decheterie Crépy</name> <description>Rue de Besny 02870 Crépy</description> <horaires>Du Lundi au Vendredi 13h30-18h30</horaires> <type>PARTIC</type> <barriere>Inconnu</barriere> <compteOuvert>Inconnu</compteOuvert> <carte>Inconnu</carte> <blacklist>false</blacklist> <Point> <coordinates>3.524549,49.600376,0</coordinates> </Point> </Placemark> <Placemark> <id>4</id> <name>Decheterie Festieux</name> <description>route Coucy 02840 FESTIEUX</description> <horaires>mardi, jeudi et samedi de 09h à 13h et de 14h à 18h le mercredi de 14h à 18h dimanche de 09h à12h</horaires> <type>PARTIC</type> <barriere>Inconnu</barriere> <compteOuvert>Inconnu</compteOuvert> <carte>Inconnu</carte> <blacklist>false</blacklist> <Point> <coordinates>3.756502,49.529821,0</coordinates> </Point> </Placemark> <Placemark> <id>5</id> <name>Decheterie Guignicourt</name> <description>route de Juvincourt 02190 GUIGNICOURT</description> <horaires>Mardi 9h/13h 14h/18h Mercredi 9h/13h 14h/18h Vendredi 9h/13h 14h/18h Samedi 9h/13h 14h/18h Dimanche 9h/12h</horaires> <type>PARTIC</type> <barriere>Inconnu</barriere> <compteOuvert>Inconnu</compteOuvert> <carte>Inconnu</carte> <blacklist>false</blacklist> <Point> <coordinates>3.952422,49.435379,0</coordinates> </Point> </Placemark> <Placemark> <id>6</id> <name>Decheterie Hirson</name> <description>zi La Rotonde 02500 HIRSON</description> <horaires>HORAIRES D'ÉTÉ DU 1ER AVRIL AU 30 SEPTEMBRE : La déchèterie d'Hirson est ouverte du lundi au Vendredi de 9h à 12h et de 14h à 18h45, le Samedi de 9h à 18h. HORAIRES D'HIVER DU 1ER OCTOBRE AU 31 MARS : La déchèterie d'Hirson est ouverte du lundi au Vendredi de 9h30 à 12h et de 13h30 à 17h15, le Samedi de 9h à 17h.</horaires> <type>PARTIC</type> <barriere>Inconnu</barriere> <compteOuvert>Inconnu</compteOuvert> <carte>Inconnu</carte> <blacklist>false</blacklist> <Point> <coordinates>4.078524,49.913412,0</coordinates> </Point> </Placemark> <Placemark> <id>7</id> <name>Decheterie Laon</name> <description>fbg Leuilly 02000 LAON</description> <horaires>Du lundi au samedi de 9h à 18h Le dimanche de 9h à 12h</horaires> <type>PARTIC</type> <barriere>Inconnu</barriere> <compteOuvert>Inconnu</compteOuvert> <carte>Inconnu</carte> <blacklist>false</blacklist> <Point> <coordinates>3.610135,49.532647,0</coordinates> </Point> </Placemark> <Placemark> <id>8</id> <name>Decheterie Marle</name> <description>route Montcornet 02250 MARLE</description> <horaires>Horaires d'été : lundi, mercredi, vendredi et samedi de 09h à 12h et de 14h à 18h / mardi et jeudi de 14h à18h Horaires d'hiver: lundi, mercredi, vendredi et samedi du 09h à 12 et de 14h à 17h / mardi et jeudi de 14h à 18h</horaires> <type>PARTIC</type> <barriere>Inconnu</barriere> <compteOuvert>Inconnu</compteOuvert> <carte>Inconnu</carte> <blacklist>false</blacklist> <Point> <coordinates>3.778708,49.735706,0</coordinates> </Point> </Placemark> <Placemark> <id>9</id> <name>Decheterie Mézières-sur-Oise</name> <description>Route d'Itancourt 02240 Mézières-sur-Oise</description> <horaires>Du Lundi au Vendredi 13h30-18h30</horaires> <type>PARTIC</type> <barriere>Inconnu</barriere> <compteOuvert>Inconnu</compteOuvert> <carte>Inconnu</carte> <blacklist>false</blacklist> <Point> <coordinates>3.389282,49.784156,0</coordinates> </Point> </Placemark> <Placemark> <id>10</id> <name>Decheterie Omissy</name> <description>Cd 675 02100 Omissy</description> <horaires>Du Lundi au Vendredi 13h30-18h30</horaires> <type>PARTIC</type> <barriere>Inconnu</barriere> <compteOuvert>Inconnu</compteOuvert> <carte>Inconnu</carte> <blacklist>false</blacklist> <Point> <coordinates>3.309313,49.867304,0</coordinates> </Point> </Placemark> <Placemark> <id>11</id> <name>Decheterie Ambleny</name> <description>Marais des Chaudières 02290 Ambleny</description> <horaires>Du Lundi au Vendredi 13h30-18h30</horaires> <type>PARTIC</type> <barriere>Inconnu</barriere> <compteOuvert>Inconnu</compteOuvert> <carte>Inconnu</carte> <blacklist>false</blacklist> <Point> <coordinates>3.179403,49.38925,0</coordinates> </Point> </Placemark> <Placemark> <id>12</id> <name>Decheterie Montcornet</name> <description>rue de la Sucrerie 02340 MONTCORNET</description> <horaires>Lundi : 08:00 à 12:00 - 14:00 à 18:00 Mardi : 08:00 à 12:00 - 14:00 à 18:00 Mercredi : 08:00 à 12:00 - 14:00 à 18:00 Jeudi : 08:00 à 12:00 - 14:00 à 18:00 Vendredi : 08:00 à 12:00 - 14:00 à 18:00 Samedi : Fermé Dimanche : Fermé</horaires> <type>PARTIC</type> <barriere>Inconnu</barriere> <compteOuvert>Inconnu</compteOuvert> <carte>Inconnu</carte> <blacklist>false</blacklist> <Point> <coordinates>4.013047,49.691348,0</coordinates> </Point> </Placemark> <Placemark> <id>13</id> <name>Decheterie Neuilly-Saint-Front</name> <description>Cité de la Sucrerie 02470 Neuilly-Saint-Front</description> <horaires>Du Lundi au Vendredi 13h30-18h30</horaires> <type>PARTIC</type> <barriere>Inconnu</barriere> <compteOuvert>Inconnu</compteOuvert> <carte>Inconnu</carte> <blacklist>false</blacklist> <Point> <coordinates>3.248112,49.191013,0</coordinates> </Point> </Placemark> <Placemark> <id>14</id> <name>Decheterie Pontavert</name> <description>Chemin de la Tille 21130 PONT</description> <horaires>Heures d'ouverture : Horaire d'ete (01/04 au 30/09) Horaire d'hiver (01/10 au 31/03) fermeture à 16H45 : MARDI 8h30-11h45 MERCREDI 14h-17h45 JEUDI 14h-17h45 VENDREDI 8h30-11h45 SAMEDI 8h30-11h45.</horaires> <type>PARTIC</type> <barriere>Inconnu</barriere> <compteOuvert>Inconnu</compteOuvert> <carte>Inconnu</carte> <blacklist>false</blacklist> <Point> <coordinates>3.825596,49.410278,0</coordinates> </Point> </Placemark> <Placemark> <id>15</id> <name>Decheterie Rozoy-sur-Serre</name> <description>Rue des Mines 59171 ERRE</description> <horaires>Heures d'ouverture : Eté (01/03 au 28/02) : Lundi au samedi : 9 h-12h / 13h-19h dimanche: 9h-12h Hiver (01/11 au 28/02) : Lundi au samedi : 9 h-12h / 13h-17h dimanche: 9h-12h</horaires> <type>PARTIC</type> <barriere>Inconnu</barriere> <compteOuvert>Inconnu</compteOuvert> <carte>Inconnu</carte> <blacklist>false</blacklist> <Point> <coordinates>4.123607,49.713264,0</coordinates> </Point> </Placemark> <Placemark> <id>16</id> <name>Decheterie Villeneuve-Saint-Germain</name> <description>Avenue Flandre Dunkerque 02200 Villeneuve-Saint-Germain</description> <horaires>Lundi à Samedi: 8h30-18h</horaires> <type>PARTIC</type> <barriere>Inconnu</barriere> <compteOuvert>Inconnu</compteOuvert> <carte>Inconnu</carte> <blacklist>false</blacklist> <Point> <coordinates>3.364006,49.370821,0</coordinates> </Point> </Placemark> <Placemark> <id>17</id> <name>Decheterie Beautor</name> <description>rue Moinet 02800 BEAUTOR</description> <horaires>Horaires d'été du 1er mai au 31 octobre Lundi de 14 h 00 à 18 h 30 Mardi de 10h à 12h et de 14 h 00 à 18 h 30 Mercredi de 10h à 12h et de 14 h 00 à 18 h 30 Jeudi de 10h à 12h et de 14 h 00 à 18 h 30 Vendredi de 14 h 00 à 18 h 30 Samedi de 9h à 19 h 00 sans interruption Horaires d'hiver du 1er novembre au 30 avril Lundi de 14 h 00 à 17 h 30 Mardi de 10h à 12h et de 14 h 00 à 17 h 30 Mercredi de 10h à 12h et de 14 h 00 à 17 h 30 Jeudi de 10h à 12h et de 14 h 00 à 17 h 30 Vendredi de 14 h 00 à 17 h 30 Samedi de 9h à 17 h 00 sans interruption</horaires> <type>PARTIC</type> <barriere>Inconnu</barriere> <compteOuvert>Inconnu</compteOuvert> <carte>Inconnu</carte> <blacklist>false</blacklist> <Point> <coordinates>3.332488,49.64968,0</coordinates> </Point> </Placemark> <Placemark> <id>18</id> <name>Decheterie La Capelle</name> <description>Rue Jules Carrière 02260 La Capelle</description> <horaires>Hiver 01/11-31/03 : Lundi: 13h30-17h | Mardi, Mercredi, Vendredi, Samedi: 9h-12h/13h30-17h | Eté 01/04-30/10 : Lundi, Mardi, Mercredi, Vendredi, Samedi: 9h-12h/13h30-18h</horaires> <type>PARTIC</type> <barriere>Inconnu</barriere> <compteOuvert>Inconnu</compteOuvert> <carte>Inconnu</carte> <blacklist>false</blacklist> <Point> <coordinates>3.927054,49.976155,0</coordinates> </Point> </Placemark> <Placemark> <id>19</id> <name>Decheterie Le Nouvion-en-Thiérache</name> <description>Route de Boué 02170 Le Nouvion-en-Thiérache</description> <horaires>Hiver 01/11-31/03 : Lundi: 13h30-17h | Mardi, Mercredi, Vendredi, Samedi: 9h-12h/13h30-17h | Eté 01/04-30/10 : Lundi, Mardi, Mercredi, Vendredi, Samedi: 9h-12h/13h30-18h</horaires> <type>PARTIC</type> <barriere>Inconnu</barriere> <compteOuvert>Inconnu</compteOuvert> <carte>Inconnu</carte> <blacklist>false</blacklist> <Point> <coordinates>3.768527,50.012588,0</coordinates> </Point> </Placemark> <Placemark> <id>20</id> <name>Decheterie Villers-Cotterêts</name> <description>Zi les Verriers 02600 Villers-Cotterêts</description> <horaires>Hiver (du 01/11 au 31/10) : Lundi, Mardi, Mercredi et Samedi : 9h-12h et 13h30-17h | Vendredi : 13h30-17h | Dimanche : 9h-13h | Eté (du 01/04 au 31/10) : Lundi, Mardi, Mercredi et Samedi : 9h-12h et 13h30-19h | Vendredi : 13h30-19h | Dimanche : 9h-13h</horaires> <type>PARTIC</type> <barriere>Inconnu</barriere> <compteOuvert>Inconnu</compteOuvert> <carte>Inconnu</carte> <blacklist>false</blacklist> <Point> <coordinates>3.093525,49.237107,0</coordinates> </Point> </Placemark> <Placemark> <id>21</id> <name>Decheterie Braine</name> <description>Braine 02220 Braine</description> <horaires>Du Lundi au Vendredi 13h30-18h30</horaires> <type>PARTIC</type> <barriere>Inconnu</barriere> <compteOuvert>Inconnu</compteOuvert> <carte>Inconnu</carte> <blacklist>false</blacklist> <Point> <coordinates>3.549678,49.341694,0</coordinates> </Point> </Placemark> <Placemark> <id>22</id> <name>Decheterie Presles-et-Boves</name> <description>20 Bis Rue du Bois Morin 02370 Presles-et-Boves</description> <horaires>Du Lundi au Vendredi 13h30-18h30</horaires> <type>PARTIC</type> <barriere>Inconnu</barriere> <compteOuvert>Inconnu</compteOuvert> <carte>Inconnu</carte> <blacklist>false</blacklist> <Point> <coordinates>3.513039,49.397577,0</coordinates> </Point> </Placemark> <Placemark> <id>23</id> <name>Decheterie Trélou-sur-Marne</name> <description>Route de Dormans 02850 Trélou-sur-Marne</description> <horaires>Hiver 01/11-31/03 : Lundi, Mardi, Mercredi, Vendredi: 14h-17h | Jeudi: 9h-12h | Samedi: 9h-12h/14h-17h | Eté 01/04-30/10 : Lundi, Mardi, Mercredi, Vendredi: 14h-19h | Jeudi: 9h-12h | Samedi: 9h-12h/14h-19h</horaires> <type>PARTIC</type> <barriere>Inconnu</barriere> <compteOuvert>Inconnu</compteOuvert> <carte>Inconnu</carte> <blacklist>false</blacklist> <Point> <coordinates>3.628408,49.0779,0</coordinates> </Point> </Placemark> <Placemark> <id>24</id> <name>Decheterie Villers-sur-Fère</name> <description>Rd6 02130 Villers-sur-Fère</description> <horaires>Du Lundi au Vendredi 13h30-18h30</horaires> <type>PARTIC</type> <barriere>Inconnu</barriere> <compteOuvert>Inconnu</compteOuvert> <carte>Inconnu</carte> <blacklist>false</blacklist> <Point> <coordinates>3.537536,49.184955,0</coordinates> </Point> </Placemark> <Placemark> <id>25</id> <name>Decheterie Condé-en-Brie</name> <description>ZA La Grande Garenne 16590 Brie</description> <horaires>Du lundi au samedi de 9h à 12h et de 14h à 18h</horaires> <type>PARTIC</type> <barriere>Inconnu</barriere> <compteOuvert>Inconnu</compteOuvert> <carte>Inconnu</carte> <blacklist>false</blacklist> <Point> <coordinates>3.54985,49.011229,0</coordinates> </Point> </Placemark> <Placemark> <id>26</id> <name>Decheterie Gauchy</name> <description>Rue Gaston Landes 32000 Auch</description> <horaires>Lundi, Mardi, Mercredi, Jeudi, Vendredi, Samedi, Dimanche Hiver 1/10-31/03 9-12h/13h30-17h Eté 1/04-30/09 9-12h/13h30-18h</horaires> <type>PARTIC</type> <barriere>Inconnu</barriere> <compteOuvert>Inconnu</compteOuvert> <carte>Inconnu</carte> <blacklist>false</blacklist> <Point> <coordinates>3.300702,49.828,0</coordinates> </Point> </Placemark> <Placemark> <id>27</id> <name>Decheterie Coucy-le-Château-Auffrique</name> <description>Lieu Dit les Michettes 02380 Coucy-le-Château-Auffrique</description> <horaires>Du Lundi au Vendredi 13h30-18h30</horaires> <type>PARTIC</type> <barriere>Inconnu</barriere> <compteOuvert>Inconnu</compteOuvert> <carte>Inconnu</carte> <blacklist>false</blacklist> <Point> <coordinates>3.286483,49.516622,0</coordinates> </Point> </Placemark> <Placemark> <id>28</id> <name>Decheterie Wassigny</name> <description>route de Savigny Les Chagnats 18260 Assigny</description> <horaires>Lundi, mercredi et samedi 01/10 au 31/03 : 8h-12 14h-17h 01/04 au 30/09 : 8h-12h 14h-19h</horaires> <type>PARTIC</type> <barriere>Inconnu</barriere> <compteOuvert>Inconnu</compteOuvert> <carte>Inconnu</carte> <blacklist>false</blacklist> <Point> <coordinates>3.587962,50.013005,0</coordinates> </Point> </Placemark> <Placemark> <id>29</id> <name>Decheterie Sains-Richaumont</name> <description>Route de Colonfay 02120 Sains-Richaumont</description> <horaires>Du Lundi au Vendredi 13h30-18h30</horaires> <type>PARTIC</type> <barriere>Inconnu</barriere> <compteOuvert>Inconnu</compteOuvert> <carte>Inconnu</carte> <blacklist>false</blacklist> <Point> <coordinates>3.715978,49.837423,0</coordinates> </Point> </Placemark> <Placemark> <id>30</id> <name>Decheterie Aulnois-sous-Laon</name> <description>fbg Leuilly 02000 LAON</description> <horaires>Du lundi au samedi de 9h à 18h Le dimanche de 9h à 12h</horaires> <type>PARTIC</type> <barriere>Inconnu</barriere> <compteOuvert>Inconnu</compteOuvert> <carte>Inconnu</carte> <blacklist>false</blacklist> <Point> <coordinates>3.614859,49.608108,0</coordinates> </Point> </Placemark> <Placemark> <id>31</id> <name>Decheterie Joncourt</name> <description>Joncourt 02420 Joncourt</description> <horaires>Du Lundi au Vendredi 13h30-18h30</horaires> <type>PARTIC</type> <barriere>Inconnu</barriere> <compteOuvert>Inconnu</compteOuvert> <carte>Inconnu</carte> <blacklist>false</blacklist> <Point> <coordinates>3.290591,49.955491,0</coordinates> </Point> </Placemark> <Placemark> <id>32</id> <name>Decheterie Lizy</name> <description>route de Laon 02320 LIZY</description> <horaires>Lundi 14h/18h Mercredi 9h/12h 14h/18h Vendredi 9h/12h 14h/18h Samedi 9h/12h 14h/18h Dimanche 9h/12h</horaires> <type>PARTIC</type> <barriere>Inconnu</barriere> <compteOuvert>Inconnu</compteOuvert> <carte>Inconnu</carte> <blacklist>false</blacklist> <Point> <coordinates>3.490201,49.510138,0</coordinates> </Point> </Placemark> <Placemark> <id>33</id> <name>Decheterie Allemant</name> <description>Rd26 02320 Allemant</description> <horaires>Du Lundi au Vendredi 13h30-18h30</horaires> <type>PARTIC</type> <barriere>Inconnu</barriere> <compteOuvert>Inconnu</compteOuvert> <carte>Inconnu</carte> <blacklist>false</blacklist> <Point> <coordinates>3.44618,49.46405,0</coordinates> </Point> </Placemark> <Placemark> <id>34</id> <name>Decheterie Vermand</name> <description>Route de Marteville 02490 Vermand</description> <horaires>Hiver 01/11-31/03 : Lundi, Mardi, Jeudi, Samedi: 9h-12h/13h30-16h30 | Mercredi: 13h-16h | Vendredi: 9h-12h/13h-17h | Eté 01/04-31/10 : Lundi, Mardi, Jeudi, Vendredi, Samedi: 8h-12h/13h30-18h30 | Mercredi: 9h-12h/14h-19h</horaires> <type>PARTIC</type> <barriere>Inconnu</barriere> <compteOuvert>Inconnu</compteOuvert> <carte>Inconnu</carte> <blacklist>false</blacklist> <Point> <coordinates>3.161947,49.875172,0</coordinates> </Point> </Placemark> <Placemark> <id>35</id> <name>Decheterie Clastres</name> <description>Rue de la Clé des Champs 02440 Clastres</description> <horaires>Du Lundi au Vendredi 13h30-18h30</horaires> <type>PARTIC</type> <barriere>Inconnu</barriere> <compteOuvert>Inconnu</compteOuvert> <carte>Inconnu</carte> <blacklist>false</blacklist> <Point> <coordinates>3.223773,49.756528,0</coordinates> </Point> </Placemark> <Placemark> <id>36</id> <name>Decheterie Chauny</name> <description>Chemin d'Embloi 02300 Chauny</description> <horaires>Du Lundi au Vendredi 13h30-18h30</horaires> <type>PARTIC</type> <barriere>Inconnu</barriere> <compteOuvert>Inconnu</compteOuvert> <carte>Inconnu</carte> <blacklist>false</blacklist> <Point> <coordinates>3.241475,49.619592,0</coordinates> </Point> </Placemark> <Placemark> <id>37</id> <name>Decheterie Château-Thierry</name> <description>17 Centre d'Activités de la Moiserie 02400 Château-Thierry</description> <horaires>Du Lundi au Vendredi 13h30-18h30</horaires> <type>PARTIC</type> <barriere>Inconnu</barriere> <compteOuvert>Inconnu</compteOuvert> <carte>Inconnu</carte> <blacklist>false</blacklist> <Point> <coordinates>3.393112,49.063857,0</coordinates> </Point> </Placemark> <Placemark> <id>38</id> <name>Decheterie Bourg-et-Comin</name> <description>rue Vailly 02160 BOURG ET COMIN</description> <horaires>mercredi de 14h à 18h samedi de 09h à 13h et de 14h à 18h dimanche de 09h à 12h</horaires> <type>PARTIC</type> <barriere>Inconnu</barriere> <compteOuvert>Inconnu</compteOuvert> <carte>Inconnu</carte> <blacklist>false</blacklist> <Point> <coordinates>3.645644,49.398352,0</coordinates> </Point> </Placemark> <Placemark> <id>39</id> <name>Decheterie Crécy-sur-Serre</name> <description>Rue des Mines 59171 ERRE</description> <horaires>Heures d'ouverture : Eté (01/03 au 28/02) : Lundi au samedi : 9 h-12h / 13h-19h dimanche: 9h-12h Hiver (01/11 au 28/02) : Lundi au samedi : 9 h-12h / 13h-17h dimanche: 9h-12h</horaires> <type>PARTIC</type> <barriere>Inconnu</barriere> <compteOuvert>Inconnu</compteOuvert> <carte>Inconnu</carte> <blacklist>false</blacklist> <Point> <coordinates>3.620189,49.690367,0</coordinates> </Point> </Placemark> <Placemark> <id>40</id> <name>Decheterie Vervins</name> <description>Rue Enguerrand de Coucy 02140 Vervins</description> <horaires>Hiver 01/11-31/03 : Lundi: 13h30-17h | Mardi, Mercredi, Vendredi, Samedi: 9h-12h/13h30-17h | Eté 01/04-30/10 : Lundi, Mardi, Mercredi, Vendredi, Samedi: 9h-12h/13h30-18h</horaires> <type>PARTIC</type> <barriere>Inconnu</barriere> <compteOuvert>Inconnu</compteOuvert> <carte>Inconnu</carte> <blacklist>false</blacklist> <Point> <coordinates>3.887917,49.827976,0</coordinates> </Point> </Placemark> <Placemark> <id>41</id> <name>Decheterie Bar-sur-Seine</name> <description>Route de la Borde 10110 Bar-sur-Seine</description> <horaires>Du Lundi au Vendredi 13h30-18h30</horaires> <type>PARTIC</type> <barriere>Inconnu</barriere> <compteOuvert>Inconnu</compteOuvert> <carte>Inconnu</carte> <blacklist>false</blacklist> <Point> <coordinates>4.393106,48.131596,0</coordinates> </Point> </Placemark> <Placemark> <id>42</id> <name>Decheterie Bucey-en-Othe</name> <description>Route de Bucey 10190 Bucey-en-Othe</description> <horaires>Du Lundi au Vendredi 13h30-18h30</horaires> <type>PARTIC</type> <barriere>Inconnu</barriere> <compteOuvert>Inconnu</compteOuvert> <carte>Inconnu</carte> <blacklist>false</blacklist> <Point> <coordinates>3.835127,48.266596,0</coordinates> </Point> </Placemark> <Placemark> <id>43</id> <name>Decheterie Buxeuil</name> <description>Route de Saint Rémy 37160 BUXEUIL</description> <horaires></horaires> <type>PARTIC</type> <barriere>Inconnu</barriere> <compteOuvert>Inconnu</compteOuvert> <carte>Inconnu</carte> <blacklist>false</blacklist> <Point> <coordinates>4.399978,48.0466,0</coordinates> </Point> </Placemark> <Placemark> <id>44</id> <name>Decheterie Fontaine-les-Grès</name> <description>FONTAINE-LES-GRES 10280 Fontaine-les-Grès</description> <horaires>Du Lundi au Vendredi 13h30-18h30</horaires> <type>PARTIC</type> <barriere>Inconnu</barriere> <compteOuvert>Inconnu</compteOuvert> <carte>Inconnu</carte> <blacklist>false</blacklist> <Point> <coordinates>3.911834,48.427863,0</coordinates> </Point> </Placemark> <Placemark> <id>45</id> <name>Decheterie Lusigny-sur-Barse</name> <description>50 Avenue du Maréchal Foch 10270 Lusigny-sur-Barse</description> <horaires>Du Lundi au Vendredi 13h30-18h30</horaires> <type>PARTIC</type> <barriere>Inconnu</barriere> <compteOuvert>Inconnu</compteOuvert> <carte>Inconnu</carte> <blacklist>false</blacklist> <Point> <coordinates>4.265125,48.264943,0</coordinates> </Point> </Placemark> <Placemark> <id>46</id> <name>Decheterie Marigny-le-Châtel</name> <description>Rue Gambetta 10350 Marigny-le-Châtel</description> <horaires>Du Lundi au Vendredi 13h30-18h30</horaires> <type>PARTIC</type> <barriere>Inconnu</barriere> <compteOuvert>Inconnu</compteOuvert> <carte>Inconnu</carte> <blacklist>false</blacklist> <Point> <coordinates>3.727751,48.408177,0</coordinates> </Point> </Placemark> <Placemark> <id>47</id> <name>Decheterie Mussy-sur-Seine</name> <description>Rn 71 10250 Mussy-sur-Seine</description> <horaires>Du Lundi au Vendredi 13h30-18h30</horaires> <type>PARTIC</type> <barriere>Inconnu</barriere> <compteOuvert>Inconnu</compteOuvert> <carte>Inconnu</carte> <blacklist>false</blacklist> <Point> <coordinates>4.486635,47.984609,0</coordinates> </Point> </Placemark> <Placemark> <id>48</id> <name>Decheterie Nogent-sur-Seine</name> <description>Chemin de l'Orgère 52800 NOGENT</description> <horaires>Lundi, Mercredi, Jeudi, Vendredi, Samedi, Dimanche Du 01/11 au 28/02 : lundi,mercredi, jeudi : 10h-12h/15h-17h vendredi : 10h-12h/14h-17h , samedi : 9h-13h/14h-17h dimanche : 9h-12h Du 01/03 au 31/10 :lundi, mercredi, jeudi, vendredi : 9h-12h/14h-18h samedi : 9h-13h/14h-18h, dimanche : 9h-12h</horaires> <type>PARTIC</type> <barriere>Inconnu</barriere> <compteOuvert>Inconnu</compteOuvert> <carte>Inconnu</carte> <blacklist>false</blacklist> <Point> <coordinates>3.488241,48.485067,0</coordinates> </Point> </Placemark> <Placemark> <id>49</id> <name>Decheterie Saint-Julien-les-Villas</name> <description>Route de la Verdière 83560 SAINT-JULIEN</description> <horaires>Lundi, Mardi, Mercredi, Jeudi, Vendredi, Samedi : été : 13h30 - 18h00 hiver : 13h30-17h30</horaires> <type>PARTIC</type> <barriere>Inconnu</barriere> <compteOuvert>Inconnu</compteOuvert> <carte>Inconnu</carte> <blacklist>false</blacklist> <Point> <coordinates>4.111324,48.269955,0</coordinates> </Point> </Placemark> <Placemark> <id>50</id> <name>Decheterie La Chapelle-Saint-Luc</name> <description>Route de Montgueux 10600 La Chapelle-Saint-Luc</description> <horaires>Du Lundi au Vendredi 13h30-18h30</horaires> <type>PARTIC</type> <barriere>Inconnu</barriere> <compteOuvert>Inconnu</compteOuvert> <carte>Inconnu</carte> <blacklist>false</blacklist> <Point> <coordinates>4.020946,48.307803,0</coordinates> </Point> </Placemark> <Placemark> <id>51</id> <name>Decheterie Arcis-sur-Aube</name> <description>Petite Route d'Ormes 10700 Arcis-sur-Aube</description> <horaires>Du Lundi au Vendredi 13h30-18h30</horaires> <type>PARTIC</type> <barriere>Inconnu</barriere> <compteOuvert>Inconnu</compteOuvert> <carte>Inconnu</carte> <blacklist>false</blacklist> <Point> <coordinates>4.133168,48.542947,0</coordinates> </Point> </Placemark> <Placemark> <id>52</id> <name>Decheterie Lagesse</name> <description>RD 203 direction Cheslay 10210 LAGESSE</description> <horaires>Lundi, mardi, mercredi, jeudi (sauf jours feries) : - de 13h30 à 17h00 du 1er Octobre au 31 Mars - de 13h30 à 19h du 1er Avril au 30 SeptembreLe samedi : - de 9h00 à midi et de 13h30 à 17h00 du 1er Octobre au 31 Mars de 13h30 à 19h de 1er Avril au 30 Septembre.</horaires> <type>PARTIC</type> <barriere>Inconnu</barriere> <compteOuvert>Inconnu</compteOuvert> <carte>Inconnu</carte> <blacklist>false</blacklist> <Point> <coordinates>4.133378,48.002801,0</coordinates> </Point> </Placemark> <Placemark> <id>53</id> <name>Decheterie Bar-sur-Aube</name> <description>les Grottieres 10200 Bar-sur-Aube</description> <horaires>Du Lundi au Vendredi 13h30-18h30</horaires> <type>PARTIC</type> <barriere>Inconnu</barriere> <compteOuvert>Inconnu</compteOuvert> <carte>Inconnu</carte> <blacklist>false</blacklist> <Point> <coordinates>4.731992,48.222069,0</coordinates> </Point> </Placemark> <Placemark> <id>54</id> <name>Decheterie Mailly-le-Camp</name> <description>Route de Villiers Herbisse 10230 Mailly-le-Camp</description> <horaires>Du Lundi au Vendredi 13h30-18h30</horaires> <type>PARTIC</type> <barriere>Inconnu</barriere> <compteOuvert>Inconnu</compteOuvert> <carte>Inconnu</carte> <blacklist>false</blacklist> <Point> <coordinates>4.184612,48.665673,0</coordinates> </Point> </Placemark> <Placemark> <id>55</id> <name>Decheterie Plancy-l'Abbaye</name> <description>1 route Champfleury 10380 PLANCY L'ABBAYE</description> <horaires></horaires> <type>PARTIC</type> <barriere>Inconnu</barriere> <compteOuvert>Inconnu</compteOuvert> <carte>Inconnu</carte> <blacklist>false</blacklist> <Point> <coordinates>3.973828,48.573897,0</coordinates> </Point> </Placemark> <Placemark> <id>56</id> <name>Decheterie Vendeuvre-sur-Barse</name> <description>Rue du Moulin 10140 Vendeuvre-sur-Barse</description> <horaires>Hiver (du 01/10 au 31/03) : Lundi et Mercredi : 14h-17h | Mardi et Jeudi : 9h-12h | Samedi : 9h-12h et 14h-17h | Eté (du 01/04 au 30/09) : Lundi et Mercredi : 15h-18h | Mardi et Jeudi : 9h-12h | Samedi : 9h-12h et 15h-18h</horaires> <type>PARTIC</type> <barriere>Inconnu</barriere> <compteOuvert>Inconnu</compteOuvert> <carte>Inconnu</carte> <blacklist>false</blacklist> <Point> <coordinates>4.448843,48.238723,0</coordinates> </Point> </Placemark> <Placemark> <id>57</id> <name>Decheterie Marcilly-le-Hayer</name> <description>Chemin de Basson à Avon 10290 Marcilly-le-Hayer</description> <horaires>Du Lundi au Vendredi 13h30-18h30</horaires> <type>PARTIC</type> <barriere>Inconnu</barriere> <compteOuvert>Inconnu</compteOuvert> <carte>Inconnu</carte> <blacklist>false</blacklist> <Point> <coordinates>3.65441,48.35401,0</coordinates> </Point> </Placemark> <Placemark> <id>58</id> <name>Decheterie Saint-Mesmin</name> <description>rue de l'alsace 10280 SAINT MESMIN</description> <horaires>Le lundi de 14h00 à 18h30 Du mardi au vendredi de 10h00 à 12h00 et de 14h00 à 18h30 Le samedi de 9h00 à 12h00 et de 14h00 à 18h30 Le dimanche de 9h00 à 13h00 Fermeture les jours fériés</horaires> <type>PARTIC</type> <barriere>Inconnu</barriere> <compteOuvert>Inconnu</compteOuvert> <carte>Inconnu</carte> <blacklist>false</blacklist> <Point> <coordinates>3.929012,48.446463,0</coordinates> </Point> </Placemark> <Placemark> <id>59</id> <name>Decheterie Pont-Sainte-Marie</name> <description>Chemin de la Tille 21130 PONT</description> <horaires>Horaire d'ete (01/04 au 30/09) Horaire d'hiver (01/10 au 31/03) fermeture à 16H45 : MARDI 8h30-11h45 MERCREDI 14h-17h45 JEUDI 14h-17h45 VENDREDI 8h30-11h45 SAMEDI 8h30-11h45.</horaires> <type>PARTIC</type> <barriere>Inconnu</barriere> <compteOuvert>Inconnu</compteOuvert> <carte>Inconnu</carte> <blacklist>false</blacklist> <Point> <coordinates>4.086946,48.318223,0</coordinates> </Point> </Placemark> <Placemark> <id>60</id> <name>Decheterie Nogent-sur-Aube</name> <description>Chemin de l'Orgère 52800 NOGENT</description> <horaires>Lundi, Mercredi, Jeudi, Vendredi, Samedi, Dimanche Du 01/11 au 28/02 : lundi,mercredi, jeudi : 10h-12h/15h-17h vendredi : 10h-12h/14h-17h , samedi : 9h-13h/14h-17h dimanche : 9h-12h Du 01/03 au 31/10 :lundi, mercredi, jeudi, vendredi : 9h-12h/14h-18h samedi : 9h-13h/14h-18h, dimanche : 9h-12h</horaires> <type>PARTIC</type> <barriere>Inconnu</barriere> <compteOuvert>Inconnu</compteOuvert> <carte>Inconnu</carte> <blacklist>false</blacklist> <Point> <coordinates>4.32622,48.483829,0</coordinates> </Point> </Placemark> <Placemark> <id>61</id> <name>Decheterie Essoyes</name> <description>RD 79 10360 Essoyes</description> <horaires>Du Lundi au Vendredi 13h30-18h30</horaires> <type>PARTIC</type> <barriere>Inconnu</barriere> <compteOuvert>Inconnu</compteOuvert> <carte>Inconnu</carte> <blacklist>false</blacklist> <Point> <coordinates>4.545258,48.080771,0</coordinates> </Point> </Placemark> <Placemark> <id>62</id> <name>Decheterie Aix-en-Othe</name> <description>chemin Vallée du Four 10160 AIX EN OTHE</description> <horaires>- Eté : du 1er avril au 30 septembre : de 8 h 30 à 12 h et de 14 h à 18 h - Hiver : du 1er octobre au 31 mars : de 8 h 30 à 12 h et de 13 h 30 à 17 h</horaires> <type>PARTIC</type> <barriere>Inconnu</barriere> <compteOuvert>Inconnu</compteOuvert> <carte>Inconnu</carte> <blacklist>false</blacklist> <Point> <coordinates>3.763199,48.206698,0</coordinates> </Point> </Placemark> <Placemark> <id>63</id> <name>Decheterie Pont-sur-Seine</name> <description>Chemin de la Tille 21130 PONT</description> <horaires>Horaire d'ete (01/04 au 30/09) Horaire d'hiver (01/10 au 31/03) fermeture à 16H45 : MARDI 8h30-11h45 MERCREDI 14h-17h45 JEUDI 14h-17h45 VENDREDI 8h30-11h45 SAMEDI 8h30-11h45.</horaires> <type>PARTIC</type> <barriere>Inconnu</barriere> <compteOuvert>Inconnu</compteOuvert> <carte>Inconnu</carte> <blacklist>false</blacklist> <Point> <coordinates>3.594708,48.527146,0</coordinates> </Point> </Placemark> <Placemark> <id>64</id> <name>Decheterie Brienne-le-Château</name> <description>ZA La Grande Garenne 16590 Brie</description> <horaires>Du lundi au samedi de 9h à 12h et de 14h à 18h</horaires> <type>PARTIC</type> <barriere>Inconnu</barriere> <compteOuvert>Inconnu</compteOuvert> <carte>Inconnu</carte> <blacklist>false</blacklist> <Point> <coordinates>4.532064,48.406553,0</coordinates> </Point> </Placemark> <Placemark> <id>65</id> <name>Decheterie Saint-Lyé</name> <description>23 Route de Grange l'Evèque 10600 Saint-Lyé</description> <horaires>Du Lundi au Vendredi 13h30-18h30</horaires> <type>PARTIC</type> <barriere>Inconnu</barriere> <compteOuvert>Inconnu</compteOuvert> <carte>Inconnu</carte> <blacklist>false</blacklist> <Point> <coordinates>3.988852,48.349516,0</coordinates> </Point> </Placemark> <Placemark> <id>66</id> <name>Decheterie Vauchassis</name> <description>Rue Gaston Landes 32000 Auch</description> <horaires>Lundi, Mardi, Mercredi, Jeudi, Vendredi, Samedi, Dimanche Hiver 1/10-31/03 9-12h/13h30-17h Eté 1/04-30/09 9-12h/13h30-18h</horaires> <type>PARTIC</type> <barriere>Inconnu</barriere> <compteOuvert>Inconnu</compteOuvert> <carte>Inconnu</carte> <blacklist>false</blacklist> <Point> <coordinates>3.930377,48.228899,0</coordinates> </Point> </Placemark> <Placemark> <id>67</id> <name>Decheterie Piney</name> <description>Route d'Onjon 10220 Piney</description> <horaires>Du Lundi au Vendredi 13h30-18h30</horaires> <type>PARTIC</type> <barriere>Inconnu</barriere> <compteOuvert>Inconnu</compteOuvert> <carte>Inconnu</carte> <blacklist>false</blacklist> <Point> <coordinates>4.315571,48.367404,0</coordinates> </Point> </Placemark> <Placemark> <id>68</id> <name>Decheterie Ervy-le-Châtel</name> <description>Avenue de la gare 10130 Ervy le Châtel</description> <horaires>Horaires d'été (du 1er avril au 30 septembre) Lundi 14h00 à 16h00 Mercredi 14h00 à 16h00 Jeudi 09h00 à 11h00 Samedi 09h00 à 12h00 et de 14h00 à 18h00 Horaires d'hiver (du 1er octobre au 31 mars) Lundi 14h15 à 16h00 Mercredi 14h15 à 16h00 Jeudi 09h00 à 11h00 Samedi 10h00 à 12h00 et de 14h00 à 16h30 Horaires déchèterie Artisans Jours Horaires d'été (du 1er avril au 30 septembre) Lundi 16h00 à 18h00 Mercredi 16h00 à 18h00 Jeudi 11h00 à 12h00 Horaires d'hiver (du 1er octobre au 31 mars) Lundi 16h00 à 18h00 Mercredi 16h00 à 18h00 Jeudi 11h00 à 12h00</horaires> <type>PARTIC</type> <barriere>Inconnu</barriere> <compteOuvert>Inconnu</compteOuvert> <carte>Inconnu</carte> <blacklist>false</blacklist> <Point> <coordinates>3.924076,48.050381,0</coordinates> </Point> </Placemark> <Placemark> <id>69</id> <name>Decheterie Romilly-sur-Seine</name> <description>49 rue Milford Haven 10100 ROMILLY SUR SEINE</description> <horaires>LUNDI 9h à 12h / 14h30 à 18h MARDI 14h30 à 18h MERCREDI 9h à 12h / 14h30 à 18h JEUDI 14h30 à 18h VENDREDI 9h à 12h / 14h30 à 18h SAMEDI 9h à 18h DIMANCHE 9h à 12h30</horaires> <type>PARTIC</type> <barriere>Inconnu</barriere> <compteOuvert>Inconnu</compteOuvert> <carte>Inconnu</carte> <blacklist>false</blacklist> <Point> <coordinates>3.719438,48.504731,0</coordinates> </Point> </Placemark> <Placemark> <id>70</id> <name>Decheterie Sainte-Savine</name> <description>4 rue Konrad Adenauer 10300 SAINTE SAVINE</description> <horaires>Octobre à mars : Lundi 9H-12H/14H-17H30 Mardi 9H-12H/14H-17H30 Mercredi 9H-12H/14H-17H30 Jeudi 9H-12H/14H-17H30 Vendredi FERME Samedi 9H-12H/14H-17H30 Dimanche 10H-12H30 Avril à septembre : Lundi 9H-12H/15H-19H Mardi 9H-12H/15H-19H Mercredi 9H-12H/15H-19H Jeudi 9H-12H/15H-19H Vendredi FERME Samedi 9H-19H Dimanche 10H-12H30</horaires> <type>PARTIC</type> <barriere>Inconnu</barriere> <compteOuvert>Inconnu</compteOuvert> <carte>Inconnu</carte> <blacklist>false</blacklist> <Point> <coordinates>4.01742,48.293822,0</coordinates> </Point> </Placemark> <Placemark> <id>71</id> <name>Decheterie Méry-sur-Seine</name> <description>Rue Motte 10170 Méry-sur-Seine</description> <horaires>Du Lundi au Vendredi 13h30-18h30</horaires> <type>PARTIC</type> <barriere>Inconnu</barriere> <compteOuvert>Inconnu</compteOuvert> <carte>Inconnu</carte> <blacklist>false</blacklist> <Point> <coordinates>3.904659,48.516043,0</coordinates> </Point> </Placemark> <Placemark> <id>72</id> <name>Decheterie Trainel</name> <description>rue MAUCOURANTS 10400 TRAINEL</description> <horaires>Mardi 8h30-12h00 et 13h30-18h00 Vendredi 13h30 - 18h00 Samedi 8h30-12h00</horaires> <type>PARTIC</type> <barriere>Inconnu</barriere> <compteOuvert>Inconnu</compteOuvert> <carte>Inconnu</carte> <blacklist>false</blacklist> <Point> <coordinates>3.439411,48.409739,0</coordinates> </Point> </Placemark> <Placemark> <id>73</id> <name>Decheterie Baron-sur-Odon</name> <description>Route Départementale 8 14210 Baron-sur-Odon</description> <horaires>Du Lundi au Vendredi 13h30-18h30</horaires> <type>PARTIC</type> <barriere>Inconnu</barriere> <compteOuvert>Inconnu</compteOuvert> <carte>Inconnu</carte> <blacklist>false</blacklist> <Point> <coordinates>-0.472948,49.120176,0</coordinates> </Point> </Placemark> <Placemark> <id>74</id> <name>Decheterie Colombelles</name> <description>Rue Jean Monnet 14460 COLOMBELLES</description> <horaires>lundi au vendredi de 9h à 12h et de 14h à 18h le samedi en journée continue de 9h à 18h.</horaires> <type>PARTIC</type> <barriere>Inconnu</barriere> <compteOuvert>Inconnu</compteOuvert> <carte>Inconnu</carte> <blacklist>false</blacklist> <Point> <coordinates>-0.294416,49.192491,0</coordinates> </Point> </Placemark> <Placemark> <id>75</id> <name>Decheterie Condé-sur-Noireau</name> <description>Rue Guillaume le Conquérant 14110 Condé-sur-Noireau</description> <horaires>lun, ven : 9 à 12 h et 14 à 18 h mar, mer, jeu : 14 à 18 h sam : 9 à 18 h</horaires> <type>PARTIC</type> <barriere>Inconnu</barriere> <compteOuvert>Inconnu</compteOuvert> <carte>Inconnu</carte> <blacklist>false</blacklist> <Point> <coordinates>-0.571227,48.854557,0</coordinates> </Point> </Placemark> <Placemark> <id>76</id> <name>Decheterie Grandcamp-Maisy</name> <description>Parc d'Activités 14450 Grandcamp-Maisy</description> <horaires>Du Lundi au Vendredi 13h30-18h30</horaires> <type>PARTIC</type> <barriere>Inconnu</barriere> <compteOuvert>Inconnu</compteOuvert> <carte>Inconnu</carte> <blacklist>false</blacklist> <Point> <coordinates>-1.056204,49.376154,0</coordinates> </Point> </Placemark> <Placemark> <id>77</id> <name>Decheterie Hermanville-sur-Mer</name> <description>Route de lion sur mer 14880 Hermanville-sur-Mer</description> <horaires>Du lundi au vendredi de 9h à 12h et de 14 à 18h Le samedi de 9h à 18h</horaires> <type>PARTIC</type> <barriere>Inconnu</barriere> <compteOuvert>Inconnu</compteOuvert> <carte>Inconnu</carte> <blacklist>false</blacklist> <Point> <coordinates>-0.329008,49.284787,0</coordinates> </Point> </Placemark> <Placemark> <id>78</id> <name>Decheterie La Rivière-Saint-Sauveur</name> <description>Chemin des Garennes 30610 SAUVE</description> <horaires>hiver lundi jeudi : 9h 12h et 14h 17h 30 vendredi 14h 17h30 samedi 9h 12h 14h 17h30 été lundi au jeudi, samedi : 9h 12h et 14h30 18h vendredi : 14h30 18h</horaires> <type>PARTIC</type> <barriere>Inconnu</barriere> <compteOuvert>Inconnu</compteOuvert> <carte>Inconnu</carte> <blacklist>false</blacklist> <Point> <coordinates>0.261871,49.41233,0</coordinates> </Point> </Placemark> <Placemark> <id>79</id> <name>Decheterie Le Tourneur</name> <description>Monthardrou 14350 Le Tourneur</description> <horaires>lu 10hà11h45</horaires> <type>PARTIC</type> <barriere>Inconnu</barriere> <compteOuvert>Inconnu</compteOuvert> <carte>Inconnu</carte> <blacklist>false</blacklist> <Point> <coordinates>-0.828254,48.944398,0</coordinates> </Point> </Placemark> <Placemark> <id>80</id> <name>Decheterie Luc-sur-Mer</name> <description>ZA les Delettes 14530 Luc-sur-Mer</description> <horaires>Du 1er octobre au 31 mars Lundi, mercredi et jeudi : 9h00-12h00 et 13h00-17h00 Samedi : 9h00-18h00 Du 1er avril au 30 septembre Lundi, mercredi et jeudi : 9h00-12h00 et 14h00-18h00 Samedi : 9h00-18h00</horaires> <type>PARTIC</type> <barriere>Inconnu</barriere> <compteOuvert>Inconnu</compteOuvert> <carte>Inconnu</carte> <blacklist>false</blacklist> <Point> <coordinates>-0.366588,49.304135,0</coordinates> </Point> </Placemark> <Placemark> <id>81</id> <name>Decheterie Mézidon-Canon</name> <description>Route Départementale 88 14270 Mézidon-Canon</description> <horaires>Du Lundi au Vendredi 13h30-18h30</horaires> <type>PARTIC</type> <barriere>Inconnu</barriere> <compteOuvert>Inconnu</compteOuvert> <carte>Inconnu</carte> <blacklist>false</blacklist> <Point> <coordinates>-0.079923,49.071556,0</coordinates> </Point> </Placemark> <Placemark> <id>82</id> <name>Decheterie Mouen</name> <description>30 rue verte 14790 Mouen</description> <horaires>Horaires d'hiver (du 1er novembre au 30 avril): lundi: 10h-12h et 14h-17h mercredi et vendredi: 14h-17h samedi: 9h-12h et 14h-17h Horaires d'été (du 1er mai au 31 octobre): lundi:10h-12h et 13h30-17h30 mercredi: 13h30-17h30 vendredi:13h30-18h samedi: 9h-12h et 13h30-18h</horaires> <type>PARTIC</type> <barriere>Inconnu</barriere> <compteOuvert>Inconnu</compteOuvert> <carte>Inconnu</carte> <blacklist>false</blacklist> <Point> <coordinates>-0.479865,49.154568,0</coordinates> </Point> </Placemark> <Placemark> <id>83</id> <name>Decheterie Noron-l'Abbaye</name> <description>LES FIEFFES 14700 Noron-l'Abbaye</description> <horaires>Lundi, mercredi et jeudi : de 14 h à 18 h Vendredi et samedi : de 9 h à 12 h et de 13 h 30 à 18 h 30</horaires> <type>PARTIC</type> <barriere>Inconnu</barriere> <compteOuvert>Inconnu</compteOuvert> <carte>Inconnu</carte> <blacklist>false</blacklist> <Point> <coordinates>-0.228574,48.897027,0</coordinates> </Point> </Placemark> <Placemark> <id>84</id> <name>Decheterie Pont-l'Évêque</name> <description>Chemin de la Tille 21130 PONT</description> <horaires>Horaire d'ete (01/04 au 30/09) Horaire d'hiver (01/10 au 31/03) fermeture à 16H45 : MARDI 8h30-11h45 MERCREDI 14h-17h45 JEUDI 14h-17h45 VENDREDI 8h30-11h45 SAMEDI 8h30-11h45.</horaires> <type>PARTIC</type> <barriere>Inconnu</barriere> <compteOuvert>Inconnu</compteOuvert> <carte>Inconnu</carte> <blacklist>false</blacklist> <Point> <coordinates>0.199523,49.28409,0</coordinates> </Point> </Placemark> <Placemark> <id>85</id> <name>Decheterie Sainte-Honorine-du-Fay</name> <description>D36 - 5127, la Jalousie 14210 Sainte-Honorine-du-Fay</description> <horaires>Horaires d'été : du 01/04 au 31/10 Lundi : 14h30-18h00 Mercredi : 14h30-18h00 Vendredi : 14h30-18h00 Samedi : 10h00- 12h00 et 14h30-18h00 Horaires d'hiver : du 01/11 au 30/3 Mercredi : 14h00-16h30 Vendredi : 14h00-16h30 Samedi : 10h00- 12h00 et 14h30-16h30</horaires> <type>PARTIC</type> <barriere>Inconnu</barriere> <compteOuvert>Inconnu</compteOuvert> <carte>Inconnu</carte> <blacklist>false</blacklist> <Point> <coordinates>-0.512695,49.064227,0</coordinates> </Point> </Placemark> <Placemark> <id>86</id> <name>Decheterie Vendeuvre</name> <description>Vendeuvre 14170 Vendeuvre</description> <horaires></horaires> <type>PARTIC</type> <barriere>Inconnu</barriere> <compteOuvert>Inconnu</compteOuvert> <carte>Inconnu</carte> <blacklist>false</blacklist> <Point> <coordinates>-0.075152,49.035083,0</coordinates> </Point> </Placemark> <Placemark> <id>87</id> <name>Decheterie Écrammeville</name> <description>Rd 124 - les Cotils 14710 Écrammeville</description> <horaires>Hiver : du 1/10 au 31/3 | lu, me : 14hà17h | sa : 9hà12h et 14hà17h | Eté : du 01/04 au 30/09 | lu, me : 14hà18h | sa : 9hà12h et 14hà18h</horaires> <type>PARTIC</type> <barriere>Inconnu</barriere> <compteOuvert>Inconnu</compteOuvert> <carte>Inconnu</carte> <blacklist>false</blacklist> <Point> <coordinates>-0.932963,49.314688,0</coordinates> </Point> </Placemark> <Placemark> <id>88</id> <name>Decheterie Esquay-sur-Seulles</name> <description>SEA CSD d'Esquay sur Seulles 14400 Esquay-sur-Seulles</description> <horaires>HIVER : Lun, mar, jeu, ven : 14 h à 17 h Mer, Sam : 9 h à 12 h et 14 h à 17 h ETE : Lun, mar, jeu, ven : 14 h à 18 h Mer, Sam : 9 h à 12 h et 14 h à 18 h</horaires> <type>PARTIC</type> <barriere>Inconnu</barriere> <compteOuvert>Inconnu</compteOuvert> <carte>Inconnu</carte> <blacklist>false</blacklist> <Point> <coordinates>-0.638908,49.27229,0</coordinates> </Point> </Placemark> <Placemark> <id>89</id> <name>Decheterie Le Mesnil-Villement</name> <description>le Bourg 14690 Le Mesnil-Villement</description> <horaires>Du 1er novembre au 31 mars : Lundi, mercredi et samedi : 9h-12h et 13h30-17h Mardi, jeudi et vendredi : 13h30-17h Du 1er avril au 31 octobre : Lundi, mercredi et samedi : 9h-12h et 14h-18h Mardi, jeudi et vendredi : 14h-18h</horaires> <type>PARTIC</type> <barriere>Inconnu</barriere> <compteOuvert>Inconnu</compteOuvert> <carte>Inconnu</carte> <blacklist>false</blacklist> <Point> <coordinates>-0.375475,48.852492,0</coordinates> </Point> </Placemark> <Placemark> <id>90</id> <name>Decheterie Mesnil-Clinchamps</name> <description>14380 Mesnil-Clinchamps</description> <horaires>Du Lundi au Vendredi 13h30-18h30</horaires> <type>PARTIC</type> <barriere>Inconnu</barriere> <compteOuvert>Inconnu</compteOuvert> <carte>Inconnu</carte> <blacklist>false</blacklist> <Point> <coordinates>-0.989097,48.85458,0</coordinates> </Point> </Placemark> <Placemark> <id>91</id> <name>Decheterie Moult</name> <description>Rd 40 14370 Moult</description> <horaires>Du Lundi au Vendredi 13h30-18h30</horaires> <type>PARTIC</type> <barriere>Inconnu</barriere> <compteOuvert>Inconnu</compteOuvert> <carte>Inconnu</carte> <blacklist>false</blacklist> <Point> <coordinates>-0.192043,49.116094,0</coordinates> </Point> </Placemark> <Placemark> <id>92</id> <name>Decheterie Creully</name> <description>14480 Creully</description> <horaires>Non connues</horaires> <type>PARTIC</type> <barriere>Inconnu</barriere> <compteOuvert>Inconnu</compteOuvert> <carte>Inconnu</carte> <blacklist>false</blacklist> <Point> <coordinates>-0.549941,49.274124,0</coordinates> </Point> </Placemark> <Placemark> <id>93</id> <name>Decheterie Cauvicourt</name> <description>les aucrais 14190 CAUVICOURT</description> <horaires>Non renseignées</horaires> <type>PARTIC</type> <barriere>Inconnu</barriere> <compteOuvert>Inconnu</compteOuvert> <carte>Inconnu</carte> <blacklist>false</blacklist> <Point> <coordinates>-0.287339,49.038616,0</coordinates> </Point> </Placemark> <Placemark> <id>94</id> <name>Decheterie Fontenay-le-Pesnel</name> <description>5 Route de Cristot 14250 Fontenay-le-Pesnel</description> <horaires>Du Lundi au Vendredi 13h30-18h30</horaires> <type>PARTIC</type> <barriere>Inconnu</barriere> <compteOuvert>Inconnu</compteOuvert> <carte>Inconnu</carte> <blacklist>false</blacklist> <Point> <coordinates>-0.582121,49.174227,0</coordinates> </Point> </Placemark> <Placemark> <id>95</id> <name>Decheterie Bréville-les-Monts</name> <description>14860 Bréville-les-Monts</description> <horaires>Octobre à mars : Lundi , mercredi, vendredi et samedi de 13h30 à 17h Mercredi et samedi de 10 h à 12 h Avril à septembre : Lundi , mercredi, vendredi et samedi de 13h30 à 18h30 Mercredi et samedi de 10 h à 12 h</horaires> <type>PARTIC</type> <barriere>Inconnu</barriere> <compteOuvert>Inconnu</compteOuvert> <carte>Inconnu</carte> <blacklist>false</blacklist> <Point> <coordinates>-0.22813,49.224514,0</coordinates> </Point> </Placemark> <Placemark> <id>96</id> <name>Decheterie Livry</name> <description>Livry 14240 Livry</description> <horaires>Du Lundi au Vendredi 13h30-18h30</horaires> <type>PARTIC</type> <barriere>Inconnu</barriere> <compteOuvert>Inconnu</compteOuvert> <carte>Inconnu</carte> <blacklist>false</blacklist> <Point> <coordinates>-0.766184,49.10288,0</coordinates> </Point> </Placemark> <Placemark> <id>97</id> <name>Decheterie Moyaux</name> <description>Moyaux 14590 Moyaux</description> <horaires>Du Lundi au Vendredi 13h30-18h30</horaires> <type>PARTIC</type> <barriere>Inconnu</barriere> <compteOuvert>Inconnu</compteOuvert> <carte>Inconnu</carte> <blacklist>false</blacklist> <Point> <coordinates>0.369548,49.19857,0</coordinates> </Point> </Placemark> <Placemark> <id>98</id> <name>Decheterie Bretteville-sur-Odon</name> <description>Rue de la Vallée 14760 Bretteville-sur-odon</description> <horaires>du lundi au vendredi : de 9h à 12h et de 14h à 18h le samedi : de 9h à 18h Le dimanche : de 9h à 12h La déchèterie est fermée les jours fériés.</horaires> <type>PARTIC</type> <barriere>Inconnu</barriere> <compteOuvert>Inconnu</compteOuvert> <carte>Inconnu</carte> <blacklist>false</blacklist> <Point> <coordinates>-0.413861,49.184736,0</coordinates> </Point> </Placemark> <Placemark> <id>99</id> <name>Decheterie Cambremer</name> <description>14340 Cambremer</description> <horaires></horaires> <type>PARTIC</type> <barriere>Inconnu</barriere> <compteOuvert>Inconnu</compteOuvert> <carte>Inconnu</carte> <blacklist>false</blacklist> <Point> <coordinates>0.04433,49.146061,0</coordinates> </Point> </Placemark> <Placemark> <id>100</id> <name>Decheterie Fleury-sur-Orne</name> <description>Rue des Carriers 14123 Fleury-sur-Orne</description> <horaires>Lundi, Mardi, Mercredi, Jeudi, Vendredi, Samedi</horaires> <type>PARTIC</type> <barriere>Inconnu</barriere> <compteOuvert>Inconnu</compteOuvert> <carte>Inconnu</carte> <blacklist>false</blacklist> <Point> <coordinates>-0.376555,49.142703,0</coordinates> </Point> </Placemark> <Placemark> <id>101</id> <name>Decheterie Merville-Franceville-Plage</name> <description>Rue Victorine Deroide 59660 Merville</description> <horaires>Eté (01/04 au 31/10): Lundi, mardi, mercredi, vendredi, samedi: 9h30-12h / 14h-18h30 Dimanche: 9h30-12h Hiver (01/11 au 31/03): Lundi, mardi, mercredi, vendredi, samedi: 9h30-12h / 14h-17h Dimanche: 9h30-12h</horaires> <type>PARTIC</type> <barriere>Inconnu</barriere> <compteOuvert>Inconnu</compteOuvert> <carte>Inconnu</carte> <blacklist>false</blacklist> <Point> <coordinates>-0.201604,49.277651,0</coordinates> </Point> </Placemark> <Placemark> <id>102</id> <name>Decheterie Orbec</name> <description>Route de Livarot 14290 Orbec</description> <horaires>lun,mer, ven, sam : 9 h 30 à 12 h 30 et 14 à 18 h mar : 9 h 30 à 12 h 30</horaires> <type>PARTIC</type> <barriere>Inconnu</barriere> <compteOuvert>Inconnu</compteOuvert> <carte>Inconnu</carte> <blacklist>false</blacklist> <Point> <coordinates>0.387457,49.017559,0</coordinates> </Point> </Placemark> <Placemark> <id>103</id> <name>Decheterie Pierres</name> <description>Rue des Mines 59171 ERRE</description> <horaires>Eté (01/03 au 28/02) : Lundi au samedi : 9 h-12h / 13h-19h dimanche: 9h-12h Hiver (01/11 au 28/02) : Lundi au samedi : 9 h-12h / 13h-17h dimanche: 9h-12h</horaires> <type>PARTIC</type> <barriere>Inconnu</barriere> <compteOuvert>Inconnu</compteOuvert> <carte>Inconnu</carte> <blacklist>false</blacklist> <Point> <coordinates>-0.736144,48.884101,0</coordinates> </Point> </Placemark> <Placemark> <id>104</id> <name>Decheterie Port-en-Bessin-Huppain</name> <description>Rue des albatros 14520 Port-en-Bessin-Huppain</description> <horaires>HIVER : Mar : 10 h à 12 h Ven : 10 h à 12 h et 14 h à 17 h Lun, mer, sam : 9 h à 12 h et 14 h à 17 h ETE : Mar : 10 h à 12 h Ven : 10 h à 12 h et 14 h à 18 h Lun, mer, sam : 9 h à 12 h et 14 h à 18 h</horaires> <type>PARTIC</type> <barriere>Inconnu</barriere> <compteOuvert>Inconnu</compteOuvert> <carte>Inconnu</carte> <blacklist>false</blacklist> <Point> <coordinates>-0.752092,49.340288,0</coordinates> </Point> </Placemark> <Placemark> <id>105</id> <name>Decheterie Courseulles-sur-Mer</name> <description>14470 Courseulles-sur-Mer</description> <horaires>DU 01/04 AU 30/09 Lundi, Mardi, Jeudi, Vendredi : 14h-18h Mercredi et Samedi 9h-12h et 14h-18h DU 01/10 AU 31/03 Lundi, Mardi, Jeudi, Vendredi : 14h-17h Mercredi et Samedi 9h-12h et 14h-17h</horaires> <type>PARTIC</type> <barriere>Inconnu</barriere> <compteOuvert>Inconnu</compteOuvert> <carte>Inconnu</carte> <blacklist>false</blacklist> <Point> <coordinates>-0.455717,49.319696,0</coordinates> </Point> </Placemark> <Placemark> <id>106</id> <name>Decheterie Le Molay-Littry</name> <description>Za Rue Denis Papin 14330 Le Molay-Littry</description> <horaires>Hiver : du 1/10 au 31/3 | lu, ve : 14hà17h | me, je, sa : 9hà12h et 14hà17h | Eté : du 01/04 au 30/09 | lu, ve : 14hà18h | me, je, sa : 9hà12h et 14hà18h</horaires> <type>PARTIC</type> <barriere>Inconnu</barriere> <compteOuvert>Inconnu</compteOuvert> <carte>Inconnu</carte> <blacklist>false</blacklist> <Point> <coordinates>-0.874503,49.227438,0</coordinates> </Point> </Placemark> <Placemark> <id>107</id> <name>Decheterie Périers-en-Auge</name> <description>Chemin départemental 27 14160 Périers-en-Auge</description> <horaires>- du 1er avril au 31 octobre : 8h30-11h45 et 13h30-17h45 (sauf samedi 16h45) - du 1er novembre au 31 mars : 8h30-11h45 et 13h30-16h45</horaires> <type>PARTIC</type> <barriere>Inconnu</barriere> <compteOuvert>Inconnu</compteOuvert> <carte>Inconnu</carte> <blacklist>false</blacklist> <Point> <coordinates>-0.099866,49.258942,0</coordinates> </Point> </Placemark> <Placemark> <id>108</id> <name>Decheterie Ouistreham</name> <description>ZA DU MARESQUIER 14150 Ouistreham</description> <horaires>du 1er octobre au 31 mars Lundi au samedi : 8h00-12h / 14h-17h du 1er avril au 30 septembre Lundi au samedi: 8h30-12h / 14h-17h20</horaires> <type>PARTIC</type> <barriere>Inconnu</barriere> <compteOuvert>Inconnu</compteOuvert> <carte>Inconnu</carte> <blacklist>false</blacklist> <Point> <coordinates>-0.262263,49.257798,0</coordinates> </Point> </Placemark> <Placemark> <id>109</id> <name>Decheterie Isigny-sur-Mer</name> <description>route de Littry 14230 Isigny-sur-Mer</description> <horaires>DU 01/04 AU 30/09 : Lundi, mardi, mercredi et vendredi : 14H/18H Samedi : 9H/12H et 14H/18H DU 01/10 AU 31/03 : Lundi, mardi, mercredi et vendredi : 14H/17H Samedi : 9H/12H et 14H/17H</horaires> <type>PARTIC</type> <barriere>Inconnu</barriere> <compteOuvert>Inconnu</compteOuvert> <carte>Inconnu</carte> <blacklist>false</blacklist> <Point> <coordinates>-1.093219,49.308139,0</coordinates> </Point> </Placemark> <Placemark> <id>110</id> <name>Decheterie Maisoncelles-Pelvey</name> <description>72440 MAISONCELLES</description> <horaires>Lundi, Mercredi, Vendredi, Samedi</horaires> <type>PARTIC</type> <barriere>Inconnu</barriere> <compteOuvert>Inconnu</compteOuvert> <carte>Inconnu</carte> <blacklist>false</blacklist> <Point> <coordinates>-0.667268,49.047258,0</coordinates> </Point> </Placemark> <Placemark> <id>111</id> <name>Decheterie Soulangy</name> <description>Lieu dit des 'Graverots' en direction de la chapelle st quillain 70700 GY</description> <horaires>lundi : 9h-12h/14h-17h mercredi : 14h-18h vendredi : 14h-17h samedi : 9h-12h/14h-18h</horaires> <type>PARTIC</type> <barriere>Inconnu</barriere> <compteOuvert>Inconnu</compteOuvert> <carte>Inconnu</carte> <blacklist>false</blacklist> <Point> <coordinates>-0.213395,48.947774,0</coordinates> </Point> </Placemark> <Placemark> <id>112</id> <name>Decheterie Touques</name> <description>14800 Touques</description> <horaires>Lundi, Mardi, Mercredi, Jeudi, Vendredi, Samedi</horaires> <type>PARTIC</type> <barriere>Inconnu</barriere> <compteOuvert>Inconnu</compteOuvert> <carte>Inconnu</carte> <blacklist>false</blacklist> <Point> <coordinates>0.09478,49.350132,0</coordinates> </Point> </Placemark> <Placemark> <id>113</id> <name>Decheterie Villers-sur-Mer</name> <description>RD 513 14640 Villers-sur-Mer</description> <horaires>Lundi, Mardi, Mercredi, Jeudi, Vendredi, Samedi</horaires> <type>PARTIC</type> <barriere>Inconnu</barriere> <compteOuvert>Inconnu</compteOuvert> <carte>Inconnu</carte> <blacklist>false</blacklist> <Point> <coordinates>-0.019392,49.308433,0</coordinates> </Point> </Placemark> <Placemark> <id>114</id> <name>Decheterie Vire</name> <description>Lieu dit Canvie 14500 Vire</description> <horaires>Les lundis, mardis, jeudis, vendredis, samedis : De 8h30 à 12h00 et de 14h00 à 18h00 Le mercredi : De 14h00 à 18h00 Attention : entrée du dernier véhicule 10 minutes avant la fermeture ! Fermée les dimanches et jours fériés.</horaires> <type>PARTIC</type> <barriere>Inconnu</barriere> <compteOuvert>Inconnu</compteOuvert> <carte>Inconnu</carte> <blacklist>false</blacklist> <Point> <coordinates>-0.920932,48.828324,0</coordinates> </Point> </Placemark> <Placemark> <id>115</id> <name>Decheterie Thury-Harcourt</name> <description>place de la gare 14220 Thury-Harcourt</description> <horaires>Hiver (du 1er novembre au 30 avril) lundi - vendredi et samedi de 9h à 11h45 mercredi de 9h à 1h45 et de 14h à 16h45 Eté (du 1er mai au 1 octobre) lundi - jeudi - vendredi de 9h à 11h45 mardi de 14h à 17h45 mercredi - samedi de 9h à 11h45 et de 14h à 17h45</horaires> <type>PARTIC</type> <barriere>Inconnu</barriere> <compteOuvert>Inconnu</compteOuvert> <carte>Inconnu</carte> <blacklist>false</blacklist> <Point> <coordinates>-0.481958,48.992099,0</coordinates> </Point> </Placemark> <Placemark> <id>116</id> <name>Decheterie Saint-Rémy</name> <description>Z.I les Alouettes 14570 Saint-Rémy</description> <horaires></horaires> <type>PARTIC</type> <barriere>Inconnu</barriere> <compteOuvert>Inconnu</compteOuvert> <carte>Inconnu</carte> <blacklist>false</blacklist> <Point> <coordinates>-0.507247,48.93946,0</coordinates> </Point> </Placemark> <Placemark> <id>117</id> <name>Decheterie Saint-Aubin-sur-Mer</name> <description>Route de Tailleville 14750 Saint-Aubin-sur-Mer</description> <horaires>Du 1er octobre au 31 mars Mardi : 9h00-12h00 et 13h00-17h00 Vendredi : 9h00-13h00 et 14h00-17h00 Samedi : 9h00-18h00 Du 1er avril au 30 septembre Mardi, vendredi : 9h00-13h00 et 14h00-18h00 Samedi : 9h00-18h00</horaires> <type>PARTIC</type> <barriere>Inconnu</barriere> <compteOuvert>Inconnu</compteOuvert> <carte>Inconnu</carte> <blacklist>false</blacklist> <Point> <coordinates>-0.399391,49.322378,0</coordinates> </Point> </Placemark> <Placemark> <id>118</id> <name>Decheterie Saint-Martin-de-Fontenay</name> <description>Lieu Dit Fuyragues 83560 Saint-Martin</description> <horaires>Mardi, Mercredi, Jeudi, Vendredi, Samedi : du 01/11 au 28/02 : 8h-12h du 01/03 au 31/10 : 7h45-12h</horaires> <type>PARTIC</type> <barriere>Inconnu</barriere> <compteOuvert>Inconnu</compteOuvert> <carte>Inconnu</carte> <blacklist>false</blacklist> <Point> <coordinates>-0.353503,49.107992,0</coordinates> </Point> </Placemark> <Placemark> <id>119</id> <name>Decheterie Saint-Cyr-du-Ronceray</name> <description>Les landes de lascaux 87310 Saint-Cyr</description> <horaires>Lundi, Mercredi, Vendredi, Samedi 14h-18h</horaires> <type>PARTIC</type> <barriere>Inconnu</barriere> <compteOuvert>Inconnu</compteOuvert> <carte>Inconnu</carte> <blacklist>false</blacklist> <Point> <coordinates>0.296438,49.061091,0</coordinates> </Point> </Placemark> <Placemark> <id>120</id> <name>Decheterie Livarot</name> <description>ZI Nord 14140 Livarot</description> <horaires>lun, jeu, sam : 9 à 12 h et 14 à 18 h mer, ven : 14 h à 18 h</horaires> <type>PARTIC</type> <barriere>Inconnu</barriere> <compteOuvert>Inconnu</compteOuvert> <carte>Inconnu</carte> <blacklist>false</blacklist> <Point> <coordinates>0.155187,49.01525,0</coordinates> </Point> </Placemark> <Placemark> <id>121</id> <name>Decheterie Vaucelles</name> <description>Za, Route de Cherbourg 14400 Vaucelles</description> <horaires>Hiver : du 1/10 au 31/3 | lu, ma, je, ve : 14hà17h | me, sa : 9hà12h et 14hà17h | Eté : du 01/04 au 30/09 | lu, ma, je, ve : 14hà18h | me, sa : 9hà12h et 14hà18h</horaires> <type>PARTIC</type> <barriere>Inconnu</barriere> <compteOuvert>Inconnu</compteOuvert> <carte>Inconnu</carte> <blacklist>false</blacklist> <Point> <coordinates>-0.72623,49.281438,0</coordinates> </Point> </Placemark> <Placemark> <id>122</id> <name>Decheterie Villerville</name> <description>Chemin de la mare aux guerriers 14113 Villerville</description> <horaires>Hiver (du 16/09 au 14/04) : lundi, mercredi et vendredi : de 9h00 à 12h00 mardi et jeudi : de 14h00 à 17h00 samedi : de 10h00 à 12h00 et de 14h00 à 18h00 Eté (du 15/04 au 15/09) : lundi, mercredi et vendredi : de 9h00 à 12h00 mardi et jeudi : de 14h00 à 18h00 samedi : de 10h00 à 12h00 et de 14h00 à 18h00 dimanche : de 10h00 à 12h00</horaires> <type>PARTIC</type> <barriere>Inconnu</barriere> <compteOuvert>Inconnu</compteOuvert> <carte>Inconnu</carte> <blacklist>false</blacklist> <Point> <coordinates>0.126778,49.37716,0</coordinates> </Point> </Placemark> <Placemark> <id>123</id> <name>Decheterie Lisieux</name> <description>RUE EDOUARD BRANLY 14100 Lisieux</description> <horaires>LUNDI MERCREDI SAMEDI:9H 18H MARDI JEUDI VENDREDI 14H 18H</horaires> <type>PARTIC</type> <barriere>Inconnu</barriere> <compteOuvert>Inconnu</compteOuvert> <carte>Inconnu</carte> <blacklist>false</blacklist> <Point> <coordinates>0.274473,49.148288,0</coordinates> </Point> </Placemark> <Placemark> <id>124</id> <name>Decheterie Touvérac</name> <description>Champ du Moulin à Vent 16360 Touvérac</description> <horaires></horaires> <type>PARTIC</type> <barriere>Inconnu</barriere> <compteOuvert>Inconnu</compteOuvert> <carte>Inconnu</carte> <blacklist>false</blacklist> <Point> <coordinates>-0.228909,45.38424,0</coordinates> </Point> </Placemark> <Placemark> <id>125</id> <name>Decheterie Brossac</name> <description>Le Bourgoin 16480 Brossac</description> <horaires>Lundi 9h-12h 14h-18h Mardi 14h-18h Jeudi 9h-12h 14h-18h Vendredi 14h-18h Samedi 9h-12h 14h-18h</horaires> <type>PARTIC</type> <barriere>Inconnu</barriere> <compteOuvert>Inconnu</compteOuvert> <carte>Inconnu</carte> <blacklist>false</blacklist> <Point> <coordinates>-0.030769,45.343051,0</coordinates> </Point> </Placemark> <Placemark> <id>126</id> <name>Decheterie Chasseneuil-sur-Bonnieure</name> <description>Zone Emploi 16260 Chasseneuil-sur-Bonnieure</description> <horaires>Du Lundi au Vendredi 13h30-18h30</horaires> <type>PARTIC</type> <barriere>Inconnu</barriere> <compteOuvert>Inconnu</compteOuvert> <carte>Inconnu</carte> <blacklist>false</blacklist> <Point> <coordinates>0.446266,45.814131,0</coordinates> </Point> </Placemark> <Placemark> <id>127</id> <name>Decheterie Châteaubernard</name> <description>rue Louis Blériot - Zone Industrielle "Fief du Roy" 16100 Châteaubernard</description> <horaires>Lundi 9h-12h 14h-18h Mercredi 9h-12h 14h-18h Jeudi 14h-18h Vendredi 9h-12h 14h-18h Samedi 9h-12h Retrouvez le PDF ici</horaires> <type>PARTIC</type> <barriere>Inconnu</barriere> <compteOuvert>Inconnu</compteOuvert> <carte>Inconnu</carte> <blacklist>false</blacklist> <Point> <coordinates>-0.303297,45.677583,0</coordinates> </Point> </Placemark> <Placemark> <id>128</id> <name>Decheterie Cognac</name> <description>20, rue de l'Artisanat - Zone artisanale "Les Sarrazines" 16100 Cognac</description> <horaires>Lundi 9h - 12h 14h - 18h Mardi 9h - 12h 14h - 18h Mercredi 9h - 12h 14h - 18h Vendredi 9h - 12h 14h - 18h Samedi 9h - 12h 14h - 18h Dimanche 9h - 12h</horaires> <type>PARTIC</type> <barriere>Inconnu</barriere> <compteOuvert>Inconnu</compteOuvert> <carte>Inconnu</carte> <blacklist>false</blacklist> <Point> <coordinates>-0.347812,45.696737,0</coordinates> </Point> </Placemark> <Placemark> <id>129</id> <name>Decheterie Hiersac</name> <description>Route de Tarsac 16290 Hiersac</description> <horaires>Lundi 9h-12h 14h-18h Mercredi 9h-12h 14h-18h Jeudi 14h-18h Vendredi 9h-12h 14h-18h Samedi 9h-12h 14h-18h Retrouvez le PDF ici</horaires> <type>PARTIC</type> <barriere>Inconnu</barriere> <compteOuvert>Inconnu</compteOuvert> <carte>Inconnu</carte> <blacklist>false</blacklist> <Point> <coordinates>0.009614,45.673657,0</coordinates> </Point> </Placemark> <Placemark> <id>130</id> <name>Decheterie L'Isle-d'Espagnac</name> <description>Parpayat Route de Balézy 87170 Isle</description> <horaires>lundi, mercredi, jeudi, vendredi : 14h00-18h00 samedi, dimanche : 9h00-12h30 /14h00-18h00</horaires> <type>PARTIC</type> <barriere>Inconnu</barriere> <compteOuvert>Inconnu</compteOuvert> <carte>Inconnu</carte> <blacklist>false</blacklist> <Point> <coordinates>0.196105,45.672919,0</coordinates> </Point> </Placemark> <Placemark> <id>131</id> <name>Decheterie La Couronne</name> <description>97, route de Saint Michel 16400 La Couronne</description> <horaires>Été : 15 mars-14 octobre Du lundi au vendredi, de 8h30 à 12h00 et de 14h00 à 18h00 Le samedi, de 8h30 à 12h00 et de 14h00 à 18h30 Fermé le dimanche et jours fériés Hiver : 15 octobre-14 mars Du lundi au samedi,de 9h00 à 12h00 et de 14h00 à 17h30 Fermé le dimanche et jours fériés</horaires> <type>PARTIC</type> <barriere>Inconnu</barriere> <compteOuvert>Inconnu</compteOuvert> <carte>Inconnu</carte> <blacklist>false</blacklist> <Point> <coordinates>0.095848,45.631196,0</coordinates> </Point> </Placemark> <Placemark> <id>132</id> <name>Decheterie Mouthiers-sur-Boëme</name> <description>10, zone d'emploi "les Rentes" 16440 Mouthiers-sur-Boëme</description> <horaires>Lundi 9h-12h 14h-18h Mardi 9h-12h 14h-18h Mercredi 9h-12h 14h-18h Vendredi 9h-12h 14h-18h Samedi 9h-12h 14h-18h Retrouvez le PDF ici</horaires> <type>PARTIC</type> <barriere>Inconnu</barriere> <compteOuvert>Inconnu</compteOuvert> <carte>Inconnu</carte> <blacklist>false</blacklist> <Point> <coordinates>0.120476,45.575884,0</coordinates> </Point> </Placemark> <Placemark> <id>133</id> <name>Decheterie Nabinaud</name> <description>Bonnaud 16390 Nabinaud</description> <horaires>Du Lundi au Vendredi 13h30-18h30</horaires> <type>PARTIC</type> <barriere>Inconnu</barriere> <compteOuvert>Inconnu</compteOuvert> <carte>Inconnu</carte> <blacklist>false</blacklist> <Point> <coordinates>0.194695,45.285391,0</coordinates> </Point> </Placemark> <Placemark> <id>134</id> <name>Decheterie Rouillac</name> <description>Zone d'emploi "Le Lantillon 2" 16170 Rouillac</description> <horaires></horaires> <type>PARTIC</type> <barriere>Inconnu</barriere> <compteOuvert>Inconnu</compteOuvert> <carte>Inconnu</carte> <blacklist>false</blacklist> <Point> <coordinates>-0.070759,45.775687,0</coordinates> </Point> </Placemark> <Placemark> <id>135</id> <name>Decheterie Segonzac</name> <description>rue saute Oignon 16130 Segonzac</description> <horaires>Lundi 9h-12h 14h-18h Mardi 9h-12h 14h-18h Jeudi 9h-12h 14h-18h Vendredi 9h-12h 14h-18h Samedi 9h-12h 14h-18h Retrouvez le PDF ici</horaires> <type>PARTIC</type> <barriere>Inconnu</barriere> <compteOuvert>Inconnu</compteOuvert> <carte>Inconnu</carte> <blacklist>false</blacklist> <Point> <coordinates>-0.222825,45.622996,0</coordinates> </Point> </Placemark> <Placemark> <id>136</id> <name>Decheterie Soyaux</name> <description>ZE "La Croix Blanche" 16800 Soyaux</description> <horaires>Été : 15 mars-14 octobre Du lundi au vendredi, de 8h30 à 12h00 et de 14h00 à 18h00 Le samedi, de 8h30 à 12h00 et de 14h00 à 18h30 Fermé le dimanche et jours fériés Hiver : 15 octobre-14 mars Du lundi au samedi,de 9h00 à 12h00 et de 14h00 à 17h30 Fermé le dimanche et jours fériés</horaires> <type>PARTIC</type> <barriere>Inconnu</barriere> <compteOuvert>Inconnu</compteOuvert> <carte>Inconnu</carte> <blacklist>false</blacklist> <Point> <coordinates>0.20814,45.632303,0</coordinates> </Point> </Placemark> <Placemark> <id>137</id> <name>Decheterie Villejésus</name> <description>route de Ruffec 16140 Villejésus</description> <horaires>Lundi 9h-12h 14h-18h Mardi 14h-18h Mercredi 9h-12h 14h-18h Jeudi 9h-12h 14h-18h Samedi 9h-12h 14h-18h Retrouvez le PDF ici</horaires> <type>PARTIC</type> <barriere>Inconnu</barriere> <compteOuvert>Inconnu</compteOuvert> <carte>Inconnu</carte> <blacklist>false</blacklist> <Point> <coordinates>0.022218,45.903759,0</coordinates> </Point> </Placemark> <Placemark> <id>138</id> <name>Decheterie Fléac</name> <description>63, rue du Grand Maine 16730 Fléac</description> <horaires>Été : 15 mars-14 octobre Du lundi au vendredi, de 8h30 à 12h00 et de 14h00 à 18h00 Le samedi, de 8h30 à 12h00 et de 14h00 à 18h30 Fermé le dimanche et jours fériés Hiver : 15 octobre-14 mars Du lundi au samedi,de 9h00 à 12h00 et de 14h00 à 17h30 Fermé le dimanche et jours fériés</horaires> <type>PARTIC</type> <barriere>Inconnu</barriere> <compteOuvert>Inconnu</compteOuvert> <carte>Inconnu</carte> <blacklist>false</blacklist> <Point> <coordinates>0.102317,45.68411,0</coordinates> </Point> </Placemark> <Placemark> <id>139</id> <name>Decheterie Aunac</name> <description>Route de Garenne 16460 Aunac</description> <horaires>Lundi 9h-12h 14h-18h Mercredi 9h-12h 14h-18h Vendredi 9h-12h 14h-18h Samedi 9h-12h 14h-18h Retrouvez le PDF ici</horaires> <type>PARTIC</type> <barriere>Inconnu</barriere> <compteOuvert>Inconnu</compteOuvert> <carte>Inconnu</carte> <blacklist>false</blacklist> <Point> <coordinates>0.250086,45.92023,0</coordinates> </Point> </Placemark> <Placemark> <id>140</id> <name>Decheterie Jarnac</name> <description>9, allée Grands champs 16200 Jarnac</description> <horaires>Lundi 9h-12h 14h-18h Mardi 9h-12h 14h-18h Mercredi 9h-12h 14h-18h Jeudi 9h-12h 14h-18h Vendredi 9h-12h 14h-18h Samedi 9h-12h 14h-18h Retrouvez le PDF ici</horaires> <type>PARTIC</type> <barriere>Inconnu</barriere> <compteOuvert>Inconnu</compteOuvert> <carte>Inconnu</carte> <blacklist>false</blacklist> <Point> <coordinates>-0.158856,45.686877,0</coordinates> </Point> </Placemark> <Placemark> <id>141</id> <name>Decheterie Chabanais</name> <description>Lieu dit "Les Grands Champs" 16150 Chabanais</description> <horaires>Lundi 9h-12h 14h-18h Mardi 14h-18h Jeudi 9h-12h 14h-18h Vendredi 9h-12h 14h-18h Samedi 9h-12h 14h-18h Retrouvez le PDF ici</horaires> <type>PARTIC</type> <barriere>Inconnu</barriere> <compteOuvert>Inconnu</compteOuvert> <carte>Inconnu</carte> <blacklist>false</blacklist> <Point> <coordinates>0.706877,45.875197,0</coordinates> </Point> </Placemark> <Placemark> <id>142</id> <name>Decheterie Chalais</name> <description>Grand Champs Long 16210 Chalais</description> <horaires>Du Lundi au Vendredi 13h30-18h30</horaires> <type>PARTIC</type> <barriere>Inconnu</barriere> <compteOuvert>Inconnu</compteOuvert> <carte>Inconnu</carte> <blacklist>false</blacklist> <Point> <coordinates>0.018348,45.268876,0</coordinates> </Point> </Placemark> <Placemark> <id>143</id> <name>Decheterie Brie</name> <description>ZA La Grande Garenne 16590 Brie</description> <horaires>Du lundi au samedi de 9h à 12h et de 14h à 18h</horaires> <type>PARTIC</type> <barriere>Inconnu</barriere> <compteOuvert>Inconnu</compteOuvert> <carte>Inconnu</carte> <blacklist>false</blacklist> <Point> <coordinates>0.248466,45.733006,0</coordinates> </Point> </Placemark> <Placemark> <id>144</id> <name>Decheterie Champagne-Mouton</name> <description>Grand Rue 16350 Champagne-Mouton</description> <horaires>Lundi 9h-12h 14h-18h Mercredi 9h-12h 14h-18h Vendredi 9h-12h 14h-18h Samedi 9h-12h 14h-18h Retrouvez le PDF ici</horaires> <type>PARTIC</type> <barriere>Inconnu</barriere> <compteOuvert>Inconnu</compteOuvert> <carte>Inconnu</carte> <blacklist>false</blacklist> <Point> <coordinates>0.40104,45.991474,0</coordinates> </Point> </Placemark> <Placemark> <id>145</id> <name>Decheterie Confolens</name> <description>Zone d'emploi du "Mas Félix" 16500 Confolens</description> <horaires>Lundi 9h-12h 14h-18h Mardi 9h-12h 14h-18h Mercredi 9h-12h 14h-18h Jeudi 9h-12h 14h-18h Vendredi 9h-12h 14h-18h Samedi 9h-12h 14h-18h Retrouvez le PDF ici</horaires> <type>PARTIC</type> <barriere>Inconnu</barriere> <compteOuvert>Inconnu</compteOuvert> <carte>Inconnu</carte> <blacklist>false</blacklist> <Point> <coordinates>0.667456,46.023444,0</coordinates> </Point> </Placemark> <Placemark> <id>146</id> <name>Decheterie Barbezieux-Saint-Hilaire</name> <description>Les Routes 16300 Barbezieux-Saint-Hilaire</description> <horaires>Lundi 9h-12h 14h-18h Mardi 9h-12h 14h-18h Mercredi 9h-12h 14h-18h Jeudi 9h-12h 14h-18h Vendredi 9h-12h 14h-18h Samedi 9h-12h 14h-18h Retrouvez le PDF ici</horaires> <type>PARTIC</type> <barriere>Inconnu</barriere> <compteOuvert>Inconnu</compteOuvert> <carte>Inconnu</carte> <blacklist>false</blacklist> <Point> <coordinates>-0.168007,45.470747,0</coordinates> </Point> </Placemark> <Placemark> <id>147</id> <name>Decheterie Montmoreau-Saint-Cybard</name> <description>Champ du Maine Brun 16190 Montmoreau-Saint-Cybard</description> <horaires>Du Lundi au Vendredi 13h30-18h30</horaires> <type>PARTIC</type> <barriere>Inconnu</barriere> <compteOuvert>Inconnu</compteOuvert> <carte>Inconnu</carte> <blacklist>false</blacklist> <Point> <coordinates>0.135699,45.407495,0</coordinates> </Point> </Placemark> <Placemark> <id>148</id> <name>Decheterie Pérignac</name> <description>Le Burguet 16250 Pérignac</description> <horaires>Lundi 9h-12h 14h-18h Mardi 9h-12h Jeudi 14h-18h Vendredi 14h-18h Samedi 9h-12h 14h-18h</horaires> <type>PARTIC</type> <barriere>Inconnu</barriere> <compteOuvert>Inconnu</compteOuvert> <carte>Inconnu</carte> <blacklist>false</blacklist> <Point> <coordinates>0.056697,45.482052,0</coordinates> </Point> </Placemark> <Placemark> <id>149</id> <name>Decheterie Puyréaux</name> <description>Le Petit Pont route de la Rochefoucauld 16230 Puyréaux</description> <horaires>Lundi 9h-12h 14h-18h Mardi 9h-12h 14h-18h Jeudi 9h-12h 14h-18h Vendredi 9h-12h 14h-18h Samedi 9h-12h 14h-18h Retrouvez le PDF ici</horaires> <type>PARTIC</type> <barriere>Inconnu</barriere> <compteOuvert>Inconnu</compteOuvert> <carte>Inconnu</carte> <blacklist>false</blacklist> <Point> <coordinates>0.202628,45.869372,0</coordinates> </Point> </Placemark> <Placemark> <id>150</id> <name>Decheterie Ruffec</name> <description>Route Pérideau 16700 Ruffec</description> <horaires>Lundi 9h-12h 14h-18h Mardi 9h-12h 14h-18h Mercredi 9h-12h 14h-18h Jeudi 9h-12h 14h-18h Vendredi 9h-12h 14h-18h Samedi 9h-12h 14h-18h Retrouvez le PDF ici</horaires> <type>PARTIC</type> <barriere>Inconnu</barriere> <compteOuvert>Inconnu</compteOuvert> <carte>Inconnu</carte> <blacklist>false</blacklist> <Point> <coordinates>0.188799,46.036779,0</coordinates> </Point> </Placemark> <Placemark> <id>151</id> <name>Decheterie Vars</name> <description>La Gare 16330 Vars</description> <horaires>Lundi 9h-12h 14h-18h Mardi 9h-12h 14h-18h Mercredi 9h-12h 14h-18h Jeudi 9h-12h 14h-18h Vendredi 9h-12h 14h-18h Samedi 9h-12h 14h-18h Retrouvez le PDF ici</horaires> <type>PARTIC</type> <barriere>Inconnu</barriere> <compteOuvert>Inconnu</compteOuvert> <carte>Inconnu</carte> <blacklist>false</blacklist> <Point> <coordinates>0.137342,45.768272,0</coordinates> </Point> </Placemark> <Placemark> <id>152</id> <name>Decheterie Châteauneuf-sur-Charente</name> <description>La Pelletrie 16120 Châteauneuf-sur-Charente</description> <horaires>Lundi 9h-12h 14h-18h Mardi 14h-18h Mercredi 9h-12h 14h-18h Vendredi 9h-12h 14h-18h Samedi 9h-12h 14h-18h Retrouvez le PDF ici</horaires> <type>PARTIC</type> <barriere>Inconnu</barriere> <compteOuvert>Inconnu</compteOuvert> <carte>Inconnu</carte> <blacklist>false</blacklist> <Point> <coordinates>-0.074993,45.589687,0</coordinates> </Point> </Placemark> <Placemark> <id>153</id> <name>Decheterie Montbron</name> <description>Route d'Angoulême 16220 Montbron</description> <horaires>Lundi 9h-12h 14h-18h Mardi 9h-12h 14h-18h Mercredi 14h-18h Vendredi 9h-12h 14h-18h Samedi 9h-12h 14h-18h Retrouvez le PDF ici</horaires> <type>PARTIC</type> <barriere>Inconnu</barriere> <compteOuvert>Inconnu</compteOuvert> <carte>Inconnu</carte> <blacklist>false</blacklist> <Point> <coordinates>0.484111,45.662194,0</coordinates> </Point> </Placemark> <Placemark> <id>154</id> <name>Decheterie Saint-Claud</name> <description>ZE Le Farnaud 16450 Saint-Claud</description> <horaires>Lundi 9h-12h 14h-18h Mardi 14h-18h Jeudi 9h-12h Vendredi 9h-12h 14h-18h Samedi 9h-12h 14h-18h Retrouvez le PDF ici</horaires> <type>PARTIC</type> <barriere>Inconnu</barriere> <compteOuvert>Inconnu</compteOuvert> <carte>Inconnu</carte> <blacklist>false</blacklist> <Point> <coordinates>0.458835,45.901882,0</coordinates> </Point> </Placemark> <Placemark> <id>155</id> <name>Decheterie Montemboeuf</name> <description>Z.E. La Belle Etoile 16310 Montemboeuf</description> <horaires>Lundi 9h-12h 14h-18h Mercredi 9h-12h Jeudi 14h-18h Samedi 9h-12h 14h-18h Retrouvez le PDF ici</horaires> <type>PARTIC</type> <barriere>Inconnu</barriere> <compteOuvert>Inconnu</compteOuvert> <carte>Inconnu</carte> <blacklist>false</blacklist> <Point> <coordinates>0.567171,45.757871,0</coordinates> </Point> </Placemark> <Placemark> <id>156</id> <name>Decheterie Dirac</name> <description>Route de Périgueux 16410 Dirac</description> <horaires>Lundi 9h-12h 14h-18h Mercredi 9h-12h Jeudi 9h-12h 14h-18h Vendredi 9h-12h 14h-18h Samedi 9h-12h 14h-18h Retrouvez le PDF ici</horaires> <type>PARTIC</type> <barriere>Inconnu</barriere> <compteOuvert>Inconnu</compteOuvert> <carte>Inconnu</carte> <blacklist>false</blacklist> <Point> <coordinates>0.277707,45.580769,0</coordinates> </Point> </Placemark> <Placemark> <id>157</id> <name>Decheterie Roumazières-Loubert</name> <description>11 rue des Paleines 16270 Roumazières-Loubert</description> <horaires>Lundi 9h-12h 14h-18h Mardi 9h-12h Mercredi 9h-12h 14h-18h Vendredi 9h-12h 14h-18h Samedi 9h-12h 14h-18h Retrouvez le PDF ici</horaires> <type>PARTIC</type> <barriere>Inconnu</barriere> <compteOuvert>Inconnu</compteOuvert> <carte>Inconnu</carte> <blacklist>false</blacklist> <Point> <coordinates>0.582949,45.883418,0</coordinates> </Point> </Placemark> <Placemark> <id>158</id> <name>Decheterie La Rochefoucauld</name> <description>Route de Rancogne 16110 La Rochefoucauld</description> <horaires>Lundi 9h-12h 14h-18h Mardi 9h-12h 14h-18h Mercredi 9h-12h 14h-18h Jeudi 9h-12h 14h-18h Vendredi 9h-12h 14h-18h Samedi 9h-12h 14h-18h Retrouvez le PDF ici</horaires> <type>PARTIC</type> <barriere>Inconnu</barriere> <compteOuvert>Inconnu</compteOuvert> <carte>Inconnu</carte> <blacklist>false</blacklist> <Point> <coordinates>0.389967,45.72943,0</coordinates> </Point> </Placemark> <Placemark> <id>159</id> <name>Decheterie Villebois-Lavalette</name> <description>Zone des Touches Boulevard Ampère 53000 Laval</description> <horaires>Lundi au Samedi de 9h à 12h et de 14h à 19h, Dimanche de 9h à 12h</horaires> <type>PARTIC</type> <barriere>Inconnu</barriere> <compteOuvert>Inconnu</compteOuvert> <carte>Inconnu</carte> <blacklist>false</blacklist> <Point> <coordinates>0.27541,45.492006,0</coordinates> </Point> </Placemark> <Placemark> <id>160</id> <name>Decheterie Villefagnan</name> <description>ZA du Clos de la Salle 16240 Villefagnan</description> <horaires>Lundi 9h-12h Mardi 9h-12h 14h-18h Vendredi 14h-18h Samedi 9h-12h 14h-18h Retrouvez le PDF ici</horaires> <type>PARTIC</type> <barriere>Inconnu</barriere> <compteOuvert>Inconnu</compteOuvert> <carte>Inconnu</carte> <blacklist>false</blacklist> <Point> <coordinates>0.078172,46.004148,0</coordinates> </Point> </Placemark> <Placemark> <id>161</id> <name>Decheterie Chaillevette</name> <description>Les Grands Champs, Route de Brèze 17890 Chaillevette</description> <horaires>Toute l'année de 9h00 à 11h45 et de 14h00 à 17h45 et fermée les jours fériés. Fermée le mardi et le dimanche.</horaires> <type>PARTIC</type> <barriere>Inconnu</barriere> <compteOuvert>Inconnu</compteOuvert> <carte>Inconnu</carte> <blacklist>false</blacklist> <Point> <coordinates>-1.077364,45.714782,0</coordinates> </Point> </Placemark> <Placemark> <id>162</id> <name>Decheterie Clérac</name> <description>Bois Rousseau Montguyon 17270 Clérac</description> <horaires></horaires> <type>PARTIC</type> <barriere>Inconnu</barriere> <compteOuvert>Inconnu</compteOuvert> <carte>Inconnu</carte> <blacklist>false</blacklist> <Point> <coordinates>-0.229158,45.199639,0</coordinates> </Point> </Placemark> <Placemark> <id>163</id> <name>Decheterie Fouras</name> <description>Lieu Dit Champs des Guédeaux 17450 Fouras</description> <horaires>Du Lundi au Vendredi 13h30-18h30</horaires> <type>PARTIC</type> <barriere>Inconnu</barriere> <compteOuvert>Inconnu</compteOuvert> <carte>Inconnu</carte> <blacklist>false</blacklist> <Point> <coordinates>-1.061977,45.969656,0</coordinates> </Point> </Placemark> <Placemark> <id>164</id> <name>Decheterie Guitinières</name> <description>Pont Richaud 17500 Guitinières</description> <horaires>Lundi au samedi 9h00 - 12h30 et 14h00-17h30</horaires> <type>PARTIC</type> <barriere>Inconnu</barriere> <compteOuvert>Inconnu</compteOuvert> <carte>Inconnu</carte> <blacklist>false</blacklist> <Point> <coordinates>-0.508895,45.429064,0</coordinates> </Point> </Placemark> <Placemark> <id>165</id> <name>Decheterie ile-d'Aix</name> <description>le Jamblet 17123 ile-d'Aix</description> <horaires>Du Lundi au Vendredi 13h30-18h30</horaires> <type>PARTIC</type> <barriere>Inconnu</barriere> <compteOuvert>Inconnu</compteOuvert> <carte>Inconnu</carte> <blacklist>false</blacklist> <Point> <coordinates>-1.174922,46.023061,0</coordinates> </Point> </Placemark> <Placemark> <id>166</id> <name>Decheterie Loix</name> <description>Chemin de la Petite Tonille 17111 Loix</description> <horaires>du 15 juin au 14 septembre inclus : du lundi au samedi : de 9h00 à 12h00 et de 14h30 à 18h00 du 15 septembre au 14 juin inclus : du lundi au samedi : de 9h00 à 12h00 et de 14h30 à 17h3</horaires> <type>PARTIC</type> <barriere>Inconnu</barriere> <compteOuvert>Inconnu</compteOuvert> <carte>Inconnu</carte> <blacklist>false</blacklist> <Point> <coordinates>-1.431194,46.221525,0</coordinates> </Point> </Placemark> <Placemark> <id>167</id> <name>Decheterie Le Thou</name> <description>le Thou 17290 Le Thou</description> <horaires></horaires> <type>PARTIC</type> <barriere>Inconnu</barriere> <compteOuvert>Inconnu</compteOuvert> <carte>Inconnu</carte> <blacklist>false</blacklist> <Point> <coordinates>-0.907427,46.080385,0</coordinates> </Point> </Placemark> <Placemark> <id>168</id> <name>Decheterie Périgny</name> <description>Z.I. rue Gustave Ferrié 17180 Périgny</description> <horaires>Ouvert du mardi au samedi inclus ( sauf jours fériés) de 9h à 12h et de 14h à 18h.</horaires> <type>PARTIC</type> <barriere>Inconnu</barriere> <compteOuvert>Inconnu</compteOuvert> <carte>Inconnu</carte> <blacklist>false</blacklist> <Point> <coordinates>-1.103056,46.162914,0</coordinates> </Point> </Placemark> <Placemark> <id>169</id> <name>Decheterie Puilboreau</name> <description>le Payaud 17138 Puilboreau</description> <horaires>Du Lundi au Vendredi 13h30-18h30</horaires> <type>PARTIC</type> <barriere>Inconnu</barriere> <compteOuvert>Inconnu</compteOuvert> <carte>Inconnu</carte> <blacklist>false</blacklist> <Point> <coordinates>-1.119508,46.192445,0</coordinates> </Point> </Placemark> <Placemark> <id>170</id> <name>Decheterie Saint-Aigulin</name> <description>Saint-Aigulin 17360 Saint-Aigulin</description> <horaires>Du Lundi au Vendredi 13h30-18h30</horaires> <type>PARTIC</type> <barriere>Inconnu</barriere> <compteOuvert>Inconnu</compteOuvert> <carte>Inconnu</carte> <blacklist>false</blacklist> <Point> <coordinates>-0.039267,45.166388,0</coordinates> </Point> </Placemark> <Placemark> <id>171</id> <name>Decheterie Saint-Jean-d'Angély</name> <description>Fontorbe 17400 Saint-Jean-d'Angély</description> <horaires>Du lundi au Vendredi 13h30-18h30</horaires> <type>PARTIC</type> <barriere>Inconnu</barriere> <compteOuvert>Inconnu</compteOuvert> <carte>Inconnu</carte> <blacklist>false</blacklist> <Point> <coordinates>-0.528447,45.964707,0</coordinates> </Point> </Placemark> <Placemark> <id>172</id> <name>Decheterie Saint-Médard-d'Aunis</name> <description>Rue Fief Jaubertin 17220 Saint-Médard-d'Aunis</description> <horaires>Du lundi au Vendredi 13h30-18h30</horaires> <type>PARTIC</type> <barriere>Inconnu</barriere> <compteOuvert>Inconnu</compteOuvert> <carte>Inconnu</carte> <blacklist>false</blacklist> <Point> <coordinates>-0.976806,46.174304,0</coordinates> </Point> </Placemark> <Placemark> <id>173</id> <name>Decheterie Saintes</name> <description>Route de Taillebourg 17100 Saintes</description> <horaires></horaires> <type>PARTIC</type> <barriere>Inconnu</barriere> <compteOuvert>Inconnu</compteOuvert> <carte>Inconnu</carte> <blacklist>false</blacklist> <Point> <coordinates>-0.618027,45.757297,0</coordinates> </Point> </Placemark> <Placemark> <id>174</id> <name>Decheterie Saintes</name> <description>Zone Commerciale de la Champagne Saint Georges 17100 Saintes</description> <horaires></horaires> <type>PARTIC</type> <barriere>Inconnu</barriere> <compteOuvert>Inconnu</compteOuvert> <carte>Inconnu</carte> <blacklist>false</blacklist> <Point> <coordinates>-0.67248,45.747646,0</coordinates> </Point> </Placemark> <Placemark> <id>175</id> <name>Decheterie Vergné</name> <description>Le Fief de l'Ane Vergné 17330 Vergné</description> <horaires>PRINTEMPS-ETE (du 1er avril au 30 septembre) Mardi Mercredi Jeudi Vendredi Samedi 9h-12h 14h-19h 9h-12h 14h-19h 9h-12h 14h-19h 14h-19h 9h-12h 14h-18h AUTOMNE-HIVER (du 1er octobre au 31 mars) Mardi Mercredi Jeudi Vendredi Samedi 9h-12h 14h-17h 9h-12h 14h-17h 9h-12h 14h-17h 14h-18h 9h-12h 14h-18h Fermée le lundi</horaires> <type>PARTIC</type> <barriere>Inconnu</barriere> <compteOuvert>Inconnu</compteOuvert> <carte>Inconnu</carte> <blacklist>false</blacklist> <Point> <coordinates>-0.527696,46.078114,0</coordinates> </Point> </Placemark> <Placemark> <id>176</id> <name>Decheterie Bercloux</name> <description>Bercloux 17770 Bercloux</description> <horaires>Du lundi au Vendredi 13h30-18h30</horaires> <type>PARTIC</type> <barriere>Inconnu</barriere> <compteOuvert>Inconnu</compteOuvert> <carte>Inconnu</carte> <blacklist>false</blacklist> <Point> <coordinates>-0.480443,45.840882,0</coordinates> </Point> </Placemark> <Placemark> <id>177</id> <name>Decheterie Aulnay</name> <description>Néré 17470 Aulnay</description> <horaires>Du lundi au Vendredi 13h30-18h30</horaires> <type>PARTIC</type> <barriere>Inconnu</barriere> <compteOuvert>Inconnu</compteOuvert> <carte>Inconnu</carte> <blacklist>false</blacklist> <Point> <coordinates>-0.347159,46.028096,0</coordinates> </Point> </Placemark> <Placemark> <id>178</id> <name>Decheterie Corme-Royal</name> <description>Corme Royal 17600 Corme-Royal</description> <horaires>Du lundi au Vendredi 13h30-18h30</horaires> <type>PARTIC</type> <barriere>Inconnu</barriere> <compteOuvert>Inconnu</compteOuvert> <carte>Inconnu</carte> <blacklist>false</blacklist> <Point> <coordinates>-0.824032,45.7404,0</coordinates> </Point> </Placemark> <Placemark> <id>179</id> <name>Decheterie Brie-sous-Mortagne</name> <description>ZA La Grande Garenne 16590 Brie</description> <horaires>Du lundi au samedi de 9h à 12h et de 14h à 18h</horaires> <type>PARTIC</type> <barriere>Inconnu</barriere> <compteOuvert>Inconnu</compteOuvert> <carte>Inconnu</carte> <blacklist>false</blacklist> <Point> <coordinates>-0.741138,45.507175,0</coordinates> </Point> </Placemark> <Placemark> <id>180</id> <name>Decheterie La Tremblade</name> <description>Lieu Dit La Guilleterie 17390 La Tremblade</description> <horaires>Ouverte toute l'année de 9h00 à 11h45 et de 14h00 à 17h45 et fermée les jours fériés. Fermée le jeudi et le dimanche.</horaires> <type>PARTIC</type> <barriere>Inconnu</barriere> <compteOuvert>Inconnu</compteOuvert> <carte>Inconnu</carte> <blacklist>false</blacklist> <Point> <coordinates>-1.156322,45.76426,0</coordinates> </Point> </Placemark> <Placemark> <id>181</id> <name>Decheterie Longèves</name> <description>rue des Ouches 17230 Longèves</description> <horaires>PRINTEMPS-ETE (du 1er avril au 30 septembre) Lundi Mardi Mercredi Vendredi Samedi 14h-19h 9h-12h 14h-19h 9h-12h 14h-19h 9h-12h 14h-19h 9h-12h 14h-18h AUTOMNE-HIVER (du 1er octobre au 31 mars) Lundi Mardi Mercredi Vendredi Samedi 14h-18h 9h-12h 14h-17h 9h-12h 14h-17h 9h-12h 14h-17h 9h-12h 14h-18h</horaires> <type>PARTIC</type> <barriere>Inconnu</barriere> <compteOuvert>Inconnu</compteOuvert> <carte>Inconnu</carte> <blacklist>false</blacklist> <Point> <coordinates>-0.998561,46.24342,0</coordinates> </Point> </Placemark> <Placemark> <id>182</id> <name>Decheterie Marsilly</name> <description>Les Gaumenais 17137 Marsilly</description> <horaires></horaires> <type>PARTIC</type> <barriere>Inconnu</barriere> <compteOuvert>Inconnu</compteOuvert> <carte>Inconnu</carte> <blacklist>false</blacklist> <Point> <coordinates>-1.137436,46.218949,0</coordinates> </Point> </Placemark> <Placemark> <id>183</id> <name>Decheterie Montendre</name> <description>ZI du Lézard 17130 Montendre</description> <horaires>Ouvert du lundi au samedi de 9h à 12h30 et de 14h à 17h30 Fermé le dimanche</horaires> <type>PARTIC</type> <barriere>Inconnu</barriere> <compteOuvert>Inconnu</compteOuvert> <carte>Inconnu</carte> <blacklist>false</blacklist> <Point> <coordinates>-0.399179,45.259158,0</coordinates> </Point> </Placemark> <Placemark> <id>184</id> <name>Decheterie Muron</name> <description>Les Trois Moulins 17430 Muron</description> <horaires>Eté (du 1er avril au 30 septembre) : lundi, mardi, mercredi et vendredi de 14h à 19hsamedi de 10h à 12h et de 14h à 19h Hiver (du 1er octobre au 31 mars) : lundi, mardi, mercredi et vendredi de 14h à 18hsamedi de 10h à 12h et de 14h à 18h</horaires> <type>PARTIC</type> <barriere>Inconnu</barriere> <compteOuvert>Inconnu</compteOuvert> <carte>Inconnu</carte> <blacklist>false</blacklist> <Point> <coordinates>-0.825866,46.027822,0</coordinates> </Point> </Placemark> <Placemark> <id>185</id> <name>Decheterie Nieul-sur-Mer</name> <description>Lotissement des Vignes 87510 Nieul</description> <horaires>Lundi, Mercredi, Vendredi, Samedi 9h-12h30 et 14h-18h30</horaires> <type>PARTIC</type> <barriere>Inconnu</barriere> <compteOuvert>Inconnu</compteOuvert> <carte>Inconnu</carte> <blacklist>false</blacklist> <Point> <coordinates>-1.169559,46.204207,0</coordinates> </Point> </Placemark> <Placemark> <id>186</id> <name>Decheterie Pons</name> <description>les Chauveaux 17800 Pons</description> <horaires>Du lundi au Vendredi 13h30-18h30</horaires> <type>PARTIC</type> <barriere>Inconnu</barriere> <compteOuvert>Inconnu</compteOuvert> <carte>Inconnu</carte> <blacklist>false</blacklist> <Point> <coordinates>-0.574226,45.579422,0</coordinates> </Point> </Placemark> <Placemark> <id>187</id> <name>Decheterie Royan</name> <description>9, Rue Arsonval 17200 Royan</description> <horaires>Du lundi au Vendredi 13h30-18h30</horaires> <type>PARTIC</type> <barriere>Inconnu</barriere> <compteOuvert>Inconnu</compteOuvert> <carte>Inconnu</carte> <blacklist>false</blacklist> <Point> <coordinates>-0.996696,45.632951,0</coordinates> </Point> </Placemark> <Placemark> <id>188</id> <name>Decheterie Saint-Saturnin-du-Bois</name> <description>les mesliers 72650 SAINT-SATURNIN</description> <horaires>lundi : 8h - 12 h mercredi : 14 h - 18 h (17h en hiver) vendredi : 14 h - 18 h (17 h en hiver) samedi : 9 h à 12 h et 14 h à 18 h (17 h en hiver)</horaires> <type>PARTIC</type> <barriere>Inconnu</barriere> <compteOuvert>Inconnu</compteOuvert> <carte>Inconnu</carte> <blacklist>false</blacklist> <Point> <coordinates>-0.662987,46.120269,0</coordinates> </Point> </Placemark> <Placemark> <id>189</id> <name>Decheterie Saint-Savinien</name> <description>Les Pierrières 86310 SAINT SAVIN</description> <horaires></horaires> <type>PARTIC</type> <barriere>Inconnu</barriere> <compteOuvert>Inconnu</compteOuvert> <carte>Inconnu</carte> <blacklist>false</blacklist> <Point> <coordinates>-0.668224,45.886359,0</coordinates> </Point> </Placemark> <Placemark> <id>190</id> <name>Decheterie Saint-Xandre</name> <description>Saint-Xandre 17138 Saint-Xandre</description> <horaires>Du lundi au Vendredi 13h30-18h30</horaires> <type>PARTIC</type> <barriere>Inconnu</barriere> <compteOuvert>Inconnu</compteOuvert> <carte>Inconnu</carte> <blacklist>false</blacklist> <Point> <coordinates>-1.088271,46.204112,0</coordinates> </Point> </Placemark> <Placemark> <id>191</id> <name>Decheterie Saujon</name> <description>la Gare 17600 Saujon</description> <horaires></horaires> <type>PARTIC</type> <barriere>Inconnu</barriere> <compteOuvert>Inconnu</compteOuvert> <carte>Inconnu</carte> <blacklist>false</blacklist> <Point> <coordinates>-0.925584,45.66182,0</coordinates> </Point> </Placemark> <Placemark> <id>192</id> <name>Decheterie Vandré</name> <description>Chez Bonnin - les Chennaies 17700 Vandré</description> <horaires></horaires> <type>PARTIC</type> <barriere>Inconnu</barriere> <compteOuvert>Inconnu</compteOuvert> <carte>Inconnu</carte> <blacklist>false</blacklist> <Point> <coordinates>-0.749465,46.070144,0</coordinates> </Point> </Placemark> <Placemark> <id>193</id> <name>Decheterie Annezay</name> <description>Le Perrail 17380 Annezay</description> <horaires>AUTOMNE-HIVER (du 01 octobre au 31 mars) Lundi 14h-18h Mardi 9h-12h / 14h-17h Mercredi 9h-12h / 14h-17h Jeudi 9h-12h / 14h-17h Samedi 9h-12h / 14h-18h PRINTEMPS-ETE (du 1 avril au 30 septembre) Lundi 14h-19h Mardi 9h-12h / 14h-19h Mercredi 9h-12h / 14h-19h Jeudi 9h-12h / 14h-19h Samedi 9h-12h / 14h-18h</horaires> <type>PARTIC</type> <barriere>Inconnu</barriere> <compteOuvert>Inconnu</compteOuvert> <carte>Inconnu</carte> <blacklist>false</blacklist> <Point> <coordinates>-0.69408,46.00096,0</coordinates> </Point> </Placemark> <Placemark> <id>194</id> <name>Decheterie Arthenac</name> <description>LES FONT BLANCHES 17520 Arthenac</description> <horaires>Mardi 9h00 - 12h30 14h00-17h30 Mercredi 9h00 - 12h30 14h00-17h30 Vendredi 9h00 - 12h30 14h00-17h30 Samedi 9h00 - 12h30 14h00-17h30</horaires> <type>PARTIC</type> <barriere>Inconnu</barriere> <compteOuvert>Inconnu</compteOuvert> <carte>Inconnu</carte> <blacklist>false</blacklist> <Point> <coordinates>-0.331467,45.493355,0</coordinates> </Point> </Placemark> <Placemark> <id>195</id> <name>Decheterie Burie</name> <description>Route de cognac 17770 Burie</description> <horaires>PRINTEMPS-ETE (du 1er avril au 30 septembre) Lundi Mardi Jeudi Vendredi Samedi 9h-12h 14h-19h 9h-12h 14h-19h 9h-12h 14h-19h 14h-19h 9h-12h 14h-18h AUTOMNE-HIVER (du 1er octobre au 31 mars) Lundi Mardi Jeudi Vendredi Samedi 9h-12h 14h-17h 9h-12h 14h-17h 9h-12h 14h-17h 14h-18h 9h-12h 14h-18h Fermée le mercredi !</horaires> <type>PARTIC</type> <barriere>Inconnu</barriere> <compteOuvert>Inconnu</compteOuvert> <carte>Inconnu</carte> <blacklist>false</blacklist> <Point> <coordinates>-0.416302,45.771931,0</coordinates> </Point> </Placemark> <Placemark> <id>196</id> <name>Decheterie Lagord</name> <description>Chemin la Pinelière 17140 Lagord</description> <horaires></horaires> <type>PARTIC</type> <barriere>Inconnu</barriere> <compteOuvert>Inconnu</compteOuvert> <carte>Inconnu</carte> <blacklist>false</blacklist> <Point> <coordinates>-1.166125,46.189515,0</coordinates> </Point> </Placemark> <Placemark> <id>197</id> <name>Decheterie Néré</name> <description>Néré 17510 Néré</description> <horaires>Du lundi au Vendredi 13h30-18h30</horaires> <type>PARTIC</type> <barriere>Inconnu</barriere> <compteOuvert>Inconnu</compteOuvert> <carte>Inconnu</carte> <blacklist>false</blacklist> <Point> <coordinates>-0.227715,45.984238,0</coordinates> </Point> </Placemark> <Placemark> <id>198</id> <name>Decheterie Aytré</name> <description>Chemin du Pontreau 17440 Aytré</description> <horaires>du lundi au samedi (sauf jours fériés) de 14 à 18 heures</horaires> <type>PARTIC</type> <barriere>Inconnu</barriere> <compteOuvert>Inconnu</compteOuvert> <carte>Inconnu</carte> <blacklist>false</blacklist> <Point> <coordinates>-1.122158,46.123418,0</coordinates> </Point> </Placemark> <Placemark> <id>199</id> <name>Decheterie Matha</name> <description>ZI DES GODINIERES 17160 Matha</description> <horaires>PRINTEMPS-ETE (du 1er avril au 30 septembre) Lundi Mardi Mercredi Jeudi Vendredi Samedi 14h-18h 14h-19h 14h-19h 14h-19h 14h-19h 9h-12h 14h-18h AUTOMNE-HIVER (du 1er octobre au 31 mars) Lundi Mardi Mercredi Jeudi Vendredi Samedi 14h-18h 14h-17h 14h-17h 14h-17h 14h-18h 9h-12h 14h-18h</horaires> <type>PARTIC</type> <barriere>Inconnu</barriere> <compteOuvert>Inconnu</compteOuvert> <carte>Inconnu</carte> <blacklist>false</blacklist> <Point> <coordinates>-0.308174,45.864721,0</coordinates> </Point> </Placemark> <Placemark> <id>200</id> <name>Decheterie Courçon</name> <description>Courçon 17170 Courçon</description> <horaires>Du lundi au Vendredi 13h30-18h30</horaires> <type>PARTIC</type> <barriere>Inconnu</barriere> <compteOuvert>Inconnu</compteOuvert> <carte>Inconnu</carte> <blacklist>false</blacklist> <Point> <coordinates>-0.809393,46.248256,0</coordinates> </Point> </Placemark> <Placemark> <id>201</id> <name>Decheterie Ars-en-Ré</name> <description>Route de Saint Clément 17590 Ars-en-Ré</description> <horaires>lundi au samedi de 9h à 12h et de 14h30 à 17h30</horaires> <type>PARTIC</type> <barriere>Inconnu</barriere> <compteOuvert>Inconnu</compteOuvert> <carte>Inconnu</carte> <blacklist>false</blacklist> <Point> <coordinates>-1.532431,46.221156,0</coordinates> </Point> </Placemark> <Placemark> <id>202</id> <name>Decheterie Le Gua</name> <description>le Gua 17600 Le Gua</description> <horaires></horaires> <type>PARTIC</type> <barriere>Inconnu</barriere> <compteOuvert>Inconnu</compteOuvert> <carte>Inconnu</carte> <blacklist>false</blacklist> <Point> <coordinates>-0.95618,45.750637,0</coordinates> </Point> </Placemark> <Placemark> <id>203</id> <name>Decheterie Rochefort</name> <description>Avenue du Pont Neuf 17300 Rochefort</description> <horaires>Du lundi au Vendredi 13h30-18h30</horaires> <type>PARTIC</type> <barriere>Inconnu</barriere> <compteOuvert>Inconnu</compteOuvert> <carte>Inconnu</carte> <blacklist>false</blacklist> <Point> <coordinates>-0.949516,45.955319,0</coordinates> </Point> </Placemark> <Placemark> <id>204</id> <name>Decheterie Aigrefeuille-d'Aunis</name> <description>Rue du Vieux Fief 17290 Aigrefeuille-d'Aunis</description> <horaires>PRINTEMPS-ETE (du 1er avril au 30 septembre) Lundi Mercredi Jeudi Vendredi Samedi 9h-12h 14h-19h 14h-19h 9h-12h 14h-19h 9h-12h 14h-19h 9h-12h 14h-18h AUTOMNE-HIVER (du 1er octobre au 31 mars) Lundi Mercredi Jeudi Vendredi Samedi 9h-12h 14h-17h 14h-18h 9h-12h 14h-17h 9h-12h 14h-17h 9h-12h 14h-18h</horaires> <type>PARTIC</type> <barriere>Inconnu</barriere> <compteOuvert>Inconnu</compteOuvert> <carte>Inconnu</carte> <blacklist>false</blacklist> <Point> <coordinates>-0.941909,46.120454,0</coordinates> </Point> </Placemark> <Placemark> <id>205</id> <name>Decheterie La Rochelle</name> <description>Rue Debussy 17000 La Rochelle</description> <horaires>Du lundi au samedi De 10h à 12h et de 14h à 18h</horaires> <type>PARTIC</type> <barriere>Inconnu</barriere> <compteOuvert>Inconnu</compteOuvert> <carte>Inconnu</carte> <blacklist>false</blacklist> <Point> <coordinates>-1.136589,46.158565,0</coordinates> </Point> </Placemark> <Placemark> <id>206</id> <name>Decheterie La Rochelle</name> <description>Rue Debussy 17000 La Rochelle</description> <horaires>Du lundi au samedi De 10h à 12h et de 14h à 18h</horaires> <type>PARTIC</type> <barriere>Inconnu</barriere> <compteOuvert>Inconnu</compteOuvert> <carte>Inconnu</carte> <blacklist>false</blacklist> <Point> <coordinates>-1.194541,46.164174,0</coordinates> </Point> </Placemark> <Placemark> <id>207</id> <name>Decheterie Massac</name> <description>ROUTE DE MASSAC 17490 Massac</description> <horaires></horaires> <type>PARTIC</type> <barriere>Inconnu</barriere> <compteOuvert>Inconnu</compteOuvert> <carte>Inconnu</carte> <blacklist>false</blacklist> <Point> <coordinates>-0.206168,45.874754,0</coordinates> </Point> </Placemark> <Placemark> <id>208</id> <name>Decheterie Saint-Just-Luzac</name> <description>18340 Saint-Just</description> <horaires>1/11 au 31/03 : lundi, samedi : 9h-12h 14h-17h mercredi, vendredi : 14h-17h 1/04 au 30/10 : lundi, samedi : 9h-12h 15h-18h mercredi, vendredi : 15h-18h</horaires> <type>PARTIC</type> <barriere>Inconnu</barriere> <compteOuvert>Inconnu</compteOuvert> <carte>Inconnu</carte> <blacklist>false</blacklist> <Point> <coordinates>-1.073851,45.828202,0</coordinates> </Point> </Placemark> <Placemark> <id>209</id> <name>Decheterie Saint-Jean-d'Angle</name> <description>Carrefour Rd 733 Rd 18 17620 Saint-Jean-d'Angle</description> <horaires>Du lundi au Vendredi 13h30-18h30</horaires> <type>PARTIC</type> <barriere>Inconnu</barriere> <compteOuvert>Inconnu</compteOuvert> <carte>Inconnu</carte> <blacklist>false</blacklist> <Point> <coordinates>-0.935302,45.833914,0</coordinates> </Point> </Placemark> <Placemark> <id>210</id> <name>Decheterie Saint-Nazaire-sur-Charente</name> <description>Site de la Capellane RD 148 30200 SAINT-NAZAIRE</description> <horaires>Hiver Toute la semaine 8-12h/14-17h Dimanche 8-12h Eté Toute la semaine 8-12h/14-18h Samedi 8-12h/14-19h Dimanche 8-12h</horaires> <type>PARTIC</type> <barriere>Inconnu</barriere> <compteOuvert>Inconnu</compteOuvert> <carte>Inconnu</carte> <blacklist>false</blacklist> <Point> <coordinates>-1.05555,45.928369,0</coordinates> </Point> </Placemark> <Placemark> <id>211</id> <name>Decheterie Saint-Pierre-d'Oléron</name> <description>Rue des Mines 59171 ERRE</description> <horaires>Eté (01/03 au 28/02) : Lundi au samedi : 9 h-12h / 13h-19h dimanche: 9h-12h Hiver (01/11 au 28/02) : Lundi au samedi : 9 h-12h / 13h-17h dimanche: 9h-12h</horaires> <type>PARTIC</type> <barriere>Inconnu</barriere> <compteOuvert>Inconnu</compteOuvert> <carte>Inconnu</carte> <blacklist>false</blacklist> <Point> <coordinates>-1.279873,45.926505,0</coordinates> </Point> </Placemark> <Placemark> <id>212</id> <name>Decheterie Saint-Sauveur-d'Aunis</name> <description>Chemin des Garennes 30610 SAUVE</description> <horaires>hiver lundi jeudi : 9h 12h et 14h 17h 30 vendredi 14h 17h30 samedi 9h 12h 14h 17h30 été lundi au jeudi, samedi : 9h 12h et 14h30 18h vendredi : 14h30 18h</horaires> <type>PARTIC</type> <barriere>Inconnu</barriere> <compteOuvert>Inconnu</compteOuvert> <carte>Inconnu</carte> <blacklist>false</blacklist> <Point> <coordinates>-0.88255,46.238784,0</coordinates> </Point> </Placemark> <Placemark> <id>213</id> <name>Decheterie Sainte-Marie-de-Ré</name> <description>Za la Lande du Guenet 35600 Sainte-Marie</description> <horaires>Lundi : 14 h - 17 h 30 Mardi : 14 h - 17 h 30 Mercredi : 14 h - 17 h 30 Jeudi : 14 h - 17 h 30 Vendredi : 14 h - 17 h 30 Samedi : 9 h 30 - 12 h et 14 h - 17 h 30</horaires> <type>PARTIC</type> <barriere>Inconnu</barriere> <compteOuvert>Inconnu</compteOuvert> <carte>Inconnu</carte> <blacklist>false</blacklist> <Point> <coordinates>-1.301454,46.156823,0</coordinates> </Point> </Placemark> <Placemark> <id>214</id> <name>Decheterie Sainte-Soulle</name> <description>Sainte-Soulle 17220 Sainte-Soulle</description> <horaires></horaires> <type>PARTIC</type> <barriere>Inconnu</barriere> <compteOuvert>Inconnu</compteOuvert> <carte>Inconnu</carte> <blacklist>false</blacklist> <Point> <coordinates>-1.05187,46.198576,0</coordinates> </Point> </Placemark> <Placemark> <id>215</id> <name>Decheterie Trizay</name> <description>Trizay 17250 Trizay</description> <horaires></horaires> <type>PARTIC</type> <barriere>Inconnu</barriere> <compteOuvert>Inconnu</compteOuvert> <carte>Inconnu</carte> <blacklist>false</blacklist> <Point> <coordinates>-0.879422,45.87312,0</coordinates> </Point> </Placemark> <Placemark> <id>216</id> <name>Decheterie Vouhé</name> <description>Route de Saint Georges du Bois 17700 Vouhé</description> <horaires></horaires> <type>PARTIC</type> <barriere>Inconnu</barriere> <compteOuvert>Inconnu</compteOuvert> <carte>Inconnu</carte> <blacklist>false</blacklist> <Point> <coordinates>-0.780028,46.135315,0</coordinates> </Point> </Placemark> <Placemark> <id>217</id> <name>Decheterie Charron</name> <description>Charron 17230 Charron</description> <horaires>Du lundi au Vendredi 13h30-18h30</horaires> <type>PARTIC</type> <barriere>Inconnu</barriere> <compteOuvert>Inconnu</compteOuvert> <carte>Inconnu</carte> <blacklist>false</blacklist> <Point> <coordinates>-1.077491,46.288998,0</coordinates> </Point> </Placemark> <Placemark> <id>218</id> <name>Decheterie Portes-en-Ré</name> <description>le Marais du Pas Thomas 17880 Portes-en-Ré</description> <horaires></horaires> <type>PARTIC</type> <barriere>Inconnu</barriere> <compteOuvert>Inconnu</compteOuvert> <carte>Inconnu</carte> <blacklist>false</blacklist> <Point> <coordinates>-1.509354,46.245331,0</coordinates> </Point> </Placemark> <Placemark> <id>219</id> <name>Decheterie Marans</name> <description>route du Château d'eau 17230 Marans</description> <horaires>PRINTEMPS-ETE (du 1er avril au 30 septembre) Lundi Mercredi Jeudi Vendredi Samedi 9h-12h 14h-19h 9h-12h 14h-19h 14h-19h 9h-12h 14h-19h 9h-12h 14h-18h AUTOMNE-HIVER (du 1er octobre au 31 mars) Lundi Mercredi Jeudi Vendredi Samedi 9h-12h 14h-17h 9h-12h 14h-17h 14h-18h 9h-12h 14h-17h 9h-12h 14h-18h</horaires> <type>PARTIC</type> <barriere>Inconnu</barriere> <compteOuvert>Inconnu</compteOuvert> <carte>Inconnu</carte> <blacklist>false</blacklist> <Point> <coordinates>-0.985334,46.301775,0</coordinates> </Point> </Placemark> <Placemark> <id>220</id> <name>Decheterie Chaniers</name> <description>Chemin des Prises 17610 Chaniers</description> <horaires>PRINTEMPS-ETE (du 1er avril au 30 septembre) Lundi Mardi Mercredi Vendredi Samedi 9h-12h 14h-19h 14h-19h 9h-12h 14h-19h 9h-12h 14h-19h 9h-12h 14h-18h AUTOMNE-HIVER (du 1er octobre au 31 mars) Lundi Mardi Mercredi Vendredi Samedi 9h-12h 14h-17h 14h-18h 9h-12h 14h-17h 9h-12h 14h-17h 9h-12h 14h-18h Fermée le jeudi !</horaires> <type>PARTIC</type> <barriere>Inconnu</barriere> <compteOuvert>Inconnu</compteOuvert> <carte>Inconnu</carte> <blacklist>false</blacklist> <Point> <coordinates>-0.551847,45.73359,0</coordinates> </Point> </Placemark> <Placemark> <id>221</id> <name>Decheterie Gémozac</name> <description>Les Chassières 17260 Gémozac</description> <horaires>ouverte le matin de 10 h 30 à 12 h 30 sauf les mardis, dimanches et jours fériés l'après midi de 14 h 30 à 18 h 30* sauf les mardis, dimanches et jours fériés . (*17 h 30 en hiver du 1er novembre au 31 mars)</horaires> <type>PARTIC</type> <barriere>Inconnu</barriere> <compteOuvert>Inconnu</compteOuvert> <carte>Inconnu</carte> <blacklist>false</blacklist> <Point> <coordinates>-0.686231,45.577312,0</coordinates> </Point> </Placemark> <Placemark> <id>222</id> <name>Decheterie Châtelaillon-Plage</name> <description>Z.I de Saint Jean des Sables 17340 Châtelaillon-Plage</description> <horaires>lundi au samedi de 9 h à 12 h et de 14 h à 18 h</horaires> <type>PARTIC</type> <barriere>Inconnu</barriere> <compteOuvert>Inconnu</compteOuvert> <carte>Inconnu</carte> <blacklist>false</blacklist> <Point> <coordinates>-1.09753,46.093625,0</coordinates> </Point> </Placemark> <Placemark> <id>223</id> <name>Decheterie Montpellier-de-Médillan</name> <description>Route de Meursac 17260 Montpellier-de-Médillan</description> <horaires>ETE : Lundi, mardi, jeudi, vendredi, samedi 10H30 – 12H30 et 14H30 – 18H30 HIVER : Lundi, mardi, jeudi, vendredi, samedi 10H30 – 12H30 et 14H30 – 17H30</horaires> <type>PARTIC</type> <barriere>Inconnu</barriere> <compteOuvert>Inconnu</compteOuvert> <carte>Inconnu</carte> <blacklist>false</blacklist> <Point> <coordinates>-0.760068,45.634971,0</coordinates> </Point> </Placemark> <Placemark> <id>224</id> <name>Decheterie Le Bois-Plage-en-Ré</name> <description>La Croix Blanche Le Morinand 17580 Le Bois-Plage-en-Ré</description> <horaires>du 15 juin au 14 septembre inclus : du lundi au vendredi : de 9h00 à 12h00 et de 14h00 à 18h30 samedi : de 9h00 à 12h00 et 14h30 à 18h30 du 15 septembre au 14 juin inclus : du lundi au samedi : de 9h00 à 12h00 et de 14h00 à 17h30</horaires> <type>PARTIC</type> <barriere>Inconnu</barriere> <compteOuvert>Inconnu</compteOuvert> <carte>Inconnu</carte> <blacklist>false</blacklist> <Point> <coordinates>-1.360081,46.189302,0</coordinates> </Point> </Placemark> <Placemark> <id>225</id> <name>Decheterie La Brée-les-Bains</name> <description>"La Butte aux Anes" (RD 734) 17840 La Brée-les-Bains</description> <horaires>Du 01/01 au 15/03 et du 15/11 au 31/12 : Du lundi au samedi de 9 h à 12 h 00 et de 14 h à 18 h. Du 16/03 au 14/11 : Du lundi au samedi de 9 h à 11 h 50 et de 14 h à 18 h, et le dimanche de 9 h à 12 h 00.</horaires> <type>PARTIC</type> <barriere>Inconnu</barriere> <compteOuvert>Inconnu</compteOuvert> <carte>Inconnu</carte> <blacklist>false</blacklist> <Point> <coordinates>-1.356628,46.007408,0</coordinates> </Point> </Placemark> <Placemark> <id>226</id> <name>Decheterie Plassay</name> <description>SAINT PORCHAIRE 17250 Plassay</description> <horaires>Lundi à vendredi : 14h30 à 18h30 Samedi : 09h00 à 12h00 et 14h30 à 18h30</horaires> <type>PARTIC</type> <barriere>Inconnu</barriere> <compteOuvert>Inconnu</compteOuvert> <carte>Inconnu</carte> <blacklist>false</blacklist> <Point> <coordinates>-0.751666,45.829154,0</coordinates> </Point> </Placemark> <Placemark> <id>227</id> <name>Decheterie Arces</name> <description>Lieu Dit Artillac 17120 Arces</description> <horaires>Lundi au samedi de 9h à 11h45 et de 14h à 17h45 Mardi : Fermé Dimanche : Fermé Fermeture les jours fériés</horaires> <type>PARTIC</type> <barriere>Inconnu</barriere> <compteOuvert>Inconnu</compteOuvert> <carte>Inconnu</carte> <blacklist>false</blacklist> <Point> <coordinates>-0.880552,45.550432,0</coordinates> </Point> </Placemark> <Placemark> <id>228</id> <name>Decheterie Le Château-d'Oléron</name> <description>Fontembre-Le Riveau 17480 Le Château-d'Oléron</description> <horaires>Du lundi au samedi : de 9h à 12h00 et de 14h à 18h00 + Le dimanche matin du 16 mars au 14 novembre de 9h à 12h00 (Fermée les jours fériés)</horaires> <type>PARTIC</type> <barriere>Inconnu</barriere> <compteOuvert>Inconnu</compteOuvert> <carte>Inconnu</carte> <blacklist>false</blacklist> <Point> <coordinates>-1.239879,45.885387,0</coordinates> </Point> </Placemark> <Placemark> <id>229</id> <name>Decheterie Lorignac</name> <description>Route de St Genis - Royan 17240 Lorignac</description> <horaires>Mardi, mercredi, jeudi et samedi 9h00 - 12h30 et 14h00-17h30</horaires> <type>PARTIC</type> <barriere>Inconnu</barriere> <compteOuvert>Inconnu</compteOuvert> <carte>Inconnu</carte> <blacklist>false</blacklist> <Point> <coordinates>-0.694352,45.465025,0</coordinates> </Point> </Placemark> <Placemark> <id>230</id> <name>Decheterie Échillais</name> <description>Les Brandes du Château (chemin rural n°12) 17620 Échillais</description> <horaires>Horaires d'été (du 1er avril au 30 septembre) du lundi au samedi : de 10 h 00 à 12 h 30 et de 14 h 30 à 19 h 00 le dimanche : de 10 h 00 à 13 h 00 Horaires d'hiver (du 1er octobre au 31 mars) du lundi au samedi : de 10 h 00 à 12 h 30 et de 14 h 30 à 18 h 00 le dimanche : de 10 h 00 à 13 h 00</horaires> <type>PARTIC</type> <barriere>Inconnu</barriere> <compteOuvert>Inconnu</compteOuvert> <carte>Inconnu</carte> <blacklist>false</blacklist> <Point> <coordinates>-0.980253,45.911187,0</coordinates> </Point> </Placemark> <Placemark> <id>231</id> <name>Decheterie Surgères</name> <description>Zone Industrielle 17700 Surgères</description> <horaires></horaires> <type>PARTIC</type> <barriere>Inconnu</barriere> <compteOuvert>Inconnu</compteOuvert> <carte>Inconnu</carte> <blacklist>false</blacklist> <Point> <coordinates>-0.784059,46.110213,0</coordinates> </Point> </Placemark> <Placemark> <id>232</id> <name>Decheterie Tonnay-Charente</name> <description>Za Croix Biron 17430 Tonnay-Charente</description> <horaires></horaires> <type>PARTIC</type> <barriere>Inconnu</barriere> <compteOuvert>Inconnu</compteOuvert> <carte>Inconnu</carte> <blacklist>false</blacklist> <Point> <coordinates>-0.894118,45.952307,0</coordinates> </Point> </Placemark> <Placemark> <id>233</id> <name>Decheterie Aubigny-sur-Nère</name> <description>Le Gorgeot 18700 Aubigny-sur-Nère</description> <horaires>1/11 au 31/03 : lundi, vendredi : 13h-18h mercredi, samedi : 9h-12h 13h-18h 1/04 au 31/10 : lundi, vendredi : 14h-19h mercredi, samedi : 9h-12h 14h-19h</horaires> <type>PARTIC</type> <barriere>Inconnu</barriere> <compteOuvert>Inconnu</compteOuvert> <carte>Inconnu</carte> <blacklist>false</blacklist> <Point> <coordinates>2.432619,47.500446,0</coordinates> </Point> </Placemark> <Placemark> <id>234</id> <name>Decheterie Baugy</name> <description>D956 Chemin des Grands Fleur Bourdin 89290 Augy</description> <horaires>Tous les jours sauf mardi, jeudi, dimanche et JF De 9h30 à 12h et 14h30 18h toute l'année.</horaires> <type>PARTIC</type> <barriere>Inconnu</barriere> <compteOuvert>Inconnu</compteOuvert> <carte>Inconnu</carte> <blacklist>false</blacklist> <Point> <coordinates>2.714214,47.084171,0</coordinates> </Point> </Placemark> <Placemark> <id>235</id> <name>Decheterie Levet</name> <description>Les Dames Roses 18340 Levet</description> <horaires>1/11 au 31/03 : lundi, samedi : 9h-12h 14h-17h mercredi, vendredi : 14h-17h 01/04 au 30/10 : lundi : 9h-12h 15h-18h mercredi, vendredi : 15h-18h samedi : 9h-12h 14h-19h</horaires> <type>PARTIC</type> <barriere>Inconnu</barriere> <compteOuvert>Inconnu</compteOuvert> <carte>Inconnu</carte> <blacklist>false</blacklist> <Point> <coordinates>2.398985,46.935787,0</coordinates> </Point> </Placemark> <Placemark> <id>236</id> <name>Decheterie Lignières</name> <description>Route de Bourges 18160 Lignières</description> <horaires>8h30-12h sauf mercredi, vendredi : 13h30-17h</horaires> <type>PARTIC</type> <barriere>Inconnu</barriere> <compteOuvert>Inconnu</compteOuvert> <carte>Inconnu</carte> <blacklist>false</blacklist> <Point> <coordinates>2.230264,46.779062,0</coordinates> </Point> </Placemark> <Placemark> <id>237</id> <name>Decheterie Mehun-sur-Yèvre</name> <description>Rue du paradis 18500 Mehun-sur-Yèvre</description> <horaires>1/11 au 31/03 : lundi, mardi : 13h30-17h15 mercredi, vendredi, samedi : 8h30-12h 13h30-17h15 1/04 au 31/10 : lundi, mardi : 14h-18h mercredi, vendredi, samedi : 8h30-12h 14h-18h</horaires> <type>PARTIC</type> <barriere>Inconnu</barriere> <compteOuvert>Inconnu</compteOuvert> <carte>Inconnu</carte> <blacklist>false</blacklist> <Point> <coordinates>2.240145,47.138306,0</coordinates> </Point> </Placemark> <Placemark> <id>238</id> <name>Decheterie Nohant-en-Graçay</name> <description>Route de Genouilly, les Usages D164 18310 Nohant-en-Graçay</description> <horaires>15/10 au 14/04 : lundi, mercredi, vendredi : 14h-17h samedi : 9h-12h 14h-17h 15/04 au 14/10 : lundi, mercredi, vendredi : 14h-18h samedi : 9h-12h 14h-18h</horaires> <type>PARTIC</type> <barriere>Inconnu</barriere> <compteOuvert>Inconnu</compteOuvert> <carte>Inconnu</carte> <blacklist>false</blacklist> <Point> <coordinates>1.898887,47.151193,0</coordinates> </Point> </Placemark> <Placemark> <id>239</id> <name>Decheterie Saint-Amand-Montrond</name> <description>Za du Moulin Blanc 59230 Saint Amand</description> <horaires>Été (01/03 au 31/10) : lundi au jeudi: 9-12h 13-19h vendredi et samedi: 9-19h dimanche: 9-12h Hiver (du 01/11 au 28/02) : lundi au samedi: 9-12h 13-17h dimanche: 9-12h</horaires> <type>PARTIC</type> <barriere>Inconnu</barriere> <compteOuvert>Inconnu</compteOuvert> <carte>Inconnu</carte> <blacklist>false</blacklist> <Point> <coordinates>2.518586,46.705166,0</coordinates> </Point> </Placemark> <Placemark> <id>240</id> <name>Decheterie Saint-Doulchard</name> <description>Rond Point de la Rocade 18230 Saint-Doulchard</description> <horaires>01/11 au 31/03: lundi, mercredi : 14h-16h30 samedi : 9h30-12h 14h-16h30 dimanche : 9h30-12h 01/04/ au 31/10 : lundi, mercredi : 14h-18h vendredi : 9h-12h samedi : 9h-12h 14h-18h dimanche : 9h-12h</horaires> <type>PARTIC</type> <barriere>Inconnu</barriere> <compteOuvert>Inconnu</compteOuvert> <carte>Inconnu</carte> <blacklist>false</blacklist> <Point> <coordinates>2.334229,47.097869,0</coordinates> </Point> </Placemark> <Placemark> <id>241</id> <name>Decheterie Saint-Hilaire-de-Court</name> <description>Z.I. Le Plô 11250 SAINT-HILAIRE</description> <horaires></horaires> <type>PARTIC</type> <barriere>Inconnu</barriere> <compteOuvert>Inconnu</compteOuvert> <carte>Inconnu</carte> <blacklist>false</blacklist> <Point> <coordinates>1.98487,47.213224,0</coordinates> </Point> </Placemark> <Placemark> <id>242</id> <name>Decheterie Saint-Just</name> <description>18340 Saint-Just</description> <horaires>1/11 au 31/03 : lundi, samedi : 9h-12h 14h-17h mercredi, vendredi : 14h-17h 1/04 au 30/10 : lundi, samedi : 9h-12h 15h-18h mercredi, vendredi : 15h-18h</horaires> <type>PARTIC</type> <barriere>Inconnu</barriere> <compteOuvert>Inconnu</compteOuvert> <carte>Inconnu</carte> <blacklist>false</blacklist> <Point> <coordinates>2.502208,46.979289,0</coordinates> </Point> </Placemark> <Placemark> <id>243</id> <name>Decheterie Saint-Martin-d'Auxigny</name> <description>Lieu Dit Fuyragues 83560 Saint-Martin</description> <horaires>Mardi, Mercredi, Jeudi, Vendredi, Samedi : du 01/11 au 28/02 : 8h-12h du 01/03 au 31/10 : 7h45-12h</horaires> <type>PARTIC</type> <barriere>Inconnu</barriere> <compteOuvert>Inconnu</compteOuvert> <carte>Inconnu</carte> <blacklist>false</blacklist> <Point> <coordinates>2.401277,47.216259,0</coordinates> </Point> </Placemark> <Placemark> <id>244</id> <name>Decheterie Saint-Maur</name> <description>Lieux dit les Chaillots D62 18270 Saint-Maur</description> <horaires>13h30-17h sauf mercredi, vendredi : 8h30-12h</horaires> <type>PARTIC</type> <barriere>Inconnu</barriere> <compteOuvert>Inconnu</compteOuvert> <carte>Inconnu</carte> <blacklist>false</blacklist> <Point> <coordinates>2.279022,46.564756,0</coordinates> </Point> </Placemark> <Placemark> <id>245</id> <name>Decheterie Sancoins</name> <description>Les vieilles sallières route de la Guerche 18600 Sancoins</description> <horaires>13h30-17h sauf mercredi, vendredi : 8h30-12h</horaires> <type>PARTIC</type> <barriere>Inconnu</barriere> <compteOuvert>Inconnu</compteOuvert> <carte>Inconnu</carte> <blacklist>false</blacklist> <Point> <coordinates>2.934359,46.840648,0</coordinates> </Point> </Placemark> <Placemark> <id>246</id> <name>Decheterie Torteron</name> <description>Patinges 18320 Torteron</description> <horaires>13h30-17h sauf mercredi, vendredi : 8h30-12h</horaires> <type>PARTIC</type> <barriere>Inconnu</barriere> <compteOuvert>Inconnu</compteOuvert> <carte>Inconnu</carte> <blacklist>false</blacklist> <Point> <coordinates>2.983284,47.004059,0</coordinates> </Point> </Placemark> <Placemark> <id>247</id> <name>Decheterie Vierzon</name> <description>Chemin du Petit Rateau 18100 Vierzon</description> <horaires>Lundi à samedi 8H30-12H15 13H30-17H30 le dimanche:9h30-13h</horaires> <type>PARTIC</type> <barriere>Inconnu</barriere> <compteOuvert>Inconnu</compteOuvert> <carte>Inconnu</carte> <blacklist>false</blacklist> <Point> <coordinates>2.086141,47.210199,0</coordinates> </Point> </Placemark> <Placemark> <id>248</id> <name>Decheterie Vierzon</name> <description>Chemin du Petit Rateau 18100 Vierzon</description> <horaires>Lundi à samedi 8H30-12H15 13H30-17H30 le dimanche:9h30-13h</horaires> <type>PARTIC</type> <barriere>Inconnu</barriere> <compteOuvert>Inconnu</compteOuvert> <carte>Inconnu</carte> <blacklist>false</blacklist> <Point> <coordinates>2.098656,47.233636,0</coordinates> </Point> </Placemark> <Placemark> <id>249</id> <name>Decheterie Vinon</name> <description>Les Garennes 18300 Vinon</description> <horaires>1/11 au 28/02 : 13h30-17h30 sauf samedi : 8h30-12h 13h30-17h30 1/03 au 31/10 : 14h-18h sauf samedi : 8h-12h 14h-18h</horaires> <type>PARTIC</type> <barriere>Inconnu</barriere> <compteOuvert>Inconnu</compteOuvert> <carte>Inconnu</carte> <blacklist>false</blacklist> <Point> <coordinates>2.820359,47.295504,0</coordinates> </Point> </Placemark> <Placemark> <id>250</id> <name>Decheterie La Chapelle-Saint-Ursin</name> <description>6 Avenue Louis Billant, Zi Orchidée 18570 La Chapelle-Saint-Ursin</description> <horaires>8h-12h 14h-17h</horaires> <type>PARTIC</type> <barriere>Inconnu</barriere> <compteOuvert>Inconnu</compteOuvert> <carte>Inconnu</carte> <blacklist>false</blacklist> <Point> <coordinates>2.307234,47.052898,0</coordinates> </Point> </Placemark> <Placemark> <id>251</id> <name>Decheterie Bourges</name> <description>Les Quatre Vents 18000 Bourges</description> <horaires>lundi au samedi : 10h-12h 14h-18h dimanche : 10h-12h</horaires> <type>PARTIC</type> <barriere>Inconnu</barriere> <compteOuvert>Inconnu</compteOuvert> <carte>Inconnu</carte> <blacklist>false</blacklist> <Point> <coordinates>2.357412,47.079238,0</coordinates> </Point> </Placemark> <Placemark> <id>252</id> <name>Decheterie Bourges</name> <description>Les Quatre Vents 18000 Bourges</description> <horaires>lundi au samedi : 10h-12h 14h-18h dimanche : 10h-12h</horaires> <type>PARTIC</type> <barriere>Inconnu</barriere> <compteOuvert>Inconnu</compteOuvert> <carte>Inconnu</carte> <blacklist>false</blacklist> <Point> <coordinates>2.443023,47.117012,0</coordinates> </Point> </Placemark> <Placemark> <id>253</id> <name>Decheterie Lunery</name> <description>Rosières 18400 Lunery</description> <horaires>Du lundi au Vendredi 13h30-18h30</horaires> <type>PARTIC</type> <barriere>Inconnu</barriere> <compteOuvert>Inconnu</compteOuvert> <carte>Inconnu</carte> <blacklist>false</blacklist> <Point> <coordinates>2.248613,46.959418,0</coordinates> </Point> </Placemark> <Placemark> <id>254</id> <name>Decheterie Dun-sur-Auron</name> <description>la Sauceronne Route de Vorly 18130 Dun-sur-Auron</description> <horaires>du 1/11 au 31/03 : lundi, samedi : 8h-12h 14-17h mercredi : 8h30-12h 14h-17h du 1/04 au 31/10 : lundi, vendredi : 14h-18h30 mercredi, samedi : 8h30-12h 14h-18h30</horaires> <type>PARTIC</type> <barriere>Inconnu</barriere> <compteOuvert>Inconnu</compteOuvert> <carte>Inconnu</carte> <blacklist>false</blacklist> <Point> <coordinates>2.556574,46.886688,0</coordinates> </Point> </Placemark> <Placemark> <id>255</id> <name>Decheterie Henrichemont</name> <description>Zone du Champs de Mars 57270 Richemont</description> <horaires>Lundi Mercredi Vendredi 9h-12h et 14h-18h Mardi Jeudi 9h-13h Samedi 9h-18h</horaires> <type>PARTIC</type> <barriere>Inconnu</barriere> <compteOuvert>Inconnu</compteOuvert> <carte>Inconnu</carte> <blacklist>false</blacklist> <Point> <coordinates>2.50535,47.296236,0</coordinates> </Point> </Placemark> <Placemark> <id>256</id> <name>Decheterie Lury-sur-Arnon</name> <description>Route de Quincy les Usages 18120 Lury-sur-Arnon</description> <horaires>lundi, mardi, mercredi : 8h-12h30 13h-17h30 vendredi : 9h-12h 13h-17h30 samedi : 8h-12h30 13h-17h</horaires> <type>PARTIC</type> <barriere>Inconnu</barriere> <compteOuvert>Inconnu</compteOuvert> <carte>Inconnu</carte> <blacklist>false</blacklist> <Point> <coordinates>2.07238,47.128895,0</coordinates> </Point> </Placemark> <Placemark> <id>257</id> <name>Decheterie Nérondes</name> <description>Route de Bourges D976 18350 Nérondes</description> <horaires>mercredi, vendredi : 13h30-17h mardi, jeudi, samedi : 8h30-12h</horaires> <type>PARTIC</type> <barriere>Inconnu</barriere> <compteOuvert>Inconnu</compteOuvert> <carte>Inconnu</carte> <blacklist>false</blacklist> <Point> <coordinates>2.808375,46.995551,0</coordinates> </Point> </Placemark> <Placemark> <id>258</id> <name>Decheterie Charenton-du-Cher</name> <description>Route de Charenton du cher 18210 Charenton-du-Cher</description> <horaires>mercredi, vendredi : 13h30-17h mardi, jeudi, samedi : 8h30-12h</horaires> <type>PARTIC</type> <barriere>Inconnu</barriere> <compteOuvert>Inconnu</compteOuvert> <carte>Inconnu</carte> <blacklist>false</blacklist> <Point> <coordinates>2.669076,46.731991,0</coordinates> </Point> </Placemark> <Placemark> <id>259</id> <name>Decheterie Neuvy-sur-Barangeon</name> <description>Missais 18330 Neuvy-sur-Barangeon</description> <horaires>Lundi : 13h-45-17h30, Mercredi, Jeudi et Samedi : 8h45-12h, Vendredi : 14h15-17h30.</horaires> <type>PARTIC</type> <barriere>Inconnu</barriere> <compteOuvert>Inconnu</compteOuvert> <carte>Inconnu</carte> <blacklist>false</blacklist> <Point> <coordinates>2.269993,47.32,0</coordinates> </Point> </Placemark> <Placemark> <id>260</id> <name>Decheterie Blet</name> <description>Route de Cholivay 18350 Blet</description> <horaires>mercredi : 14h-16h samedi : 10h-12h</horaires> <type>PARTIC</type> <barriere>Inconnu</barriere> <compteOuvert>Inconnu</compteOuvert> <carte>Inconnu</carte> <blacklist>false</blacklist> <Point> <coordinates>2.722623,46.883874,0</coordinates> </Point> </Placemark> <Placemark> <id>261</id> <name>Decheterie La Guerche-sur-l'Aubois</name> <description>rue Pierre Boucher 18150 La Guerche-sur-l'Aubois</description> <horaires>mercredi, vendredi : 8h30-12h mardi, jeudi, samedi : 13h30-17h</horaires> <type>PARTIC</type> <barriere>Inconnu</barriere> <compteOuvert>Inconnu</compteOuvert> <carte>Inconnu</carte> <blacklist>false</blacklist> <Point> <coordinates>2.960015,46.96317,0</coordinates> </Point> </Placemark> <Placemark> <id>262</id> <name>Decheterie Assigny</name> <description>route de Savigny Les Chagnats 18260 Assigny</description> <horaires>Lundi, mercredi et samedi 01/10 au 31/03 : 8h-12 14h-17h 01/04 au 30/09 : 8h-12h 14h-19h</horaires> <type>PARTIC</type> <barriere>Inconnu</barriere> <compteOuvert>Inconnu</compteOuvert> <carte>Inconnu</carte> <blacklist>false</blacklist> <Point> <coordinates>2.778257,47.446133,0</coordinates> </Point> </Placemark> <Placemark> <id>263</id> <name>Decheterie Rians</name> <description>Quartier la roquette 83560 Rians</description> <horaires>Lundi, Mardi, Mercredi, Jeudi, Vendredi, Samedi : du 01/11 au 28/02 : 8h-12h/13h30-17h30 du 01/03 au 31/10 : 7h45-12h/13h30-18h</horaires> <type>PARTIC</type> <barriere>Inconnu</barriere> <compteOuvert>Inconnu</compteOuvert> <carte>Inconnu</carte> <blacklist>false</blacklist> <Point> <coordinates>2.602395,47.191805,0</coordinates> </Point> </Placemark> <Placemark> <id>264</id> <name>Decheterie Saint-Florent-sur-Cher</name> <description>Zi Rue René Fontaine 18207 Saint-Florent-sur-Cher</description> <horaires></horaires> <type>PARTIC</type> <barriere>Inconnu</barriere> <compteOuvert>Inconnu</compteOuvert> <carte>Inconnu</carte> <blacklist>false</blacklist> <Point> <coordinates>2.256719,47.007562,0</coordinates> </Point> </Placemark> <Placemark> <id>265</id> <name>Decheterie Sancergues</name> <description>Route des Nérondes 18140 Sancergues</description> <horaires>mardi, jeudi, samedi : 8h30-12h mercredi, vendredi : 13h30-17h</horaires> <type>PARTIC</type> <barriere>Inconnu</barriere> <compteOuvert>Inconnu</compteOuvert> <carte>Inconnu</carte> <blacklist>false</blacklist> <Point> <coordinates>2.909938,47.137062,0</coordinates> </Point> </Placemark> <Placemark> <id>266</id> <name>Decheterie Trouy</name> <description>la Ducroterie 58110 ROUY</description> <horaires>ETE : du 01/05/ au 30/09 : 9h à 12h et 14h30 à 18h HIVER : du 01/10 au 30/04 : 10h à 12h et 14h30 à 16h30 le Samedi ETE : 9h 12h - 14h30 18h30 HIVER : 9h 12h - 14h30 16h30 Fermeture le jeudi !</horaires> <type>PARTIC</type> <barriere>Inconnu</barriere> <compteOuvert>Inconnu</compteOuvert> <carte>Inconnu</carte> <blacklist>false</blacklist> <Point> <coordinates>2.342952,47.009818,0</coordinates> </Point> </Placemark> <Placemark> <id>267</id> <name>Decheterie Venesmes</name> <description>Route de Corquoy D27 les Rolettes 18190 Venesmes</description> <horaires>8h30-12h sauf mercredi, vendredi : 13h30-17h Fermé le lundi</horaires> <type>PARTIC</type> <barriere>Inconnu</barriere> <compteOuvert>Inconnu</compteOuvert> <carte>Inconnu</carte> <blacklist>false</blacklist> <Point> <coordinates>2.301985,46.866889,0</coordinates> </Point> </Placemark> <Placemark> <id>268</id> <name>Decheterie Vallenay</name> <description>route de Crézançay d145 18190 Vallenay</description> <horaires>mardi, jeudi, samedi : 13h30-17h mercredi, vendredi : 8h30-12h</horaires> <type>PARTIC</type> <barriere>Inconnu</barriere> <compteOuvert>Inconnu</compteOuvert> <carte>Inconnu</carte> <blacklist>false</blacklist> <Point> <coordinates>2.36611,46.805468,0</coordinates> </Point> </Placemark> <Placemark> <id>269</id> <name>Decheterie Vignoux-sur-Barangeon</name> <description>Za la Landette 18500 Vignoux-sur-Barangeon</description> <horaires>Lundi et vendredi : 8h45-12h // Mercredi, Jeudi et Samedi : 13h45-17h30.</horaires> <type>PARTIC</type> <barriere>Inconnu</barriere> <compteOuvert>Inconnu</compteOuvert> <carte>Inconnu</carte> <blacklist>false</blacklist> <Point> <coordinates>2.182257,47.194211,0</coordinates> </Point> </Placemark> <Placemark> <id>270</id> <name>Decheterie Bréhand</name> <description>Zone Industrielle du Vau Jaune 22510 Bréhand</description> <horaires>Du lundi au Vendredi 13h30-18h30</horaires> <type>PARTIC</type> <barriere>Inconnu</barriere> <compteOuvert>Inconnu</compteOuvert> <carte>Inconnu</carte> <blacklist>false</blacklist> <Point> <coordinates>-2.588265,48.401952,0</coordinates> </Point> </Placemark> <Placemark> <id>271</id> <name>Decheterie Callac</name> <description>ZA de Kerguiniou 22160 CALLAC</description> <horaires>Lundi, Mercredi, Samedi 8h30-12h 14h-18h</horaires> <type>PARTIC</type> <barriere>Inconnu</barriere> <compteOuvert>Inconnu</compteOuvert> <carte>Inconnu</carte> <blacklist>false</blacklist> <Point> <coordinates>-3.401506,48.407001,0</coordinates> </Point> </Placemark> <Placemark> <id>272</id> <name>Decheterie Caulnes</name> <description>Les Pouriaux 22350 CAULNES</description> <horaires>lundi, jeudi : 8h30-18h samedi:8h30-17h30</horaires> <type>PARTIC</type> <barriere>Inconnu</barriere> <compteOuvert>Inconnu</compteOuvert> <carte>Inconnu</carte> <blacklist>false</blacklist> <Point> <coordinates>-2.146427,48.297266,0</coordinates> </Point> </Placemark> <Placemark> <id>273</id> <name>Decheterie Corlay</name> <description>ZA du Poteau 22320 CORLAY</description> <horaires>14h-17h45 lundi 09h-11h45 mercredi matin et après midi le samedi</horaires> <type>PARTIC</type> <barriere>Inconnu</barriere> <compteOuvert>Inconnu</compteOuvert> <carte>Inconnu</carte> <blacklist>false</blacklist> <Point> <coordinates>-3.043796,48.306819,0</coordinates> </Point> </Placemark> <Placemark> <id>274</id> <name>Decheterie Erquy</name> <description>La Ville Es Mares 22430 ERQUY</description> <horaires>Lundi, Mercredi, Jeudi, Vendredi, Samedi 9h-12h/14h-18h</horaires> <type>PARTIC</type> <barriere>Inconnu</barriere> <compteOuvert>Inconnu</compteOuvert> <carte>Inconnu</carte> <blacklist>false</blacklist> <Point> <coordinates>-2.433609,48.617983,0</coordinates> </Point> </Placemark> <Placemark> <id>275</id> <name>Decheterie L'Hermitage-Lorge</name> <description>Zone de Paly 22150 HERMITAGE-LORGE</description> <horaires>Lundi, Mardi, Mercredi, Vendredi, Samedi 14h-17h30 sauf le samedi: 9h-12h; 14h-17h30</horaires> <type>PARTIC</type> <barriere>Inconnu</barriere> <compteOuvert>Inconnu</compteOuvert> <carte>Inconnu</carte> <blacklist>false</blacklist> <Point> <coordinates>-2.831163,48.32795,0</coordinates> </Point> </Placemark> <Placemark> <id>276</id> <name>Decheterie La Landec</name> <description>Za de Beauvent 22980 LA LANDEC</description> <horaires>lundi, vendredi : 13h30-17h30 mercredi : 10h-12h 13h30-17h30 samedi : 10h-12h 13h30-18h de nov à fév : fermeture à 17h</horaires> <type>PARTIC</type> <barriere>Inconnu</barriere> <compteOuvert>Inconnu</compteOuvert> <carte>Inconnu</carte> <blacklist>false</blacklist> <Point> <coordinates>-2.189781,48.427242,0</coordinates> </Point> </Placemark> <Placemark> <id>277</id> <name>Decheterie Lannion</name> <description>Le Faou 22300 LANNION</description> <horaires>Lundi, Mardi, Mercredi, Jeudi, Vendredi, Samedi, Dimanche Hiver (01/10 au 31/03): 8h30-12h 14h-18h sauf le dimanche: 10h-12h Eté: fermeture à 19h sauf le dimanche 10h-12h</horaires> <type>PARTIC</type> <barriere>Inconnu</barriere> <compteOuvert>Inconnu</compteOuvert> <carte>Inconnu</carte> <blacklist>false</blacklist> <Point> <coordinates>-3.46082,48.763038,0</coordinates> </Point> </Placemark> <Placemark> <id>278</id> <name>Decheterie Loscouët-sur-Meu</name> <description>la Gautrais 22230 Loscouët-sur-Meu</description> <horaires>Du lundi au Vendredi 13h30-18h30</horaires> <type>PARTIC</type> <barriere>Inconnu</barriere> <compteOuvert>Inconnu</compteOuvert> <carte>Inconnu</carte> <blacklist>false</blacklist> <Point> <coordinates>-2.247292,48.201805,0</coordinates> </Point> </Placemark> <Placemark> <id>279</id> <name>Decheterie Loudéac</name> <description>Saint Bugan, Za de la Rabine - Route de Trévé 22600 Loudéac</description> <horaires>Du lundi au Vendredi 13h30-18h30</horaires> <type>PARTIC</type> <barriere>Inconnu</barriere> <compteOuvert>Inconnu</compteOuvert> <carte>Inconnu</carte> <blacklist>false</blacklist> <Point> <coordinates>-2.777836,48.189983,0</coordinates> </Point> </Placemark> <Placemark> <id>280</id> <name>Decheterie Louannec</name> <description>Mabilies Route de Trélevern 22700 LOUANNEC</description> <horaires>Lundi, Mercredi, Samedi 9h-12h 14h-18h</horaires> <type>PARTIC</type> <barriere>Inconnu</barriere> <compteOuvert>Inconnu</compteOuvert> <carte>Inconnu</carte> <blacklist>false</blacklist> <Point> <coordinates>-3.39231,48.788416,0</coordinates> </Point> </Placemark> <Placemark> <id>281</id> <name>Decheterie Matignon</name> <description>Rue du Chemin Vert 22550 MATIGNON</description> <horaires>lundi : 13h30-17h30, sauf juillet et août : 9h-12h/13h30-17h30 mardi, mercredi, jeudi, vendredi, samedi : 9h-12h/13h30-17h30</horaires> <type>PARTIC</type> <barriere>Inconnu</barriere> <compteOuvert>Inconnu</compteOuvert> <carte>Inconnu</carte> <blacklist>false</blacklist> <Point> <coordinates>-2.276724,48.593211,0</coordinates> </Point> </Placemark> <Placemark> <id>282</id> <name>Decheterie Merdrignac</name> <description>Alzou 12390 RIGNAC</description> <horaires>Lundi – Mardi – Mercredi – Jeudi – Vendredi De 15 h 00 à 18 h 00 Samedi De 9 h 00 à 12 h 00 et de 14 h 00 à 17 h 00</horaires> <type>PARTIC</type> <barriere>Inconnu</barriere> <compteOuvert>Inconnu</compteOuvert> <carte>Inconnu</carte> <blacklist>false</blacklist> <Point> <coordinates>-2.400938,48.192086,0</coordinates> </Point> </Placemark> <Placemark> <id>283</id> <name>Decheterie Mur-de-Bretagne</name> <description>Z.A. de Guergadic 22530 MUR-DE-BRETAGNE</description> <horaires>Lundi, Mardi, Mercredi, Jeudi, Vendredi, Samedi Toute l'année de 14h à 18h samedi : 9h-12h/14h-18h</horaires> <type>PARTIC</type> <barriere>Inconnu</barriere> <compteOuvert>Inconnu</compteOuvert> <carte>Inconnu</carte> <blacklist>false</blacklist> <Point> <coordinates>-2.950167,48.203393,0</coordinates> </Point> </Placemark> <Placemark> <id>284</id> <name>Decheterie Perros-Guirec</name> <description>Kerzinan 22700 PERROS-GUIREC</description> <horaires>Hiver (de nov à fevrier) Lundi, vendredi : 13h30-17h Mercredi, samedi : 10h-12h/13h30-17h00 Eté Lundi, vendredi : 13h30-17h30 Mercredi, samedi : 10h-12h/13h30-17h30 Mercredi, samedi : 10h-12; 13h30-17h</horaires> <type>PARTIC</type> <barriere>Inconnu</barriere> <compteOuvert>Inconnu</compteOuvert> <carte>Inconnu</carte> <blacklist>false</blacklist> <Point> <coordinates>-3.483399,48.797463,0</coordinates> </Point> </Placemark> <Placemark> <id>285</id> <name>Decheterie Plancoët</name> <description>Rue de Penthièvre 22130 Plancoët</description> <horaires>Du lundi au Vendredi 13h30-18h30</horaires> <type>PARTIC</type> <barriere>Inconnu</barriere> <compteOuvert>Inconnu</compteOuvert> <carte>Inconnu</carte> <blacklist>false</blacklist> <Point> <coordinates>-2.214318,48.51504,0</coordinates> </Point> </Placemark> <Placemark> <id>286</id> <name>Decheterie Planguenoual</name> <description>Les Landes de Lambert 22400 PLANGUENOUAL</description> <horaires>lundi et jeudi: 14h-18h mardi-mercredi-vendreid-samedi: 9h-12h, 14h-18h</horaires> <type>PARTIC</type> <barriere>Inconnu</barriere> <compteOuvert>Inconnu</compteOuvert> <carte>Inconnu</carte> <blacklist>false</blacklist> <Point> <coordinates>-2.518005,48.511807,0</coordinates> </Point> </Placemark> <Placemark> <id>287</id> <name>Decheterie Plérin</name> <description>Zi de Sainte Croix 22190 Plérin</description> <horaires>Du lundi au Vendredi 13h30-18h30</horaires> <type>PARTIC</type> <barriere>Inconnu</barriere> <compteOuvert>Inconnu</compteOuvert> <carte>Inconnu</carte> <blacklist>false</blacklist> <Point> <coordinates>-2.804998,48.546434,0</coordinates> </Point> </Placemark> <Placemark> <id>288</id> <name>Decheterie Pleumeur-Bodou</name> <description>19, route du Crec'h Meur 22560 PLEUMEUR-BODOU</description> <horaires>Lundi, mercredi et samedi : 9h-12h 14h-18h</horaires> <type>PARTIC</type> <barriere>Inconnu</barriere> <compteOuvert>Inconnu</compteOuvert> <carte>Inconnu</carte> <blacklist>false</blacklist> <Point> <coordinates>-3.494805,48.777342,0</coordinates> </Point> </Placemark> <Placemark> <id>289</id> <name>Decheterie Ploubezre</name> <description>Creyou 22300 PLOUBEZRE</description> <horaires>Lundi, Mercredi, Samedi : 9h-12h 14h-18h</horaires> <type>PARTIC</type> <barriere>Inconnu</barriere> <compteOuvert>Inconnu</compteOuvert> <carte>Inconnu</carte> <blacklist>false</blacklist> <Point> <coordinates>-3.429653,48.704254,0</coordinates> </Point> </Placemark> <Placemark> <id>290</id> <name>Decheterie Ploufragan</name> <description>ZI des Chatelets Rue Boisillon 22440 PLOUFRAGAN</description> <horaires>Lundi, Mercredi, Jeudi, Vendredi, Samedi Tous les jours : 9h-11h45/14h-17h45</horaires> <type>PARTIC</type> <barriere>Inconnu</barriere> <compteOuvert>Inconnu</compteOuvert> <carte>Inconnu</carte> <blacklist>false</blacklist> <Point> <coordinates>-2.798801,48.462836,0</coordinates> </Point> </Placemark> <Placemark> <id>291</id> <name>Decheterie Plouha</name> <description>ZA du Grand Etang 22580 PLOUHA</description> <horaires>Lundi, Mercredi, Samedi 9h-12h, 13h30-18h</horaires> <type>PARTIC</type> <barriere>Inconnu</barriere> <compteOuvert>Inconnu</compteOuvert> <carte>Inconnu</carte> <blacklist>false</blacklist> <Point> <coordinates>-2.926925,48.667498,0</coordinates> </Point> </Placemark> <Placemark> <id>292</id> <name>Decheterie Pommerit-le-Vicomte</name> <description>Pont Doneg 22200 POMMERIT-LE-VICOMTE</description> <horaires>Lundi, Mercredi, Jeudi, Vendredi, Samedi 9h12h et 13h30-18h</horaires> <type>PARTIC</type> <barriere>Inconnu</barriere> <compteOuvert>Inconnu</compteOuvert> <carte>Inconnu</carte> <blacklist>false</blacklist> <Point> <coordinates>-3.07258,48.617299,0</coordinates> </Point> </Placemark> <Placemark> <id>293</id> <name>Decheterie Rostrenen</name> <description>ZA de la Garenne 22110 ROSTRENEN</description> <horaires>Lundi, Mardi, Mercredi, Jeudi, Vendredi, Samedi 9h-12h et 13h30-18h</horaires> <type>PARTIC</type> <barriere>Inconnu</barriere> <compteOuvert>Inconnu</compteOuvert> <carte>Inconnu</carte> <blacklist>false</blacklist> <Point> <coordinates>-3.302384,48.248455,0</coordinates> </Point> </Placemark> <Placemark> <id>294</id> <name>Decheterie Saint-Agathon</name> <description>Parc d'Activités de Kerhollo 22200 Saint-Agathon</description> <horaires>Du lundi au Vendredi 13h30-18h30</horaires> <type>PARTIC</type> <barriere>Inconnu</barriere> <compteOuvert>Inconnu</compteOuvert> <carte>Inconnu</carte> <blacklist>false</blacklist> <Point> <coordinates>-3.120744,48.558006,0</coordinates> </Point> </Placemark> <Placemark> <id>295</id> <name>Decheterie Saint-Brieuc</name> <description>ZA La Grande Garenne 16590 Brie</description> <horaires>Du lundi au samedi de 9h à 12h et de 14h à 18h</horaires> <type>PARTIC</type> <barriere>Inconnu</barriere> <compteOuvert>Inconnu</compteOuvert> <carte>Inconnu</carte> <blacklist>false</blacklist> <Point> <coordinates>-2.733626,48.51065,0</coordinates> </Point> </Placemark> <Placemark> <id>296</id> <name>Decheterie Trébeurden</name> <description>Toul Ar Woas 22560 Trébeurden</description> <horaires>lundi, mercredi: 14h-18h | vendredi, samedi: 9h-12h 14h-18h</horaires> <type>PARTIC</type> <barriere>Inconnu</barriere> <compteOuvert>Inconnu</compteOuvert> <carte>Inconnu</carte> <blacklist>false</blacklist> <Point> <coordinates>-3.550646,48.769348,0</coordinates> </Point> </Placemark> <Placemark> <id>297</id> <name>Decheterie Hénon</name> <description>la Noe Jannais 22150 Hénon</description> <horaires>Du lundi au Vendredi 13h30-18h30</horaires> <type>PARTIC</type> <barriere>Inconnu</barriere> <compteOuvert>Inconnu</compteOuvert> <carte>Inconnu</carte> <blacklist>false</blacklist> <Point> <coordinates>-2.673207,48.386275,0</coordinates> </Point> </Placemark> <Placemark> <id>298</id> <name>Decheterie La Chèze</name> <description>Z.A Le grand Clos 22210 La chèze</description> <horaires>Lundi, Mardi, Jeudi, Samedi Toute l'année: 9h-12h</horaires> <type>PARTIC</type> <barriere>Inconnu</barriere> <compteOuvert>Inconnu</compteOuvert> <carte>Inconnu</carte> <blacklist>false</blacklist> <Point> <coordinates>-2.651039,48.128466,0</coordinates> </Point> </Placemark> <Placemark> <id>299</id> <name>Decheterie Bourbriac</name> <description>Pont Preuig 22390 BOURBRIAC</description> <horaires>Lundi, Mercredi, Samedi Horaires d'ouverture 08h30-12h00 et 13h30-17h30 sauf lundi ouverture seulement l'aprés-midi</horaires> <type>PARTIC</type> <barriere>Inconnu</barriere> <compteOuvert>Inconnu</compteOuvert> <carte>Inconnu</carte> <blacklist>false</blacklist> <Point> <coordinates>-3.189875,48.463434,0</coordinates> </Point> </Placemark> <Placemark> <id>300</id> <name>Decheterie Yffiniac</name> <description>La Haute Lande 22120 YFFINIAC</description> <horaires>lundi, mardi, mercredi, vendredi : 14h-17h45 samedi : 9h-11h45/14h-17h45</horaires> <type>PARTIC</type> <barriere>Inconnu</barriere> <compteOuvert>Inconnu</compteOuvert> <carte>Inconnu</carte> <blacklist>false</blacklist> <Point> <coordinates>-2.690463,48.463438,0</coordinates> </Point> </Placemark> <Placemark> <id>301</id> <name>Decheterie Bégard</name> <description>Ker Ar C'Halvez 22140 Bégard</description> <horaires>Du lundi au Vendredi 13h30-18h30</horaires> <type>PARTIC</type> <barriere>Inconnu</barriere> <compteOuvert>Inconnu</compteOuvert> <carte>Inconnu</carte> <blacklist>false</blacklist> <Point> <coordinates>-3.331672,48.634495,0</coordinates> </Point> </Placemark> <Placemark> <id>302</id> <name>Decheterie Pleumeur-Gautier</name> <description>Kerlogoden 22740 Pleumeur-Gautier</description> <horaires>Du lundi au Vendredi 13h30-18h30</horaires> <type>PARTIC</type> <barriere>Inconnu</barriere> <compteOuvert>Inconnu</compteOuvert> <carte>Inconnu</carte> <blacklist>false</blacklist> <Point> <coordinates>-3.143394,48.795265,0</coordinates> </Point> </Placemark> <Placemark> <id>303</id> <name>Decheterie Plouëc-du-Trieux</name> <description>Za le Quinquiziou 22260 Plouëc-du-Trieux</description> <horaires>Du lundi au Vendredi 13h30-18h30</horaires> <type>PARTIC</type> <barriere>Inconnu</barriere> <compteOuvert>Inconnu</compteOuvert> <carte>Inconnu</carte> <blacklist>false</blacklist> <Point> <coordinates>-3.19398,48.665529,0</coordinates> </Point> </Placemark> <Placemark> <id>304</id> <name>Decheterie Minihy-Tréguier</name> <description>Parc Planche 22220 Minihy-Tréguier</description> <horaires>Du lundi au Vendredi 13h30-18h30</horaires> <type>PARTIC</type> <barriere>Inconnu</barriere> <compteOuvert>Inconnu</compteOuvert> <carte>Inconnu</carte> <blacklist>false</blacklist> <Point> <coordinates>-3.27156,48.767464,0</coordinates> </Point> </Placemark> <Placemark> <id>305</id> <name>Decheterie Pleslin-Trigavou</name> <description>La Mennais 22490 Pleslin Trigavou</description> <horaires>lundi , samedi : 9h-12h/13h30-18h mercredi, jeudi, vendredi : 13h30-18h dimanche : 9h-11h30</horaires> <type>PARTIC</type> <barriere>Inconnu</barriere> <compteOuvert>Inconnu</compteOuvert> <carte>Inconnu</carte> <blacklist>false</blacklist> <Point> <coordinates>-2.088416,48.538988,0</coordinates> </Point> </Placemark> <Placemark> <id>306</id> <name>Decheterie Paimpol</name> <description>La Lande Blanche 22500 PAIMPOL</description> <horaires>Du lundi au samedi, toute l'année: 8h30-12h 14h-18h</horaires> <type>PARTIC</type> <barriere>Inconnu</barriere> <compteOuvert>Inconnu</compteOuvert> <carte>Inconnu</carte> <blacklist>false</blacklist> <Point> <coordinates>-3.041133,48.763849,0</coordinates> </Point> </Placemark> <Placemark> <id>307</id> <name>Decheterie Plouaret</name> <description>Park An Itron 22420 Plouaret</description> <horaires>lundi, mercredi, samedi : 9h-12h/14h-18h | vendredi : 14h-18h</horaires> <type>PARTIC</type> <barriere>Inconnu</barriere> <compteOuvert>Inconnu</compteOuvert> <carte>Inconnu</carte> <blacklist>false</blacklist> <Point> <coordinates>-3.461834,48.604872,0</coordinates> </Point> </Placemark> <Placemark> <id>308</id> <name>Decheterie Broons</name> <description>Parc d'Activités du Chalet 22250 BROONS</description> <horaires>Lundi, Mercredi, Vendredi, Samedi 9h-12h 14h-17h30 sauf vendredi: 14h-17h30</horaires> <type>PARTIC</type> <barriere>Inconnu</barriere> <compteOuvert>Inconnu</compteOuvert> <carte>Inconnu</carte> <blacklist>false</blacklist> <Point> <coordinates>-2.252374,48.322942,0</coordinates> </Point> </Placemark> <Placemark> <id>309</id> <name>Decheterie ile-de-Bréhat</name> <description>Toul An Nod 22870 ile-de-Bréhat</description> <horaires>hiver : 14h-17h | été : 13h30-17h30</horaires> <type>PARTIC</type> <barriere>Inconnu</barriere> <compteOuvert>Inconnu</compteOuvert> <carte>Inconnu</carte> <blacklist>false</blacklist> <Point> <coordinates>-3.003493,48.848899,0</coordinates> </Point> </Placemark> <Placemark> <id>310</id> <name>Decheterie Plémet</name> <description>Z.A. de Jéguet 22210 Plémet</description> <horaires>Du lundi au Vendredi 13h30-18h30</horaires> <type>PARTIC</type> <barriere>Inconnu</barriere> <compteOuvert>Inconnu</compteOuvert> <carte>Inconnu</carte> <blacklist>false</blacklist> <Point> <coordinates>-2.583783,48.179269,0</coordinates> </Point> </Placemark> <Placemark> <id>311</id> <name>Decheterie Plestin-les-Grèves</name> <description>Goasorguen 22310 Plestin-les-Grèves</description> <horaires>Du lundi au Vendredi 13h30-18h30</horaires> <type>PARTIC</type> <barriere>Inconnu</barriere> <compteOuvert>Inconnu</compteOuvert> <carte>Inconnu</carte> <blacklist>false</blacklist> <Point> <coordinates>-3.586665,48.633423,0</coordinates> </Point> </Placemark> <Placemark> <id>312</id> <name>Decheterie Évran</name> <description>Parc d'Activité 22630 Évran</description> <horaires>Du lundi au Vendredi 13h30-18h30</horaires> <type>PARTIC</type> <barriere>Inconnu</barriere> <compteOuvert>Inconnu</compteOuvert> <carte>Inconnu</carte> <blacklist>false</blacklist> <Point> <coordinates>-1.97571,48.373568,0</coordinates> </Point> </Placemark> <Placemark> <id>313</id> <name>Decheterie Le Foeil</name> <description>Le Grand Gué Route de Corlay 22800 FOEIL</description> <horaires>Lundi, Mardi, Mercredi, Vendredi, Samedi 9h-11h45/14h-17h45</horaires> <type>PARTIC</type> <barriere>Inconnu</barriere> <compteOuvert>Inconnu</compteOuvert> <carte>Inconnu</carte> <blacklist>false</blacklist> <Point> <coordinates>-2.918773,48.392987,0</coordinates> </Point> </Placemark> <Placemark> <id>314</id> <name>Decheterie Plouagat</name> <description>Fournello 22170 PLOUAGAT</description> <horaires>Lundi, Mercredi, Vendredi, Samedi : 9h-12h et 13h30-18h</horaires> <type>PARTIC</type> <barriere>Inconnu</barriere> <compteOuvert>Inconnu</compteOuvert> <carte>Inconnu</carte> <blacklist>false</blacklist> <Point> <coordinates>-2.976611,48.527016,0</coordinates> </Point> </Placemark> <Placemark> <id>315</id> <name>Decheterie Plouguenast</name> <description>Catémoin 22150 Plouguenast</description> <horaires>Lundi, Mercredi, Samedi 14h15-17h15 sauf le samedi 14h15-17h15</horaires> <type>PARTIC</type> <barriere>Inconnu</barriere> <compteOuvert>Inconnu</compteOuvert> <carte>Inconnu</carte> <blacklist>false</blacklist> <Point> <coordinates>-2.694048,48.279441,0</coordinates> </Point> </Placemark> <Placemark> <id>316</id> <name>Decheterie Ploumilliau</name> <description>Christ 22300 Ploumilliau</description> <horaires>Du lundi au Vendredi 13h30-18h30</horaires> <type>PARTIC</type> <barriere>Inconnu</barriere> <compteOuvert>Inconnu</compteOuvert> <carte>Inconnu</carte> <blacklist>false</blacklist> <Point> <coordinates>-3.531883,48.711993,0</coordinates> </Point> </Placemark> <Placemark> <id>317</id> <name>Decheterie Plounévez-Moëdec</name> <description>le Cosquer 22810 Plounévez-Moëdec</description> <horaires>Du lundi au Vendredi 13h30-18h30</horaires> <type>PARTIC</type> <barriere>Inconnu</barriere> <compteOuvert>Inconnu</compteOuvert> <carte>Inconnu</carte> <blacklist>false</blacklist> <Point> <coordinates>-3.468684,48.546508,0</coordinates> </Point> </Placemark> <Placemark> <id>318</id> <name>Decheterie Quévert</name> <description>Za des Landes Fleuries, Rue Auguste Pavie 22100 Quévert</description> <horaires>Du lundi au Vendredi 13h30-18h30</horaires> <type>PARTIC</type> <barriere>Inconnu</barriere> <compteOuvert>Inconnu</compteOuvert> <carte>Inconnu</carte> <blacklist>false</blacklist> <Point> <coordinates>-2.078226,48.446401,0</coordinates> </Point> </Placemark> <Placemark> <id>319</id> <name>Decheterie Saint-Gouéno</name> <description>les Quatres Routes 22330 Saint-Gouéno</description> <horaires>Du lundi au Vendredi 13h30-18h30</horaires> <type>PARTIC</type> <barriere>Inconnu</barriere> <compteOuvert>Inconnu</compteOuvert> <carte>Inconnu</carte> <blacklist>false</blacklist> <Point> <coordinates>-2.534718,48.27252,0</coordinates> </Point> </Placemark> <Placemark> <id>320</id> <name>Decheterie Saint-Hélen</name> <description>Cornillé 22100 Saint-Hélen</description> <horaires>Du lundi au Vendredi 13h30-18h30</horaires> <type>PARTIC</type> <barriere>Inconnu</barriere> <compteOuvert>Inconnu</compteOuvert> <carte>Inconnu</carte> <blacklist>false</blacklist> <Point> <coordinates>-1.984608,48.478429,0</coordinates> </Point> </Placemark> <Placemark> <id>321</id> <name>Decheterie Saint-Nicolas-du-Pélem</name> <description>Za du Ruellou 22480 Saint-Nicolas-du-Pélem</description> <horaires>Du lundi au Vendredi 13h30-18h30</horaires> <type>PARTIC</type> <barriere>Inconnu</barriere> <compteOuvert>Inconnu</compteOuvert> <carte>Inconnu</carte> <blacklist>false</blacklist> <Point> <coordinates>-3.155936,48.308337,0</coordinates> </Point> </Placemark> <Placemark> <id>322</id> <name>Decheterie Trégastel</name> <description>Route du Dolmen 22730 Trégastel</description> <horaires>9h-12h 14h-18h</horaires> <type>PARTIC</type> <barriere>Inconnu</barriere> <compteOuvert>Inconnu</compteOuvert> <carte>Inconnu</carte> <blacklist>false</blacklist> <Point> <coordinates>-3.511124,48.817422,0</coordinates> </Point> </Placemark> <Placemark> <id>323</id> <name>Decheterie Amfreville-la-Campagne</name> <description>Rue des Américains 27370 Amfreville-la-Campagne</description> <horaires>Lundi, Mardi, Mercredi, Vendredi, Samedi 08h30 - 12h00 13h30 - 18h00</horaires> <type>PARTIC</type> <barriere>Inconnu</barriere> <compteOuvert>Inconnu</compteOuvert> <carte>Inconnu</carte> <blacklist>false</blacklist> <Point> <coordinates>0.935446,49.222275,0</coordinates> </Point> </Placemark> <Placemark> <id>324</id> <name>Decheterie Bernay</name> <description>Rue du Haut des Granges 27300 Bernay</description> <horaires>Lundi, Mardi, Mercredi, Jeudi, Vendredi, Samedi du 01/11 au 31/03 : 8h30-17h30 du 01/04 au 31/10 : 8/h30-18h30</horaires> <type>PARTIC</type> <barriere>Inconnu</barriere> <compteOuvert>Inconnu</compteOuvert> <carte>Inconnu</carte> <blacklist>false</blacklist> <Point> <coordinates>0.587501,49.108587,0</coordinates> </Point> </Placemark> <Placemark> <id>325</id> <name>Decheterie Drucourt</name> <description>Maurey 27230 Drucourt</description> <horaires>Du lundi au Vendredi 13h30-18h30</horaires> <type>PARTIC</type> <barriere>Inconnu</barriere> <compteOuvert>Inconnu</compteOuvert> <carte>Inconnu</carte> <blacklist>false</blacklist> <Point> <coordinates>0.463403,49.126548,0</coordinates> </Point> </Placemark> <Placemark> <id>326</id> <name>Decheterie Hébécourt</name> <description>Chemin de Notre Dame du Chêne 27150 Hébécourt</description> <horaires></horaires> <type>PARTIC</type> <barriere>Inconnu</barriere> <compteOuvert>Inconnu</compteOuvert> <carte>Inconnu</carte> <blacklist>false</blacklist> <Point> <coordinates>1.723982,49.351915,0</coordinates> </Point> </Placemark> <Placemark> <id>327</id> <name>Decheterie Normanville</name> <description>Lieu dit : "Caër" 27930 Normanville</description> <horaires>HIVER : du 01/10 à fin février 09h00-12h30/13h30-18h00 Dimanche : 9h-13h ETE : du 01/03 au 30/09 09h00-12h30/13h30-19h00 Dimanche : 9h-13h</horaires> <type>PARTIC</type> <barriere>Inconnu</barriere> <compteOuvert>Inconnu</compteOuvert> <carte>Inconnu</carte> <blacklist>false</blacklist> <Point> <coordinates>1.16693,49.060946,0</coordinates> </Point> </Placemark> <Placemark> <id>328</id> <name>Decheterie Rugles</name> <description>ZA économique du Hanoy 27250 Rugles</description> <horaires></horaires> <type>PARTIC</type> <barriere>Inconnu</barriere> <compteOuvert>Inconnu</compteOuvert> <carte>Inconnu</carte> <blacklist>false</blacklist> <Point> <coordinates>0.698493,48.816654,0</coordinates> </Point> </Placemark> <Placemark> <id>329</id> <name>Decheterie Saint-André-de-l'Eure</name> <description>Chemin d'Osmoy 27220 Saint-André-de-l'Eure</description> <horaires>Lundi : 8h30-12h/14h-17h30 mardi : 14h-17h30 Les autres jours : 9h-12h/14h-17h30</horaires> <type>PARTIC</type> <barriere>Inconnu</barriere> <compteOuvert>Inconnu</compteOuvert> <carte>Inconnu</carte> <blacklist>false</blacklist> <Point> <coordinates>1.275627,48.89806,0</coordinates> </Point> </Placemark> <Placemark> <id>330</id> <name>Decheterie Serquigny</name> <description>Lieu dit "Le Grand Hamel" 27470 Serquigny</description> <horaires>14h00-17h00 10h00-12h00 14h00-17h00 le vendredi et samedi fermeture le soir à 18h00 en ete</horaires> <type>PARTIC</type> <barriere>Inconnu</barriere> <compteOuvert>Inconnu</compteOuvert> <carte>Inconnu</carte> <blacklist>false</blacklist> <Point> <coordinates>0.723684,49.111421,0</coordinates> </Point> </Placemark> <Placemark> <id>331</id> <name>Decheterie Trouville-la-Haule</name> <description>Z.A. "la Mare du Hamel" 27680 Trouville-la-Haule</description> <horaires>mardi : matin mercredi : après midi jeudi : matin vendredi : après midi samedi : après midi dimanche : matin</horaires> <type>PARTIC</type> <barriere>Inconnu</barriere> <compteOuvert>Inconnu</compteOuvert> <carte>Inconnu</carte> <blacklist>false</blacklist> <Point> <coordinates>0.589112,49.403367,0</coordinates> </Point> </Placemark> <Placemark> <id>332</id> <name>Decheterie Verneuil-sur-Avre</name> <description>ZI : "Les Cents Sillons", Rue Marie Harel 27130 Verneuil-sur-Avre</description> <horaires>lundi, mercredi, samedi : 9h-12h/14h-18h mercredi, jeudi, vendredi : 9h-12h</horaires> <type>PARTIC</type> <barriere>Inconnu</barriere> <compteOuvert>Inconnu</compteOuvert> <carte>Inconnu</carte> <blacklist>false</blacklist> <Point> <coordinates>0.922639,48.748977,0</coordinates> </Point> </Placemark> <Placemark> <id>333</id> <name>Decheterie Aubevoye</name> <description>Rue de l'Etang 27940 Aubevoye</description> <horaires>Lundi, Mardi, Mercredi, Jeudi, Vendredi, Samedi</horaires> <type>PARTIC</type> <barriere>Inconnu</barriere> <compteOuvert>Inconnu</compteOuvert> <carte>Inconnu</carte> <blacklist>false</blacklist> <Point> <coordinates>1.360512,49.1672,0</coordinates> </Point> </Placemark> <Placemark> <id>334</id> <name>Decheterie Andelys</name> <description>Route de Paix 27700 Andelys</description> <horaires>Hiver 01/10-31/03 : Lundi à Vendredi: 13h30-17h | Samedi: 10h-12h/13h30-17h | Été 01/04-30/09 : Lundi, Mardi, Jeudi, Vendredi: 13h30-18h | Mercredi, Samedi: 9h-12h/13h30-18h</horaires> <type>PARTIC</type> <barriere>Inconnu</barriere> <compteOuvert>Inconnu</compteOuvert> <carte>Inconnu</carte> <blacklist>false</blacklist> <Point> <coordinates>1.426019,49.26219,0</coordinates> </Point> </Placemark> <Placemark> <id>335</id> <name>Decheterie Charleval</name> <description>Lieu dit : "La Corne de Cerf" - Côte des Gournets 27380 Charleval</description> <horaires>Lundi, Mardi, jeudi : 13h30 à 17h00 Mercredi, vendredi, samedi : 9h00 à 12h00 - 13h30 à 17h00</horaires> <type>PARTIC</type> <barriere>Inconnu</barriere> <compteOuvert>Inconnu</compteOuvert> <carte>Inconnu</carte> <blacklist>false</blacklist> <Point> <coordinates>1.371949,49.381206,0</coordinates> </Point> </Placemark> <Placemark> <id>336</id> <name>Decheterie Damville</name> <description>Déchèterie de Damville 27240 Damville</description> <horaires>Du lundi au Vendredi 13h30-18h30</horaires> <type>PARTIC</type> <barriere>Inconnu</barriere> <compteOuvert>Inconnu</compteOuvert> <carte>Inconnu</carte> <blacklist>false</blacklist> <Point> <coordinates>1.056166,48.869562,0</coordinates> </Point> </Placemark> <Placemark> <id>337</id> <name>Decheterie Breteuil</name> <description>Departementale 55 Le Clos Fouquet 27160 Breteuil</description> <horaires>Hiver : du 01/11 au 28/02 Lundi, mercr, vend, sam: 9h30-11h15/14h-17h45 Jeudi : 16-17h45 Dim: 9h30-11h15 Eté 31/03 au 31/10 Lundi, mercr, vend: 9-11h45/15h-18h45 Jeudi : 15-18h45 Sam : 9-11h45/14-18h45 Dim : 9h30</horaires> <type>PARTIC</type> <barriere>Inconnu</barriere> <compteOuvert>Inconnu</compteOuvert> <carte>Inconnu</carte> <blacklist>false</blacklist> <Point> <coordinates>0.922043,48.843694,0</coordinates> </Point> </Placemark> <Placemark> <id>338</id> <name>Decheterie Arnières-sur-Iton</name> <description>Chemin de la Forêt 27180 Arnières-sur-Iton</description> <horaires>Du lundi au Vendredi 13h30-18h30</horaires> <type>PARTIC</type> <barriere>Inconnu</barriere> <compteOuvert>Inconnu</compteOuvert> <carte>Inconnu</carte> <blacklist>false</blacklist> <Point> <coordinates>1.110426,48.986475,0</coordinates> </Point> </Placemark> <Placemark> <id>339</id> <name>Decheterie Gasny</name> <description>Route de Fourges 27620 Gasny</description> <horaires>HIVER : dernier dim oct au dernier dim de mars Lundi : 9H-12H / 14H- 16H Mercr, sam : 9H-12H / 14H- 17H Jeudi, vend : 14H- 17H ETE Lundi : 9H-12H / 14H- 17H mercr, sam : 9H-12H / 14H- 18H Jeudi, vend : 14H- 18H</horaires> <type>PARTIC</type> <barriere>Inconnu</barriere> <compteOuvert>Inconnu</compteOuvert> <carte>Inconnu</carte> <blacklist>false</blacklist> <Point> <coordinates>1.612298,49.094415,0</coordinates> </Point> </Placemark> <Placemark> <id>340</id> <name>Decheterie La Haye-Malherbe</name> <description>route de la ravine 27400 La Haye-Malherbe</description> <horaires>Mardi à vendredi : 14-18h Samedi 9-12h/14-18h</horaires> <type>PARTIC</type> <barriere>Inconnu</barriere> <compteOuvert>Inconnu</compteOuvert> <carte>Inconnu</carte> <blacklist>false</blacklist> <Point> <coordinates>1.080457,49.230402,0</coordinates> </Point> </Placemark> <Placemark> <id>341</id> <name>Decheterie Malleville-sur-le-Bec</name> <description>Route de Pont Authou - Le Bec Hélouin 27800 Malleville-sur-le-Bec</description> <horaires>Lundi, Mardi, Mercredi, Jeudi, Vendredi, Samedi 9h00-11h30 et 14h15-17h00</horaires> <type>PARTIC</type> <barriere>Inconnu</barriere> <compteOuvert>Inconnu</compteOuvert> <carte>Inconnu</carte> <blacklist>false</blacklist> <Point> <coordinates>0.721984,49.250491,0</coordinates> </Point> </Placemark> <Placemark> <id>342</id> <name>Decheterie Muids</name> <description>Rue Bosquet 27430 Muids</description> <horaires>Lundi, Mercredi, Samedi, Dimanche</horaires> <type>PARTIC</type> <barriere>Inconnu</barriere> <compteOuvert>Inconnu</compteOuvert> <carte>Inconnu</carte> <blacklist>false</blacklist> <Point> <coordinates>1.277341,49.219247,0</coordinates> </Point> </Placemark> <Placemark> <id>343</id> <name>Decheterie Tourny</name> <description>Tourny 27510 Tourny</description> <horaires>Du lundi au Vendredi 13h30-18h30</horaires> <type>PARTIC</type> <barriere>Inconnu</barriere> <compteOuvert>Inconnu</compteOuvert> <carte>Inconnu</carte> <blacklist>false</blacklist> <Point> <coordinates>1.539794,49.193665,0</coordinates> </Point> </Placemark> <Placemark> <id>344</id> <name>Decheterie Vironvay</name> <description>Ecoparc de Louviers Sud 27400 Vironvay</description> <horaires>Lundi, Mardi, Mercredi, Jeudi, Vendredi, Samedi 13h30-18h Samedi : 9-12h/14-18h</horaires> <type>PARTIC</type> <barriere>Inconnu</barriere> <compteOuvert>Inconnu</compteOuvert> <carte>Inconnu</carte> <blacklist>false</blacklist> <Point> <coordinates>1.217636,49.198006,0</coordinates> </Point> </Placemark> <Placemark> <id>345</id> <name>Decheterie Beuzeville</name> <description>Avenue du 46 èmè RMC 27210 Beuzeville</description> <horaires>dimanche : 10h-12h du 30/10 au 2/03 : lundi : 12h30-18h mardi, mercredi, jeudi, vendredi : 7h30-18h samedi : 8h30-13h/14h-18h fermé le dimanche en hiver du 29/03 au 30/10 : lundi : 12h30-19h mardi, mercredi, jeudi, vendredi : 7h30-19h samedi : 8h30-13h/14h-18h</horaires> <type>PARTIC</type> <barriere>Inconnu</barriere> <compteOuvert>Inconnu</compteOuvert> <carte>Inconnu</carte> <blacklist>false</blacklist> <Point> <coordinates>0.35692,49.342442,0</coordinates> </Point> </Placemark> <Placemark> <id>346</id> <name>Decheterie Alizay</name> <description>Route de Manoir Zi le Clos Pré 27460 Alizay</description> <horaires></horaires> <type>PARTIC</type> <barriere>Inconnu</barriere> <compteOuvert>Inconnu</compteOuvert> <carte>Inconnu</carte> <blacklist>false</blacklist> <Point> <coordinates>1.176854,49.317263,0</coordinates> </Point> </Placemark> <Placemark> <id>347</id> <name>Decheterie Étrépagny</name> <description>Rue de Provemont, Zi de la Porte Rouge 27150 Étrépagny</description> <horaires>Lundi, Mercredi, Samedi</horaires> <type>PARTIC</type> <barriere>Inconnu</barriere> <compteOuvert>Inconnu</compteOuvert> <carte>Inconnu</carte> <blacklist>false</blacklist> <Point> <coordinates>1.62389,49.296617,0</coordinates> </Point> </Placemark> <Placemark> <id>348</id> <name>Decheterie Évreux</name> <description>Rue Val Iton - Saint Michel 27000 Évreux</description> <horaires>HIVER : du 01/10 à fin février 9h-12h30/13H30-18h Dimanche : 9-13h ETE : du 01/03 au 30/09 9h-12h30/13H30-19h Dimanche : 9-13h</horaires> <type>PARTIC</type> <barriere>Inconnu</barriere> <compteOuvert>Inconnu</compteOuvert> <carte>Inconnu</carte> <blacklist>false</blacklist> <Point> <coordinates>1.150344,49.034661,0</coordinates> </Point> </Placemark> <Placemark> <id>349</id> <name>Decheterie Lorleau</name> <description>Hameau de Saint Crespin 27480 Lorleau</description> <horaires>Lundi, Mercredi, Samedi</horaires> <type>PARTIC</type> <barriere>Inconnu</barriere> <compteOuvert>Inconnu</compteOuvert> <carte>Inconnu</carte> <blacklist>false</blacklist> <Point> <coordinates>1.509557,49.419881,0</coordinates> </Point> </Placemark> <Placemark> <id>350</id> <name>Decheterie Noyers</name> <description>Route de Puits de Bon 89310 Noyers</description> <horaires>Hiver du 01/10 au 31/03: le mercredi 9h-12h et le samedi 9h-12 et 14h-17h Eté du 01/04 au 30/09: le mercredi 9h-12h et le samedi 9h-12 et 14h-19h</horaires> <type>PARTIC</type> <barriere>Inconnu</barriere> <compteOuvert>Inconnu</compteOuvert> <carte>Inconnu</carte> <blacklist>false</blacklist> <Point> <coordinates>1.684848,49.241938,0</coordinates> </Point> </Placemark> <Placemark> <id>351</id> <name>Decheterie Pont-de-l'Arche</name> <description>Chemin de la Tille 21130 PONT</description> <horaires>Horaire d'ete (01/04 au 30/09) Horaire d'hiver (01/10 au 31/03) fermeture à 16H45 : MARDI 8h30-11h45 MERCREDI 14h-17h45 JEUDI 14h-17h45 VENDREDI 8h30-11h45 SAMEDI 8h30-11h45.</horaires> <type>PARTIC</type> <barriere>Inconnu</barriere> <compteOuvert>Inconnu</compteOuvert> <carte>Inconnu</carte> <blacklist>false</blacklist> <Point> <coordinates>1.153892,49.296467,0</coordinates> </Point> </Placemark> <Placemark> <id>352</id> <name>Decheterie Pont-Audemer</name> <description>Chemin de la Tille 21130 PONT</description> <horaires>Horaire d'ete (01/04 au 30/09) Horaire d'hiver (01/10 au 31/03) fermeture à 16H45 : MARDI 8h30-11h45 MERCREDI 14h-17h45 JEUDI 14h-17h45 VENDREDI 8h30-11h45 SAMEDI 8h30-11h45.</horaires> <type>PARTIC</type> <barriere>Inconnu</barriere> <compteOuvert>Inconnu</compteOuvert> <carte>Inconnu</carte> <blacklist>false</blacklist> <Point> <coordinates>0.54589,49.345193,0</coordinates> </Point> </Placemark> <Placemark> <id>353</id> <name>Decheterie Saint-Sébastien-de-Morsent</name> <description>les Marnes 27180 Saint-Sébastien-de-Morsent</description> <horaires>Du lundi au Vendredi 13h30-18h30</horaires> <type>PARTIC</type> <barriere>Inconnu</barriere> <compteOuvert>Inconnu</compteOuvert> <carte>Inconnu</carte> <blacklist>false</blacklist> <Point> <coordinates>1.051967,49.020065,0</coordinates> </Point> </Placemark> <Placemark> <id>354</id> <name>Decheterie Val-de-Reuil</name> <description>ZA Porte des Lacs 27100 Val-de-Reuil</description> <horaires>Mardi, jeudi, vendredi : 14-18h Mercredi, samedi : 9-12h/14-18h</horaires> <type>PARTIC</type> <barriere>Inconnu</barriere> <compteOuvert>Inconnu</compteOuvert> <carte>Inconnu</carte> <blacklist>false</blacklist> <Point> <coordinates>1.209298,49.277529,0</coordinates> </Point> </Placemark> <Placemark> <id>355</id> <name>Decheterie La Madeleine-de-Nonancourt</name> <description>Rue George Pompidou 59110 La Madeleine</description> <horaires>Du lundi au Samedi de 10h30 à 18h00 et le dimanche de 8h00 à 13h00.</horaires> <type>PARTIC</type> <barriere>Inconnu</barriere> <compteOuvert>Inconnu</compteOuvert> <carte>Inconnu</carte> <blacklist>false</blacklist> <Point> <coordinates>1.190069,48.7795,0</coordinates> </Point> </Placemark> <Placemark> <id>356</id> <name>Decheterie Conches-en-Ouche</name> <description>Z.I. Les Pistes Route de Damville 27190 Conches-en-Ouche</description> <horaires>Lundi, Mardi, Mercredi, Jeudi, Vendredi, Samedi 9h-12h/14h-18h</horaires> <type>PARTIC</type> <barriere>Inconnu</barriere> <compteOuvert>Inconnu</compteOuvert> <carte>Inconnu</carte> <blacklist>false</blacklist> <Point> <coordinates>0.955847,48.949212,0</coordinates> </Point> </Placemark> <Placemark> <id>357</id> <name>Decheterie La Barre-en-Ouche</name> <description>ZA de Muckental 67140 Barr</description> <horaires>Hiver (01/11 au 28/02): 8h-12h 13h-17h Eté: 8h-12h 13h-18h</horaires> <type>PARTIC</type> <barriere>Inconnu</barriere> <compteOuvert>Inconnu</compteOuvert> <carte>Inconnu</carte> <blacklist>false</blacklist> <Point> <coordinates>0.664017,48.952704,0</coordinates> </Point> </Placemark> <Placemark> <id>358</id> <name>Decheterie Ivry-la-Bataille</name> <description>Route de la Couture Boussey 27540 Ivry-la-Bataille</description> <horaires>Lundi, Mercredi, Jeudi, Vendredi, Samedi</horaires> <type>PARTIC</type> <barriere>Inconnu</barriere> <compteOuvert>Inconnu</compteOuvert> <carte>Inconnu</carte> <blacklist>false</blacklist> <Point> <coordinates>1.425989,48.895675,0</coordinates> </Point> </Placemark> <Placemark> <id>359</id> <name>Decheterie Guichainville</name> <description>Lieu dit Saint Laurent 27930 Guichainville</description> <horaires>HIVER : du 01/10 à fin février 9h-12h30/13h30-18h Dimanche : 9h-13h ETE : du 01/03 au 30/09 9h-12h30/13h30-19h Dimanche : 9h-13h</horaires> <type>PARTIC</type> <barriere>Inconnu</barriere> <compteOuvert>Inconnu</compteOuvert> <carte>Inconnu</carte> <blacklist>false</blacklist> <Point> <coordinates>1.19034,48.993552,0</coordinates> </Point> </Placemark> <Placemark> <id>360</id> <name>Decheterie Saint-Aquilin-de-Pacy</name> <description>RD 141 - Route de Saint André 27120 Saint-Aquilin-de-Pacy</description> <horaires>Lundi, Mercredi, Jeudi, Vendredi, Samedi</horaires> <type>PARTIC</type> <barriere>Inconnu</barriere> <compteOuvert>Inconnu</compteOuvert> <carte>Inconnu</carte> <blacklist>false</blacklist> <Point> <coordinates>1.350024,49.002766,0</coordinates> </Point> </Placemark> <Placemark> <id>361</id> <name>Decheterie Vernon</name> <description>route de Dienné 86340 VERNON</description> <horaires></horaires> <type>PARTIC</type> <barriere>Inconnu</barriere> <compteOuvert>Inconnu</compteOuvert> <carte>Inconnu</carte> <blacklist>false</blacklist> <Point> <coordinates>1.503865,49.078804,0</coordinates> </Point> </Placemark> <Placemark> <id>362</id> <name>Decheterie La Chapelle-Réanville</name> <description>Route de Mercey 27950 La Chapelle-Réanville</description> <horaires>Lundi, Mercredi, Jeudi, Vendredi, Samedi 09h00-12h00 13h30-18h00</horaires> <type>PARTIC</type> <barriere>Inconnu</barriere> <compteOuvert>Inconnu</compteOuvert> <carte>Inconnu</carte> <blacklist>false</blacklist> <Point> <coordinates>1.395797,49.090217,0</coordinates> </Point> </Placemark> <Placemark> <id>363</id> <name>Decheterie Romilly-sur-Andelle</name> <description>Rn 19 Route d'Amfreville Sous les Monts 27610 Romilly-sur-Andelle</description> <horaires>Lundi, Mardi, Mercredi, Jeudi, Vendredi, Samedi</horaires> <type>PARTIC</type> <barriere>Inconnu</barriere> <compteOuvert>Inconnu</compteOuvert> <carte>Inconnu</carte> <blacklist>false</blacklist> <Point> <coordinates>1.252604,49.322319,0</coordinates> </Point> </Placemark> <Placemark> <id>364</id> <name>Decheterie Bourg-Achard</name> <description>Route de Montfort 27310 Bourg-Achard</description> <horaires>du 01/11 au 28/02 : du lundi au vendredi : 14h-17h30 samedi 9h-12h/14h-18h du 01/03 au 31/10 : du lundi au vendredi : 14h-19h samedi : 9h-12h/14h-19h</horaires> <type>PARTIC</type> <barriere>Inconnu</barriere> <compteOuvert>Inconnu</compteOuvert> <carte>Inconnu</carte> <blacklist>false</blacklist> <Point> <coordinates>0.788152,49.339589,0</coordinates> </Point> </Placemark> <Placemark> <id>365</id> <name>Decheterie La Croix-Saint-Leufroy</name> <description>Rue du Chemin Vert 27490 La Croix-Saint-Leufroy</description> <horaires></horaires> <type>PARTIC</type> <barriere>Inconnu</barriere> <compteOuvert>Inconnu</compteOuvert> <carte>Inconnu</carte> <blacklist>false</blacklist> <Point> <coordinates>1.254965,49.105831,0</coordinates> </Point> </Placemark> <Placemark> <id>366</id> <name>Decheterie Hondouville</name> <description>DECHETERIE DE LA VALLEE 27400 Hondouville</description> <horaires>HIVER : du 01/11 au 31/03 Lundi : 9-12h Mercredi, samedi 14-17h ETE : du 01/04 au 31/10 Lundi : 9-12h Mercredi, samedi 14-18h</horaires> <type>PARTIC</type> <barriere>Inconnu</barriere> <compteOuvert>Inconnu</compteOuvert> <carte>Inconnu</carte> <blacklist>false</blacklist> <Point> <coordinates>1.111925,49.143094,0</coordinates> </Point> </Placemark> <Placemark> <id>367</id> <name>Decheterie Cormeilles</name> <description>Rue Pont l'Evêque 27260 Cormeilles</description> <horaires>Hiver :lundi, mercredi, vendredi : 14h-17h mardi, jeudi, : 9h-12h/14h-17h samedi : 9h-13h/14h-17h Eté :lundi, mercredi, vendredi : 14h-18h mardi, jeudi, : 9h-12h/14h-18h samedi : 9h-13h/14h-18h</horaires> <type>PARTIC</type> <barriere>Inconnu</barriere> <compteOuvert>Inconnu</compteOuvert> <carte>Inconnu</carte> <blacklist>false</blacklist> <Point> <coordinates>0.378677,49.255511,0</coordinates> </Point> </Placemark> <Placemark> <id>368</id> <name>Decheterie Saint-Georges-du-Vièvre</name> <description>2251 Route de Lieuvey 27450 Saint-Georges-du-Vièvre</description> <horaires>mardi, jeudi : 14h-18h mercredi, samedi : 9h-12h/14h-18h</horaires> <type>PARTIC</type> <barriere>Inconnu</barriere> <compteOuvert>Inconnu</compteOuvert> <carte>Inconnu</carte> <blacklist>false</blacklist> <Point> <coordinates>0.553266,49.243332,0</coordinates> </Point> </Placemark> <Placemark> <id>369</id> <name>Decheterie Beaumontel</name> <description>Lieu Dit : 27170 Beaumontel</description> <horaires>Du lundi au Vendredi 13h30-18h30</horaires> <type>PARTIC</type> <barriere>Inconnu</barriere> <compteOuvert>Inconnu</compteOuvert> <carte>Inconnu</carte> <blacklist>false</blacklist> <Point> <coordinates>0.809137,49.104167,0</coordinates> </Point> </Placemark> <Placemark> <id>370</id> <name>Decheterie Gaillon</name> <description>Rue de la Muette (rn15) 27600 Gaillon</description> <horaires>Lundi, mardi, mercredi, vendredi, samedi : 7h à 12h et de 13h30 à 18h Jeudi : 7h à 13h</horaires> <type>PARTIC</type> <barriere>Inconnu</barriere> <compteOuvert>Inconnu</compteOuvert> <carte>Inconnu</carte> <blacklist>false</blacklist> <Point> <coordinates>1.380668,49.156555,0</coordinates> </Point> </Placemark> <Placemark> <id>371</id> <name>Decheterie Bourgtheroulde-Infreville</name> <description>Route de Bosnormand 27520 Bourgtheroulde-Infreville</description> <horaires>Lundi, Mardi, Mercredi, Jeudi, Vendredi, Samedi</horaires> <type>PARTIC</type> <barriere>Inconnu</barriere> <compteOuvert>Inconnu</compteOuvert> <carte>Inconnu</carte> <blacklist>false</blacklist> <Point> <coordinates>0.88289,49.29485,0</coordinates> </Point> </Placemark> <Placemark> <id>372</id> <name>Decheterie Brionne</name> <description>1, Rue des Martinières 27800 Brionne</description> <horaires>14h00-18h00 été 13h30-17h00 hiver 08h30-12h00 14h00-18h00 le samedi</horaires> <type>PARTIC</type> <barriere>Inconnu</barriere> <compteOuvert>Inconnu</compteOuvert> <carte>Inconnu</carte> <blacklist>false</blacklist> <Point> <coordinates>0.717826,49.203123,0</coordinates> </Point> </Placemark> <Placemark> <id>373</id> <name>Decheterie Gisors</name> <description>Route de la Croix Blanche 27140 Gisors</description> <horaires></horaires> <type>PARTIC</type> <barriere>Inconnu</barriere> <compteOuvert>Inconnu</compteOuvert> <carte>Inconnu</carte> <blacklist>false</blacklist> <Point> <coordinates>1.792782,49.274687,0</coordinates> </Point> </Placemark> <Placemark> <id>374</id> <name>Decheterie Broglie</name> <description>Lieu dit : "Beauvais" 27270 Broglie</description> <horaires>Lundi, Mercredi, Vendredi, Samedi 13h30-17h30</horaires> <type>PARTIC</type> <barriere>Inconnu</barriere> <compteOuvert>Inconnu</compteOuvert> <carte>Inconnu</carte> <blacklist>false</blacklist> <Point> <coordinates>0.51731,49.012147,0</coordinates> </Point> </Placemark> <Placemark> <id>375</id> <name>Decheterie Crosville-la-Vieille</name> <description>Rue Coquerel 27110 Crosville-la-Vieille</description> <horaires>HIVER : du 01/11 au 31/03 Lundi, mardi, mercredi, jeudi, vendredi : 13h30-17h30 Samedi : 9-12h/13h30-17h30 ETE : du 01/04 au 31/10 Lundi, mardi, jeudi, vendredi : 13h30-18h Mercredi : 9-12h/13h30 18h Samedi : 9-12h/13h30-17h30</horaires> <type>PARTIC</type> <barriere>Inconnu</barriere> <compteOuvert>Inconnu</compteOuvert> <carte>Inconnu</carte> <blacklist>false</blacklist> <Point> <coordinates>0.939904,49.147812,0</coordinates> </Point> </Placemark> <Placemark> <id>376</id> <name>Decheterie Anet</name> <description>Route de D'oulins 28260 Anet</description> <horaires>01/11 au 28/02 : lundi, mercredi : 13h30-17h samedi : 8h30-12h 13h30-17h 01/03 au 31/10 : lundi, vendredi : 9h-12h 13h30-18h mercredi : 13h30-18h samedi : 8h-12h 13h30-18h</horaires> <type>PARTIC</type> <barriere>Inconnu</barriere> <compteOuvert>Inconnu</compteOuvert> <carte>Inconnu</carte> <blacklist>false</blacklist> <Point> <coordinates>1.458167,48.864534,0</coordinates> </Point> </Placemark> <Placemark> <id>377</id> <name>Decheterie Arrou</name> <description>Arrou 28290 Arrou</description> <horaires>Du lundi au Vendredi 13h30-18h30</horaires> <type>PARTIC</type> <barriere>Inconnu</barriere> <compteOuvert>Inconnu</compteOuvert> <carte>Inconnu</carte> <blacklist>false</blacklist> <Point> <coordinates>1.129714,48.107455,0</coordinates> </Point> </Placemark> <Placemark> <id>378</id> <name>Decheterie Orgères-en-Beauce</name> <description>28140 Orgères-en-Beauce</description> <horaires>du 01/05 au 31/10 : lundi, samedi : 9h-12h 13h30-16h30 du 01/11 au 31/04 : lundi, samedi : 9h-12h 13h30-16h30 jeudi : 13h30-16h30</horaires> <type>PARTIC</type> <barriere>Inconnu</barriere> <compteOuvert>Inconnu</compteOuvert> <carte>Inconnu</carte> <blacklist>false</blacklist> <Point> <coordinates>1.670592,48.142673,0</coordinates> </Point> </Placemark> <Placemark> <id>379</id> <name>Decheterie Bonneval</name> <description>Rue de Villancien Zone d'activite 28800 Bonneval</description> <horaires>01/11 au 29/02 : lundi, samedi : 9h-12h 13h30-17h30 mardi : 9h-12h mercredi : 13h30-17h30 vendredi : 10h-12h 13h30-17h30 01/03 au 31/10 : lundi, mercredi, vendredi, samedi : 9h-12h 14h-18h30 mardi : 9h-12h</horaires> <type>PARTIC</type> <barriere>Inconnu</barriere> <compteOuvert>Inconnu</compteOuvert> <carte>Inconnu</carte> <blacklist>false</blacklist> <Point> <coordinates>1.401939,48.201424,0</coordinates> </Point> </Placemark> <Placemark> <id>380</id> <name>Decheterie Courville-sur-Eure</name> <description>Rue des Métiers 28190 Courville-sur-Eure</description> <horaires>01/11 au 28/02 : lundi : 13h30-17h30 jeudi, samedi : 9h-12h30 13h30-17h30 01/03 au 31/10 : lundi, mercredi, vendredi : 13h30-18h30 jeudi, samedi : 9h-12h30 13h30-18h30 dimanche : 9h-12h</horaires> <type>PARTIC</type> <barriere>Inconnu</barriere> <compteOuvert>Inconnu</compteOuvert> <carte>Inconnu</carte> <blacklist>false</blacklist> <Point> <coordinates>1.240966,48.452533,0</coordinates> </Point> </Placemark> <Placemark> <id>381</id> <name>Decheterie Dammarie</name> <description>Bois de Mivoye 28360 Dammarie</description> <horaires>01/11 au 28/02: lundi, vendredi, samedi :9h-12h30 13h30-17h30 mercredi 13h30-17h30 01/03 au 31/10: lundi : 9h30-12h 13h30-18h30 vendredi, samedi : 9h-12h 13h30-18h30 mercredi : 13h30-18h30</horaires> <type>PARTIC</type> <barriere>Inconnu</barriere> <compteOuvert>Inconnu</compteOuvert> <carte>Inconnu</carte> <blacklist>false</blacklist> <Point> <coordinates>1.46581,48.348335,0</coordinates> </Point> </Placemark> <Placemark> <id>382</id> <name>Decheterie Le Boullay-Thierry</name> <description>Route de Minières 28210 Le Boullay-Thierry</description> <horaires>1/11 au 28/02 : lundi : 14h-17h samedi : 9H-12h 14h-17h 1/03 au 31/10 : lundi, mercredi, vendredi : 14h-18h samedi : 8h-12h 14h-18h</horaires> <type>PARTIC</type> <barriere>Inconnu</barriere> <compteOuvert>Inconnu</compteOuvert> <carte>Inconnu</carte> <blacklist>false</blacklist> <Point> <coordinates>1.4261,48.634002,0</coordinates> </Point> </Placemark> <Placemark> <id>383</id> <name>Decheterie Saulnières</name> <description>Saulnieres 28500 Saulnières</description> <horaires>Hiver 15/11-14/03 : Mercredi : de 14h00 à 17h00 | Samedi : de 9h00 à 12h00 et de 14h00 à 17h00 | Eté 15/03-14/11 : Lundi, Mercredi, Vendredi : de 14h00 à 18h00 | Samedi : de 8h00 à 12h00 et de 14h00 à 18h00</horaires> <type>PARTIC</type> <barriere>Inconnu</barriere> <compteOuvert>Inconnu</compteOuvert> <carte>Inconnu</carte> <blacklist>false</blacklist> <Point> <coordinates>1.266867,48.665442,0</coordinates> </Point> </Placemark> <Placemark> <id>384</id> <name>Decheterie Châteaudun</name> <description>Route de Sancheville 28200 Châteaudun</description> <horaires>01/12 au 28/02 : lundi à samedi : 8h15-12h 14h15-18h dimanche : 9h-12h 01/03 au 30/11 : lundi, mardi, jeudi, vendredi : 8h15-12h mercredi : 8h15-12h 14h15-17h samedi : 8h15-12h 14h15-18h</horaires> <type>PARTIC</type> <barriere>Inconnu</barriere> <compteOuvert>Inconnu</compteOuvert> <carte>Inconnu</carte> <blacklist>false</blacklist> <Point> <coordinates>1.353956,48.089048,0</coordinates> </Point> </Placemark> <Placemark> <id>385</id> <name>Decheterie Châteauneuf-en-Thymerais</name> <description>Zone Industrielle de Saint-Arnoult 28170 Châteauneuf-en-Thymerais</description> <horaires>01/11 au 28/02 : lundi : 13h30-17h30 mercredi, samedi : 9h-12h30 13h30-17h30 dimanche : fermé 01/03 au 31/10 : lundi, jeudi, vendredi : 13h30-18h30 mercredi, samedi : 9h-12h30 13h30-18h30</horaires> <type>PARTIC</type> <barriere>Inconnu</barriere> <compteOuvert>Inconnu</compteOuvert> <carte>Inconnu</carte> <blacklist>false</blacklist> <Point> <coordinates>1.235323,48.594286,0</coordinates> </Point> </Placemark> <Placemark> <id>386</id> <name>Decheterie Boutigny-Prouais</name> <description>Poteau des Joncs 28410 Boutigny-Prouais</description> <horaires>01/11 au 28/02 : mercredi : 14h-17h samedi : 9h-12h 14h-17h 01/03 au 31/10 : lundi, mercredi, vendredi:14h-18h samedi : 8h-12h 14h-18h</horaires> <type>PARTIC</type> <barriere>Inconnu</barriere> <compteOuvert>Inconnu</compteOuvert> <carte>Inconnu</carte> <blacklist>false</blacklist> <Point> <coordinates>1.578865,48.729667,0</coordinates> </Point> </Placemark> <Placemark> <id>387</id> <name>Decheterie Nogent-le-Roi</name> <description>Chemin de l'Orgère 52800 NOGENT</description> <horaires>Lundi, Mercredi, Jeudi, Vendredi, Samedi, Dimanche Du 01/11 au 28/02 : lundi,mercredi, jeudi : 10h-12h/15h-17h vendredi : 10h-12h/14h-17h , samedi : 9h-13h/14h-17h dimanche : 9h-12h Du 01/03 au 31/10 :lundi, mercredi, jeudi, vendredi : 9h-12h/14h-18h samedi : 9h-13h/14h-18h, dimanche : 9h-12h</horaires> <type>PARTIC</type> <barriere>Inconnu</barriere> <compteOuvert>Inconnu</compteOuvert> <carte>Inconnu</carte> <blacklist>false</blacklist> <Point> <coordinates>1.513854,48.632116,0</coordinates> </Point> </Placemark> <Placemark> <id>388</id> <name>Decheterie Saint-Aubin-des-Bois</name> <description>Le petit chêne 28300 Saint-Aubin-des-Bois</description> <horaires>01/11 au 28/02: lundi, vendredi, samedi :9h-12h30 13h30-17h30 mercredi 13h30-17h30 01/03 au 31/10: lundi : 9h30-12h 13h30-18h30 vendredi, samedi : 9h-12h 13h30-18h30 mercredi : 13h30-18h30</horaires> <type>PARTIC</type> <barriere>Inconnu</barriere> <compteOuvert>Inconnu</compteOuvert> <carte>Inconnu</carte> <blacklist>false</blacklist> <Point> <coordinates>1.336141,48.447418,0</coordinates> </Point> </Placemark> <Placemark> <id>389</id> <name>Decheterie Roinville</name> <description>ROUTE DEPARTEMENTALE N19 28700 Roinville</description> <horaires>Lundi, Mardi, Jeudi, Vendredi, Samedi 9h-13h 14h-18h</horaires> <type>PARTIC</type> <barriere>Inconnu</barriere> <compteOuvert>Inconnu</compteOuvert> <carte>Inconnu</carte> <blacklist>false</blacklist> <Point> <coordinates>1.774515,48.440323,0</coordinates> </Point> </Placemark> <Placemark> <id>390</id> <name>Decheterie Saint-Lubin-des-Joncherets</name> <description>Rue Descartes 28350 Saint-Lubin-des-Joncherets</description> <horaires>01/11 au 28/02 : lundi, jeudi : 13h30-16h30 mardi, samedi : 9h-12h 1/03 au 31/10 : lundi, jeudi : 13h30-17h mardi, vendredi : 9h-12h samedi : 9h-12h 13h30-17h</horaires> <type>PARTIC</type> <barriere>Inconnu</barriere> <compteOuvert>Inconnu</compteOuvert> <carte>Inconnu</carte> <blacklist>false</blacklist> <Point> <coordinates>1.205238,48.758256,0</coordinates> </Point> </Placemark> <Placemark> <id>391</id> <name>Decheterie Cloyes-sur-le-Loir</name> <description>28220 Cloyes-sur-le-Loir</description> <horaires>lundi, vendredi, samedi : 9h-12h 14h-18h</horaires> <type>PARTIC</type> <barriere>Inconnu</barriere> <compteOuvert>Inconnu</compteOuvert> <carte>Inconnu</carte> <blacklist>false</blacklist> <Point> <coordinates>1.248994,47.989367,0</coordinates> </Point> </Placemark> <Placemark> <id>392</id> <name>Decheterie Bailleau-Armenonville</name> <description>ROUTE DE SOULAIRES HARLEVILLE 28320 Bailleau-Armenonville</description> <horaires>lundi, mardi, vendredi : 9h-12h45, 14h-17h45 samedi : 9h-12h45</horaires> <type>PARTIC</type> <barriere>Inconnu</barriere> <compteOuvert>Inconnu</compteOuvert> <carte>Inconnu</carte> <blacklist>false</blacklist> <Point> <coordinates>1.622681,48.522642,0</coordinates> </Point> </Placemark> <Placemark> <id>393</id> <name>Decheterie Pierres</name> <description>Rue des Mines 59171 ERRE</description> <horaires>Eté (01/03 au 28/02) : Lundi au samedi : 9 h-12h / 13h-19h dimanche: 9h-12h Hiver (01/11 au 28/02) : Lundi au samedi : 9 h-12h / 13h-17h dimanche: 9h-12h</horaires> <type>PARTIC</type> <barriere>Inconnu</barriere> <compteOuvert>Inconnu</compteOuvert> <carte>Inconnu</carte> <blacklist>false</blacklist> <Point> <coordinates>1.561898,48.582245,0</coordinates> </Point> </Placemark> <Placemark> <id>394</id> <name>Decheterie Nogent-le-Rotrou</name> <description>Chemin de l'Orgère 52800 NOGENT</description> <horaires>Lundi, Mercredi, Jeudi, Vendredi, Samedi, Dimanche Du 01/11 au 28/02 : lundi,mercredi, jeudi : 10h-12h/15h-17h vendredi : 10h-12h/14h-17h , samedi : 9h-13h/14h-17h dimanche : 9h-12h Du 01/03 au 31/10 :lundi, mercredi, jeudi, vendredi : 9h-12h/14h-18h samedi : 9h-13h/14h-18h, dimanche : 9h-12h</horaires> <type>PARTIC</type> <barriere>Inconnu</barriere> <compteOuvert>Inconnu</compteOuvert> <carte>Inconnu</carte> <blacklist>false</blacklist> <Point> <coordinates>0.843804,48.300286,0</coordinates> </Point> </Placemark> <Placemark> <id>395</id> <name>Decheterie Janville</name> <description>ZI, RUE DU BOEL 28310 Janville</description> <horaires>Lundi, Jeudi, Vendredi, Samedi 9h-13h 14h-18h</horaires> <type>PARTIC</type> <barriere>Inconnu</barriere> <compteOuvert>Inconnu</compteOuvert> <carte>Inconnu</carte> <blacklist>false</blacklist> <Point> <coordinates>1.880262,48.206256,0</coordinates> </Point> </Placemark> <Placemark> <id>396</id> <name>Decheterie Illiers-Combray</name> <description>Z.I. 28120 Illiers-Combray</description> <horaires>01/11 au 29/02 : lundi, samedi : 9h-12h 13h30-17h30 mercredi : 13h30-17h30 jeudi: 9h-12h 01/03 au 31/10 : lundi, mercredi, vendredi, samedi : 9h-12h 14h-18h30 mardi : 9h-12h</horaires> <type>PARTIC</type> <barriere>Inconnu</barriere> <compteOuvert>Inconnu</compteOuvert> <carte>Inconnu</carte> <blacklist>false</blacklist> <Point> <coordinates>1.243689,48.308341,0</coordinates> </Point> </Placemark> <Placemark> <id>397</id> <name>Decheterie Saint-Rémy-sur-Avre</name> <description>Les Champs de Bray 28380 Saint-Rémy-sur-Avre</description> <horaires>01/11 au 28/02: mercredi : 13h30-17h15 samedi : 8h15-12h 13h30-17h15 01/03 au 31/10 : lundi, mercredi, vendredi : 13h30-17h15 samedi : 8h15-12h 13h30-17h15</horaires> <type>PARTIC</type> <barriere>Inconnu</barriere> <compteOuvert>Inconnu</compteOuvert> <carte>Inconnu</carte> <blacklist>false</blacklist> <Point> <coordinates>1.252578,48.760385,0</coordinates> </Point> </Placemark> <Placemark> <id>398</id> <name>Decheterie Senonches</name> <description>La Croix-Saint-Anne 28250 Senonches</description> <horaires>01/11 au 28/02 : mercredi : 13h30-17h30 vendredi, samedi : 9h-12h30, 13h30-17h30 01/03 au 31/10: mardi, mercredi : 13h30-18h30 vendredi, samedi : 9h-12h30 13h30-18h30 dimanche : 9h-12h</horaires> <type>PARTIC</type> <barriere>Inconnu</barriere> <compteOuvert>Inconnu</compteOuvert> <carte>Inconnu</carte> <blacklist>false</blacklist> <Point> <coordinates>1.047063,48.559519,0</coordinates> </Point> </Placemark> <Placemark> <id>399</id> <name>Decheterie Voves</name> <description>Route de Genonville 28150 Voves</description> <horaires>Lundi, Mardi, Mercredi, Samedi 9h-13h 14h-18h</horaires> <type>PARTIC</type> <barriere>Inconnu</barriere> <compteOuvert>Inconnu</compteOuvert> <carte>Inconnu</carte> <blacklist>false</blacklist> <Point> <coordinates>1.645936,48.265679,0</coordinates> </Point> </Placemark> <Placemark> <id>400</id> <name>Decheterie Lamblore</name> <description>Route de Verneuil 28340 Lamblore</description> <horaires>lundi, jeudi:9h-12h samedi:9h-12h 14h-18h</horaires> <type>PARTIC</type> <barriere>Inconnu</barriere> <compteOuvert>Inconnu</compteOuvert> <carte>Inconnu</carte> <blacklist>false</blacklist> <Point> <coordinates>0.901598,48.61769,0</coordinates> </Point> </Placemark> <Placemark> <id>401</id> <name>Decheterie Bu</name> <description>les Folies 28410 Bu</description> <horaires>Du lundi au Vendredi 13h30-18h30</horaires> <type>PARTIC</type> <barriere>Inconnu</barriere> <compteOuvert>Inconnu</compteOuvert> <carte>Inconnu</carte> <blacklist>false</blacklist> <Point> <coordinates>1.489073,48.808164,0</coordinates> </Point> </Placemark> <Placemark> <id>402</id> <name>Decheterie Saint-Éliph</name> <description>Rue du Pressoir 28240 Saint-Éliph</description> <horaires>01/11 au 29/02 : mardi, samedi : 09h-12h30 13h30-17h30 vendredi : 13h30-17h30 01/03 au 31/10 : mardi, samedi : 9h-12h30 13h30-18h30 mercredi, jeudi, vendredi : 13h30-18h30 dimanche : 9h-12h</horaires> <type>PARTIC</type> <barriere>Inconnu</barriere> <compteOuvert>Inconnu</compteOuvert> <carte>Inconnu</carte> <blacklist>false</blacklist> <Point> <coordinates>1.025264,48.452953,0</coordinates> </Point> </Placemark> <Placemark> <id>403</id> <name>Decheterie Ouarville</name> <description>Route de Louville 28150 Ouarville</description> <horaires>Lundi, Jeudi, Samedi 9h-12h45, 14h-17h45</horaires> <type>PARTIC</type> <barriere>Inconnu</barriere> <compteOuvert>Inconnu</compteOuvert> <carte>Inconnu</carte> <blacklist>false</blacklist> <Point> <coordinates>1.773,48.339842,0</coordinates> </Point> </Placemark> <Placemark> <id>404</id> <name>Decheterie Dreux</name> <description>ZI Nord Chemin de Notre Dame de la Ronde 28100 Dreux</description> <horaires>15/10 au 15/03 : lundi au samedi : 9h-12h, 13h30-17h30 16/03 au 14/10 : lundi au samedi : 9h-12h, 13h30-18h30 dimanche : 9h-12h</horaires> <type>PARTIC</type> <barriere>Inconnu</barriere> <compteOuvert>Inconnu</compteOuvert> <carte>Inconnu</carte> <blacklist>false</blacklist> <Point> <coordinates>1.366745,48.754797,0</coordinates> </Point> </Placemark> <Placemark> <id>405</id> <name>Decheterie Brezolles</name> <description>Route de Beauche 28270 Brezolles</description> <horaires>1/11 au 28/02 : lundi : 14h-17h samedi : 9h-12h 14h-17h 01/03 au 31/10 : lundi, mercredi, vendredi : 14h-18h samedi : 8h-12h 14h-18h</horaires> <type>PARTIC</type> <barriere>Inconnu</barriere> <compteOuvert>Inconnu</compteOuvert> <carte>Inconnu</carte> <blacklist>false</blacklist> <Point> <coordinates>1.060318,48.688637,0</coordinates> </Point> </Placemark> <Placemark> <id>406</id> <name>Decheterie Charbonnières</name> <description>La Ferrandierie 28330 Charbonnières</description> <horaires>lun : 9 h à 12 h ven : 14 h à 17 h mer : 13h30 à 17h30 sam: 9 h à 12 h et 14 h 17 h</horaires> <type>PARTIC</type> <barriere>Inconnu</barriere> <compteOuvert>Inconnu</compteOuvert> <carte>Inconnu</carte> <blacklist>false</blacklist> <Point> <coordinates>0.932957,48.18493,0</coordinates> </Point> </Placemark> <Placemark> <id>407</id> <name>Decheterie Droue-sur-Drouette</name> <description>Route de Soulaires ZI La queue d'hirondelle 28230 Droue-sur-Drouette</description> <horaires>mercredi, jeudi, vendredi : 9h-12h45, 14h-17h45 samedi, dimanche : 9h-12h45</horaires> <type>PARTIC</type> <barriere>Inconnu</barriere> <compteOuvert>Inconnu</compteOuvert> <carte>Inconnu</carte> <blacklist>false</blacklist> <Point> <coordinates>1.689875,48.595204,0</coordinates> </Point> </Placemark> <Placemark> <id>408</id> <name>Decheterie Lucé</name> <description>Rue de la Taye 28110 Lucé</description> <horaires>9h-12h 14h-18h sauf le dimanche et jours fériés : 9h-13h</horaires> <type>PARTIC</type> <barriere>Inconnu</barriere> <compteOuvert>Inconnu</compteOuvert> <carte>Inconnu</carte> <blacklist>false</blacklist> <Point> <coordinates>1.439328,48.425261,0</coordinates> </Point> </Placemark> <Placemark> <id>409</id> <name>Decheterie Champhol</name> <description>28300 Champhol</description> <horaires>Lundi, Mardi, Mercredi, Vendredi, Samedi, Dimanche 9h-12h 14h-18h sauf le dimanche : 9h-13h</horaires> <type>PARTIC</type> <barriere>Inconnu</barriere> <compteOuvert>Inconnu</compteOuvert> <carte>Inconnu</carte> <blacklist>false</blacklist> <Point> <coordinates>1.504512,48.478798,0</coordinates> </Point> </Placemark> <Placemark> <id>410</id> <name>Decheterie Brou</name> <description>Route de Fraze 28160 Brou</description> <horaires>01/11 au 29/02 : lundi, vendredi, samedi : 9h-12h 13h30-17h30 mardi : 9h-12h mercredi : 13h30-17h30 01/03 au 31/10 : lundi, mercredi, vendredi, samedi : 9h-12h 14h-18h30 mardi : 9h-12h</horaires> <type>PARTIC</type> <barriere>Inconnu</barriere> <compteOuvert>Inconnu</compteOuvert> <carte>Inconnu</carte> <blacklist>false</blacklist> <Point> <coordinates>1.164689,48.221911,0</coordinates> </Point> </Placemark> <Placemark> <id>411</id> <name>Decheterie Thiron-Gardais</name> <description>Rue des Tilleuls 28480 Thiron-Gardais</description> <horaires>lun : 14 h à 17 h mer : 13h30 à 17h30 vend, sam: 9 h à 12 h et 14 h à 17 h</horaires> <type>PARTIC</type> <barriere>Inconnu</barriere> <compteOuvert>Inconnu</compteOuvert> <carte>Inconnu</carte> <blacklist>false</blacklist> <Point> <coordinates>0.993064,48.306784,0</coordinates> </Point> </Placemark> <Placemark> <id>412</id> <name>Decheterie Bénodet</name> <description>Route de Poulpry 29950 Bénodet</description> <horaires>Du lundi au Vendredi 13h30-18h30</horaires> <type>PARTIC</type> <barriere>Inconnu</barriere> <compteOuvert>Inconnu</compteOuvert> <carte>Inconnu</carte> <blacklist>false</blacklist> <Point> <coordinates>-4.09223,47.872803,0</coordinates> </Point> </Placemark> <Placemark> <id>413</id> <name>Decheterie Elliant</name> <description>ZA Kerambars 29370 ELLIANT</description> <horaires>Lundi, Mardi, Mercredi, Jeudi, Vendredi, Samedi du 02/11 au 31/03 : 9h30-12h/13h30-17h30 du 01/04 au 031/10 : 9h-12h/13h30-18h</horaires> <type>PARTIC</type> <barriere>Inconnu</barriere> <compteOuvert>Inconnu</compteOuvert> <carte>Inconnu</carte> <blacklist>false</blacklist> <Point> <coordinates>-3.909613,47.99193,0</coordinates> </Point> </Placemark> <Placemark> <id>414</id> <name>Decheterie Bourg-Blanc</name> <description>29860 Bourg Blanc</description> <horaires>lundi : 9h-13h mardi: 14h-18h vendredi: 15h-19h samedi: 9h-12h 14h-18h</horaires> <type>PARTIC</type> <barriere>Inconnu</barriere> <compteOuvert>Inconnu</compteOuvert> <carte>Inconnu</carte> <blacklist>false</blacklist> <Point> <coordinates>-4.489104,48.495062,0</coordinates> </Point> </Placemark> <Placemark> <id>415</id> <name>Decheterie Brest</name> <description>RUE DU VERN- ZAC DU VERN 29200 BREST</description> <horaires>Hiver: lundi, mercredi, vendredi, samedi 9h30-12h30, 13h30-18h mardi, jeudi: 13h30-18h dimanche: 9h30-12h30 Eté: lundi, mercredi, vendredi, samedi 9h30-12h30, 13h30-19h30 mardi, jeudi: 13h30-19h30 dimanche: 9h30-12h30</horaires> <type>PARTIC</type> <barriere>Inconnu</barriere> <compteOuvert>Inconnu</compteOuvert> <carte>Inconnu</carte> <blacklist>false</blacklist> <Point> <coordinates>-4.540812,48.391291,0</coordinates> </Point> </Placemark> <Placemark> <id>416</id> <name>Decheterie Brest</name> <description>RUE DU VERN- ZAC DU VERN 29200 BREST</description> <horaires>Hiver: lundi, mercredi, vendredi, samedi 9h30-12h30, 13h30-18h mardi, jeudi: 13h30-18h dimanche: 9h30-12h30 Eté: lundi, mercredi, vendredi, samedi 9h30-12h30, 13h30-19h30 mardi, jeudi: 13h30-19h30 dimanche: 9h30-12h30</horaires> <type>PARTIC</type> <barriere>Inconnu</barriere> <compteOuvert>Inconnu</compteOuvert> <carte>Inconnu</carte> <blacklist>false</blacklist> <Point> <coordinates>-4.50942,48.414287,0</coordinates> </Point> </Placemark> <Placemark> <id>417</id> <name>Decheterie Briec</name> <description>ZA La Grande Garenne 16590 Brie</description> <horaires>Du lundi au samedi de 9h à 12h et de 14h à 18h</horaires> <type>PARTIC</type> <barriere>Inconnu</barriere> <compteOuvert>Inconnu</compteOuvert> <carte>Inconnu</carte> <blacklist>false</blacklist> <Point> <coordinates>-4.025642,48.104603,0</coordinates> </Point> </Placemark> <Placemark> <id>418</id> <name>Decheterie Camaret-sur-Mer</name> <description>Lambézen 29570 Camaret-sur-Mer</description> <horaires>Lundi, Mardi, Jeudi, Vendredi, Samedi Du 01/10 au 31/03 : 9h-12h et 13h30-17h Du 01/04 au 30/09 : 9h12h et 13h30-18h</horaires> <type>PARTIC</type> <barriere>Inconnu</barriere> <compteOuvert>Inconnu</compteOuvert> <carte>Inconnu</carte> <blacklist>false</blacklist> <Point> <coordinates>-4.565413,48.272811,0</coordinates> </Point> </Placemark> <Placemark> <id>419</id> <name>Decheterie Concarneau</name> <description>ZA Kersale 29181 CONCARNEAU</description> <horaires>Lundi, Mardi, Mercredi, Jeudi, Vendredi, Samedi du 02/11 au 31/03 : 9h30-12h/13h30-17h30 du 01/04 au 31/10 : 9h-12h/13h30-18h</horaires> <type>PARTIC</type> <barriere>Inconnu</barriere> <compteOuvert>Inconnu</compteOuvert> <carte>Inconnu</carte> <blacklist>false</blacklist> <Point> <coordinates>-3.909133,47.905829,0</coordinates> </Point> </Placemark> <Placemark> <id>420</id> <name>Decheterie Combrit</name> <description>Kerbenoën 29120 COMBRIT</description> <horaires>Lundi, Mardi, Mercredi, Jeudi, Vendredi, Samedi 8h30-18h toute l'année</horaires> <type>PARTIC</type> <barriere>Inconnu</barriere> <compteOuvert>Inconnu</compteOuvert> <carte>Inconnu</carte> <blacklist>false</blacklist> <Point> <coordinates>-4.166203,47.881913,0</coordinates> </Point> </Placemark> <Placemark> <id>421</id> <name>Decheterie Guengat</name> <description>KERDRAIN 29180 GUENGAT</description> <horaires>du lundi au vendredi inclus : 14h-18h samedi : 9h-12h et 14h-18h les lundis et samedis fériés : 9h-12h, sauf 01/05, 25/12,01/01</horaires> <type>PARTIC</type> <barriere>Inconnu</barriere> <compteOuvert>Inconnu</compteOuvert> <carte>Inconnu</carte> <blacklist>false</blacklist> <Point> <coordinates>-4.209321,48.049643,0</coordinates> </Point> </Placemark> <Placemark> <id>422</id> <name>Decheterie Guipavas</name> <description>Lavalot 29490 GUIPAVAS</description> <horaires>Hiver: lundi, mercredi, vendredi, samedi 9h30-12h30, 13h30-18h mardi, jeudi: 13h30-18h dimanche: 9h30-12h30 Eté: lundi, mercredi, vendredi, samedi 9h30-12h30, 13h30-19h30 mardi, jeudi: 13h30-19h30 dimanche: 9h30-12h30</horaires> <type>PARTIC</type> <barriere>Inconnu</barriere> <compteOuvert>Inconnu</compteOuvert> <carte>Inconnu</carte> <blacklist>false</blacklist> <Point> <coordinates>-4.42465,48.423029,0</coordinates> </Point> </Placemark> <Placemark> <id>423</id> <name>Decheterie Milizac</name> <description>Bel Air 29290 MILIZAC</description> <horaires>du 1/10 au 31/03 : lundi, vendredi : 14h-18h mardi, dimanche : 10h-12h jeudi : 10h-12h/14h-18h, samedi : 9h30-12h/14h-18h du 01/04 au 30/09 :lundi, vendredi : 14h-19h mardi, dimanche : 10h-12h jeudi : 10h12h/14h18h, samedi : 9h30-12h/14h-18h</horaires> <type>PARTIC</type> <barriere>Inconnu</barriere> <compteOuvert>Inconnu</compteOuvert> <carte>Inconnu</carte> <blacklist>false</blacklist> <Point> <coordinates>-4.579931,48.461727,0</coordinates> </Point> </Placemark> <Placemark> <id>424</id> <name>Decheterie Pleyben</name> <description>Kozquerou 29190 LEYBEN</description> <horaires>Lundi, Mardi, Mercredi, Jeudi, Vendredi, Samedi 9H-12H, 13h30-18h, fermé mardi mercredi jeudi matin</horaires> <type>PARTIC</type> <barriere>Inconnu</barriere> <compteOuvert>Inconnu</compteOuvert> <carte>Inconnu</carte> <blacklist>false</blacklist> <Point> <coordinates>-3.943737,48.263165,0</coordinates> </Point> </Placemark> <Placemark> <id>425</id> <name>Decheterie Pleyber-Christ</name> <description>la Gare 29410 PLEYBER-CHRIST</description> <horaires>mercredi, vendredi 09h-12h mardi 14h-18h samedi 09h-12h, 14h-18h</horaires> <type>PARTIC</type> <barriere>Inconnu</barriere> <compteOuvert>Inconnu</compteOuvert> <carte>Inconnu</carte> <blacklist>false</blacklist> <Point> <coordinates>-3.879405,48.509262,0</coordinates> </Point> </Placemark> <Placemark> <id>426</id> <name>Decheterie Plobannalec-Lesconil</name> <description>Plobannalec 29740 Plobannalec-Lesconil</description> <horaires>Du lundi au Vendredi 13h30-18h30</horaires> <type>PARTIC</type> <barriere>Inconnu</barriere> <compteOuvert>Inconnu</compteOuvert> <carte>Inconnu</carte> <blacklist>false</blacklist> <Point> <coordinates>-4.250283,47.820711,0</coordinates> </Point> </Placemark> <Placemark> <id>427</id> <name>Decheterie Plomeur</name> <description>LEZINADOU 29120 PLOMEUR</description> <horaires>Lundi, Mardi, Mercredi, Jeudi, Vendredi, Samedi, Dimanche 8h30-18h toute l'année</horaires> <type>PARTIC</type> <barriere>Inconnu</barriere> <compteOuvert>Inconnu</compteOuvert> <carte>Inconnu</carte> <blacklist>false</blacklist> <Point> <coordinates>-4.31373,47.835223,0</coordinates> </Point> </Placemark> <Placemark> <id>428</id> <name>Decheterie Plonéour-Lanvern</name> <description>Kerlavar 29720 Plonéour-Lanvern</description> <horaires></horaires> <type>PARTIC</type> <barriere>Inconnu</barriere> <compteOuvert>Inconnu</compteOuvert> <carte>Inconnu</carte> <blacklist>false</blacklist> <Point> <coordinates>-4.26799,47.897069,0</coordinates> </Point> </Placemark> <Placemark> <id>429</id> <name>Decheterie Plonévez-Porzay</name> <description>la Croix Neuve 29550 Plonévez-Porzay</description> <horaires>Du lundi au Vendredi 13h30-18h30</horaires> <type>PARTIC</type> <barriere>Inconnu</barriere> <compteOuvert>Inconnu</compteOuvert> <carte>Inconnu</carte> <blacklist>false</blacklist> <Point> <coordinates>-4.231835,48.134158,0</coordinates> </Point> </Placemark> <Placemark> <id>430</id> <name>Decheterie Plouédern</name> <description>Zi St Eloi 29800 Plouédern</description> <horaires>Du lundi au Vendredi 13h30-18h30</horaires> <type>PARTIC</type> <barriere>Inconnu</barriere> <compteOuvert>Inconnu</compteOuvert> <carte>Inconnu</carte> <blacklist>false</blacklist> <Point> <coordinates>-4.275079,48.480135,0</coordinates> </Point> </Placemark> <Placemark> <id>431</id> <name>Decheterie Plougoulm</name> <description>TY KORN 29250 PLOUGOULM</description> <horaires>Lundi, Mardi, Mercredi, Jeudi, Vendredi, Samedi 08h30-12h00 et 14h00-18h00 sauf lundi fermeture le matin</horaires> <type>PARTIC</type> <barriere>Inconnu</barriere> <compteOuvert>Inconnu</compteOuvert> <carte>Inconnu</carte> <blacklist>false</blacklist> <Point> <coordinates>-4.049458,48.643146,0</coordinates> </Point> </Placemark> <Placemark> <id>432</id> <name>Decheterie Plougourvest</name> <description>Besmen 29400 Plougourvest</description> <horaires>Du lundi au Vendredi 13h30-18h30</horaires> <type>PARTIC</type> <barriere>Inconnu</barriere> <compteOuvert>Inconnu</compteOuvert> <carte>Inconnu</carte> <blacklist>false</blacklist> <Point> <coordinates>-4.09389,48.566297,0</coordinates> </Point> </Placemark> <Placemark> <id>433</id> <name>Decheterie Plourin-lès-Morlaix</name> <description>Keryar 29830 Plourin</description> <horaires>Lundi, vendredi: 14h mercredi, jeudi, dimanche:10h samedi: 9h30</horaires> <type>PARTIC</type> <barriere>Inconnu</barriere> <compteOuvert>Inconnu</compteOuvert> <carte>Inconnu</carte> <blacklist>false</blacklist> <Point> <coordinates>-3.799902,48.537691,0</coordinates> </Point> </Placemark> <Placemark> <id>434</id> <name>Decheterie Plouzané</name> <description>Za Mescouezel 29280 Plouzané</description> <horaires>Du lundi au Vendredi 13h30-18h30</horaires> <type>PARTIC</type> <barriere>Inconnu</barriere> <compteOuvert>Inconnu</compteOuvert> <carte>Inconnu</carte> <blacklist>false</blacklist> <Point> <coordinates>-4.605826,48.376008,0</coordinates> </Point> </Placemark> <Placemark> <id>435</id> <name>Decheterie Pluguffan</name> <description>29700 Pluguffan</description> <horaires>du 26/10 au 29/03 : lundi, mercredi, vendredi, samedi : 9h-12h/14h-18h mardi, jeudi : 14h-18h du 30/03 au 25/10 : lundi, mercredi, vendredi, samedi : 9h-12h/14h-18h30 mardi, jeudi : 14h-18h30 dimanche : 9h-12h</horaires> <type>PARTIC</type> <barriere>Inconnu</barriere> <compteOuvert>Inconnu</compteOuvert> <carte>Inconnu</carte> <blacklist>false</blacklist> <Point> <coordinates>-4.16891,47.954998,0</coordinates> </Point> </Placemark> <Placemark> <id>436</id> <name>Decheterie Pouldreuzic</name> <description>29710 POULDREUZIC</description> <horaires>Lundi-mardi-jeudi-vendredi:14h-18h mercredi-samedi:9h-12h, 14h-18h</horaires> <type>PARTIC</type> <barriere>Inconnu</barriere> <compteOuvert>Inconnu</compteOuvert> <carte>Inconnu</carte> <blacklist>false</blacklist> <Point> <coordinates>-4.342552,47.958284,0</coordinates> </Point> </Placemark> <Placemark> <id>437</id> <name>Decheterie Poullan-sur-Mer</name> <description>Lestrivin 29100 Poullan-sur-Mer</description> <horaires>Lundi, Mardi, Mercredi, Jeudi, Vendredi, Samedi de 9h à 12h et de 14h à 18h</horaires> <type>PARTIC</type> <barriere>Inconnu</barriere> <compteOuvert>Inconnu</compteOuvert> <carte>Inconnu</carte> <blacklist>false</blacklist> <Point> <coordinates>-4.384505,48.084977,0</coordinates> </Point> </Placemark> <Placemark> <id>438</id> <name>Decheterie Primelin</name> <description>Prad Honest 29770 Primelin</description> <horaires>lundi : 14h-18h mardi, vendredi : 9h-12h/14h-18h mercredi, jeudi : 9h-12h</horaires> <type>PARTIC</type> <barriere>Inconnu</barriere> <compteOuvert>Inconnu</compteOuvert> <carte>Inconnu</carte> <blacklist>false</blacklist> <Point> <coordinates>-4.596773,48.02993,0</coordinates> </Point> </Placemark> <Placemark> <id>439</id> <name>Decheterie Quimper</name> <description>Allee de la Nouvelle Metairie 29000 QUIMPER</description> <horaires>lundi au vendredi : 14h-18h samedi : 9h-12h/14h-18h les lundis et samedi fériés : 9h-12h, sauf 01/05, 25/12, 01/01</horaires> <type>PARTIC</type> <barriere>Inconnu</barriere> <compteOuvert>Inconnu</compteOuvert> <carte>Inconnu</carte> <blacklist>false</blacklist> <Point> <coordinates>-4.10685,48.019641,0</coordinates> </Point> </Placemark> <Placemark> <id>440</id> <name>Decheterie Quimper</name> <description>Allee de la Nouvelle Metairie 29000 QUIMPER</description> <horaires>lundi au vendredi : 14h-18h samedi : 9h-12h/14h-18h les lundis et samedi fériés : 9h-12h, sauf 01/05, 25/12, 01/01</horaires> <type>PARTIC</type> <barriere>Inconnu</barriere> <compteOuvert>Inconnu</compteOuvert> <carte>Inconnu</carte> <blacklist>false</blacklist> <Point> <coordinates>-4.035946,47.985283,0</coordinates> </Point> </Placemark> <Placemark> <id>441</id> <name>Decheterie Rosnoën</name> <description>Kerguelen 29590 Rosnoën</description> <horaires>Lundi, Mercredi, Vendredi, Samedi 9h-12h 14h-18h</horaires> <type>PARTIC</type> <barriere>Inconnu</barriere> <compteOuvert>Inconnu</compteOuvert> <carte>Inconnu</carte> <blacklist>false</blacklist> <Point> <coordinates>-4.163774,48.270089,0</coordinates> </Point> </Placemark> <Placemark> <id>442</id> <name>Decheterie Saint-Thégonnec</name> <description>Mes Menez 29410 Saint-Thégonnec</description> <horaires>Du lundi au Vendredi 13h30-18h30</horaires> <type>PARTIC</type> <barriere>Inconnu</barriere> <compteOuvert>Inconnu</compteOuvert> <carte>Inconnu</carte> <blacklist>false</blacklist> <Point> <coordinates>-3.943874,48.526007,0</coordinates> </Point> </Placemark> <Placemark> <id>443</id> <name>Decheterie Scaër</name> <description>Stang Blanc 29390 Scaër</description> <horaires>du 02/11 au 31/03 : 9h30-12h/13h30-17h30 | du 01/04 au 31/10 : 9h12h-13h30-18h</horaires> <type>PARTIC</type> <barriere>Inconnu</barriere> <compteOuvert>Inconnu</compteOuvert> <carte>Inconnu</carte> <blacklist>false</blacklist> <Point> <coordinates>-3.712284,48.011159,0</coordinates> </Point> </Placemark> <Placemark> <id>444</id> <name>Decheterie Plougonvelin</name> <description>ZAC de Toul Ibil 29217 PLOUGONVELIN</description> <horaires>mercredi,dimanche : 10h-12, jeudi : 10h-12h/14h-18h, samedi : 9h30-12h/14h-18h, toute l'année. lundi : 10h-12h/14h-18h, vendredi : 14h-18h, l'été lundi : 10h-12h/14h-19h, vendredi : 14h-19h, l'hiver.</horaires> <type>PARTIC</type> <barriere>Inconnu</barriere> <compteOuvert>Inconnu</compteOuvert> <carte>Inconnu</carte> <blacklist>false</blacklist> <Point> <coordinates>-4.703573,48.36384,0</coordinates> </Point> </Placemark> <Placemark> <id>445</id> <name>Decheterie Lesneven</name> <description>Rue Pablo Picasso 29260 LESNEVEN</description> <horaires>Lundi, Mardi, Mercredi, Jeudi, Vendredi, Samedi de 9h à 12h et de 14h à 17h30</horaires> <type>PARTIC</type> <barriere>Inconnu</barriere> <compteOuvert>Inconnu</compteOuvert> <carte>Inconnu</carte> <blacklist>false</blacklist> <Point> <coordinates>-4.291833,48.572507,0</coordinates> </Point> </Placemark> <Placemark> <id>446</id> <name>Decheterie Lannilis</name> <description>Menez Bras 29870 LANNILIS</description> <horaires>Lundi, Mardi, Jeudi, Vendredi, Samedi 9h-12h 14h-18h</horaires> <type>PARTIC</type> <barriere>Inconnu</barriere> <compteOuvert>Inconnu</compteOuvert> <carte>Inconnu</carte> <blacklist>false</blacklist> <Point> <coordinates>-4.490714,48.554448,0</coordinates> </Point> </Placemark> <Placemark> <id>447</id> <name>Decheterie Plouguerneau</name> <description>Kergratias 29880 PLOUGUERNEAU</description> <horaires>Lundi, Mardi, Mercredi, Vendredi, Samedi 9h-12h 14h-18h</horaires> <type>PARTIC</type> <barriere>Inconnu</barriere> <compteOuvert>Inconnu</compteOuvert> <carte>Inconnu</carte> <blacklist>false</blacklist> <Point> <coordinates>-4.523276,48.612911,0</coordinates> </Point> </Placemark> <Placemark> <id>448</id> <name>Decheterie Ergué-Gabéric</name> <description>Zone Artisanale de Quillihuec Rue Gustave-eiffel 29500 Ergué-Gabéric</description> <horaires></horaires> <type>PARTIC</type> <barriere>Inconnu</barriere> <compteOuvert>Inconnu</compteOuvert> <carte>Inconnu</carte> <blacklist>false</blacklist> <Point> <coordinates>-4.022102,48.008101,0</coordinates> </Point> </Placemark> <Placemark> <id>449</id> <name>Decheterie Ploudalmézeau</name> <description>Za Saint-Roch 29830 Ploudalmézeau</description> <horaires>Du lundi au Vendredi 13h30-18h30</horaires> <type>PARTIC</type> <barriere>Inconnu</barriere> <compteOuvert>Inconnu</compteOuvert> <carte>Inconnu</carte> <blacklist>false</blacklist> <Point> <coordinates>-4.657022,48.530284,0</coordinates> </Point> </Placemark> <Placemark> <id>450</id> <name>Decheterie Crozon</name> <description>ZA de Kerdanvez 29160 CROZON</description> <horaires>Lundi, Mardi, Mercredi, Jeudi, Vendredi, Samedi du 1er avril au 30 septembre de 9h à 12h et de 13h30h à 18h du 1er octobre au 31 mars de 9h à 12h et de 13h30h à 17h</horaires> <type>PARTIC</type> <barriere>Inconnu</barriere> <compteOuvert>Inconnu</compteOuvert> <carte>Inconnu</carte> <blacklist>false</blacklist> <Point> <coordinates>-4.446114,48.251759,0</coordinates> </Point> </Placemark> <Placemark> <id>451</id> <name>Decheterie Châteauneuf-du-Faou</name> <description>Trémélé 29540 Châteauneuf-du-Faou</description> <horaires>Du lundi au Vendredi 13h30-18h30</horaires> <type>PARTIC</type> <barriere>Inconnu</barriere> <compteOuvert>Inconnu</compteOuvert> <carte>Inconnu</carte> <blacklist>false</blacklist> <Point> <coordinates>-3.791937,48.208159,0</coordinates> </Point> </Placemark> <Placemark> <id>452</id> <name>Decheterie ile-de-Sein</name> <description>Ile de Sein 29990 ile-de-Sein</description> <horaires></horaires> <type>PARTIC</type> <barriere>Inconnu</barriere> <compteOuvert>Inconnu</compteOuvert> <carte>Inconnu</carte> <blacklist>false</blacklist> <Point> <coordinates>-4.855067,48.033516,0</coordinates> </Point> </Placemark> <Placemark> <id>453</id> <name>Decheterie ile-de-Batz</name> <description>29253 ILE-DE-BATZ</description> <horaires>mercredi :15h30-17h30 samedi : 13h30-16h30</horaires> <type>PARTIC</type> <barriere>Inconnu</barriere> <compteOuvert>Inconnu</compteOuvert> <carte>Inconnu</carte> <blacklist>false</blacklist> <Point> <coordinates>-4.000231,48.743773,0</coordinates> </Point> </Placemark> <Placemark> <id>454</id> <name>Decheterie Châteaulin</name> <description>Lieu Dit Peren 29150 Châteaulin</description> <horaires>Du lundi au Vendredi 13h30-18h30</horaires> <type>PARTIC</type> <barriere>Inconnu</barriere> <compteOuvert>Inconnu</compteOuvert> <carte>Inconnu</carte> <blacklist>false</blacklist> <Point> <coordinates>-4.042024,48.231555,0</coordinates> </Point> </Placemark> <Placemark> <id>455</id> <name>Decheterie Morlaix</name> <description>Le Pilodeyer 29201 MORLAIX</description> <horaires>Lundi, Mardi, Mercredi, Jeudi, Vendredi, Samedi, Dimanche été 09h-12h 14h-18h sauf dimanche 10h-12h hiver 09h-12h 14h-17h sauf dimanche 10h-12h</horaires> <type>PARTIC</type> <barriere>Inconnu</barriere> <compteOuvert>Inconnu</compteOuvert> <carte>Inconnu</carte> <blacklist>false</blacklist> <Point> <coordinates>-3.793585,48.589907,0</coordinates> </Point> </Placemark> <Placemark> <id>456</id> <name>Decheterie Bodilis</name> <description>Kervennou 29400 BODILIS</description> <horaires>Lundi, Mardi, Mercredi, Jeudi, Vendredi, Samedi Du 01/10 au 30/03: 8h30 à 12h et 13h30 à 18h Du 01/04 au 30/09: 8h30 à 12h et 13h30 à 18h30</horaires> <type>PARTIC</type> <barriere>Inconnu</barriere> <compteOuvert>Inconnu</compteOuvert> <carte>Inconnu</carte> <blacklist>false</blacklist> <Point> <coordinates>-4.10931,48.512636,0</coordinates> </Point> </Placemark> <Placemark> <id>457</id> <name>Decheterie Ouessant</name> <description>29242 Ouessant</description> <horaires>Lundi, Mardi, Mercredi, Jeudi, Vendredi, Samedi du 1/09 au 30/06 : lundi, mercredi, jeudi : 10h-12h 14h-17h vendredi : 10h-12h 14h-16h samedi : 14h-17h du 1/07 au 31/08 : 14h-17h</horaires> <type>PARTIC</type> <barriere>Inconnu</barriere> <compteOuvert>Inconnu</compteOuvert> <carte>Inconnu</carte> <blacklist>false</blacklist> <Point> <coordinates>-5.066663,48.466744,0</coordinates> </Point> </Placemark> <Placemark> <id>458</id> <name>Decheterie Locunolé</name> <description>Locunole-Rosgodec 29310 Locunolé</description> <horaires>Du lundi au Vendredi 13h30-18h30</horaires> <type>PARTIC</type> <barriere>Inconnu</barriere> <compteOuvert>Inconnu</compteOuvert> <carte>Inconnu</carte> <blacklist>false</blacklist> <Point> <coordinates>-3.506464,47.939823,0</coordinates> </Point> </Placemark> <Placemark> <id>459</id> <name>Decheterie Plabennec</name> <description>Z.I de Berhouague 40530 LABENNE</description> <horaires>Eté : Lundi au Samedi 8H30-12H et 13H15-18H30 Hiver : Lundi au Samedi 8H-12H et 13H15-18H</horaires> <type>PARTIC</type> <barriere>Inconnu</barriere> <compteOuvert>Inconnu</compteOuvert> <carte>Inconnu</carte> <blacklist>false</blacklist> <Point> <coordinates>-4.439462,48.516856,0</coordinates> </Point> </Placemark> <Placemark> <id>460</id> <name>Decheterie Lanmeur</name> <description>Pen Ar Stang 29620 LANMEUR</description> <horaires>du 01/04 au 31/10 : lundi, jeudi :14h-18h, mercredi, vendredi, : 9h-12h, samedi : 9h-12h/14h-18h du 01/11 au 31/03 : lundi, jeudi : 14h17h, mercredi, vendredi : 9h-12h, samedi : 9h12h/14h-17h</horaires> <type>PARTIC</type> <barriere>Inconnu</barriere> <compteOuvert>Inconnu</compteOuvert> <carte>Inconnu</carte> <blacklist>false</blacklist> <Point> <coordinates>-3.740534,48.675784,0</coordinates> </Point> </Placemark> <Placemark> <id>461</id> <name>Decheterie Cléder</name> <description>Cleder 29233 Cléder</description> <horaires>Du lundi au Vendredi 13h30-18h30</horaires> <type>PARTIC</type> <barriere>Inconnu</barriere> <compteOuvert>Inconnu</compteOuvert> <carte>Inconnu</carte> <blacklist>false</blacklist> <Point> <coordinates>-4.147381,48.649812,0</coordinates> </Point> </Placemark> <Placemark> <id>462</id> <name>Decheterie Plourin</name> <description>Keryar 29830 Plourin</description> <horaires>Lundi, vendredi: 14h mercredi, jeudi, dimanche:10h samedi: 9h30</horaires> <type>PARTIC</type> <barriere>Inconnu</barriere> <compteOuvert>Inconnu</compteOuvert> <carte>Inconnu</carte> <blacklist>false</blacklist> <Point> <coordinates>-4.696073,48.497325,0</coordinates> </Point> </Placemark> <Placemark> <id>463</id> <name>Decheterie Douarnenez</name> <description>Lannugat 29100 DOUARNENEZ</description> <horaires>Lundi, Mardi, Mercredi, Jeudi, Vendredi, Samedi Toute l'année: 9h-12h et 14h-18h</horaires> <type>PARTIC</type> <barriere>Inconnu</barriere> <compteOuvert>Inconnu</compteOuvert> <carte>Inconnu</carte> <blacklist>false</blacklist> <Point> <coordinates>-4.294089,48.081192,0</coordinates> </Point> </Placemark> <Placemark> <id>464</id> <name>Decheterie Fouesnant</name> <description>Ker an Bris 29170 FOUESNANT</description> <horaires>Lundi, Mardi, Mercredi, Jeudi, Vendredi, Samedi en hiver : 09h-12h, 13h30-18h en été : 09h-12h, 13h30-18h30</horaires> <type>PARTIC</type> <barriere>Inconnu</barriere> <compteOuvert>Inconnu</compteOuvert> <carte>Inconnu</carte> <blacklist>false</blacklist> <Point> <coordinates>-4.018977,47.923109,0</coordinates> </Point> </Placemark> <Placemark> <id>465</id> <name>Decheterie Coray</name> <description>Lieu-dit Goaillou 29370 Coray</description> <horaires></horaires> <type>PARTIC</type> <barriere>Inconnu</barriere> <compteOuvert>Inconnu</compteOuvert> <carte>Inconnu</carte> <blacklist>false</blacklist> <Point> <coordinates>-3.841025,48.098052,0</coordinates> </Point> </Placemark> <Placemark> <id>466</id> <name>Decheterie Plouguin</name> <description>Kervélé Vraz 29830 - PLOUGUIN 29830 PLOUGUIN</description> <horaires>lundi : 14h-18h30 jeudi : 9h-12h/13h30-18h samedi : 9h-12h/14h-18h</horaires> <type>PARTIC</type> <barriere>Inconnu</barriere> <compteOuvert>Inconnu</compteOuvert> <carte>Inconnu</carte> <blacklist>false</blacklist> <Point> <coordinates>-4.571157,48.522086,0</coordinates> </Point> </Placemark> <Placemark> <id>467</id> <name>Decheterie Plougastel-Daoulas</name> <description>Toul ar Rannic 29470 PLOUGASTEL-DAOULAS</description> <horaires>Hiver: lundi, mercredi, vendredi, samedi 9h30-12h30, 13h30-18h mardi, jeudi: 13h30-18h dimanche: 9h30-12h30 Eté: lundi, mercredi, vendredi, samedi 9h30-12h30, 13h30-19h30 mardi, jeudi: 13h30-19h30 dimanche: 9h30-12h30</horaires> <type>PARTIC</type> <barriere>Inconnu</barriere> <compteOuvert>Inconnu</compteOuvert> <carte>Inconnu</carte> <blacklist>false</blacklist> <Point> <coordinates>-4.379502,48.367509,0</coordinates> </Point> </Placemark> <Placemark> <id>468</id> <name>Decheterie Locmaria-Berrien</name> <description>ZA du Vieux Tronc 29690 locmaria Berrien</description> <horaires>Lundi, Mardi, Mercredi, Jeudi, Vendredi, Samedi Toute l'année :9-12h, 13h30-18h</horaires> <type>PARTIC</type> <barriere>Inconnu</barriere> <compteOuvert>Inconnu</compteOuvert> <carte>Inconnu</carte> <blacklist>false</blacklist> <Point> <coordinates>-3.737084,48.347169,0</coordinates> </Point> </Placemark> <Placemark> <id>469</id> <name>Decheterie Plougonven</name> <description>Toulivinen 29640 PLOUGONVEN</description> <horaires>été lundi 09h-12h, mercredi 14h-18h ,samedi 09h-12h/14h-18h hiver lundi 09h-12h, mercredi 14h-17h, samedi 09h-12h/14h-17h</horaires> <type>PARTIC</type> <barriere>Inconnu</barriere> <compteOuvert>Inconnu</compteOuvert> <carte>Inconnu</carte> <blacklist>false</blacklist> <Point> <coordinates>-3.684505,48.492448,0</coordinates> </Point> </Placemark> <Placemark> <id>470</id> <name>Decheterie Pont-Croix</name> <description>Chemin de la Tille 21130 PONT</description> <horaires>Horaire d'ete (01/04 au 30/09) Horaire d'hiver (01/10 au 31/03) fermeture à 16H45 : MARDI 8h30-11h45 MERCREDI 14h-17h45 JEUDI 14h-17h45 VENDREDI 8h30-11h45 SAMEDI 8h30-11h45.</horaires> <type>PARTIC</type> <barriere>Inconnu</barriere> <compteOuvert>Inconnu</compteOuvert> <carte>Inconnu</carte> <blacklist>false</blacklist> <Point> <coordinates>-4.503337,48.043263,0</coordinates> </Point> </Placemark> <Placemark> <id>471</id> <name>Decheterie Lanhouarneau</name> <description>Ruléa 29430 - 29430 Lanhouarneau</description> <horaires></horaires> <type>PARTIC</type> <barriere>Inconnu</barriere> <compteOuvert>Inconnu</compteOuvert> <carte>Inconnu</carte> <blacklist>false</blacklist> <Point> <coordinates>-4.20464,48.579187,0</coordinates> </Point> </Placemark> <Placemark> <id>472</id> <name>Decheterie Carhaix-Plouguer</name> <description>Kervouazou 29270 CARHAIX-PLOUGUER</description> <horaires>Lundi, Mardi, Mercredi, Jeudi, Vendredi, Samedi 9h-12h 13h30-18h</horaires> <type>PARTIC</type> <barriere>Inconnu</barriere> <compteOuvert>Inconnu</compteOuvert> <carte>Inconnu</carte> <blacklist>false</blacklist> <Point> <coordinates>-3.529249,48.284055,0</coordinates> </Point> </Placemark> <Placemark> <id>473</id> <name>Decheterie Daoulas</name> <description>Reun Ar Moal 29460 DAOULAS</description> <horaires>Lundi, Mardi, Mercredi, Jeudi, Vendredi, Samedi du 1er novembre au 28 février: de 9h à 12h et de 14h à 17h30 du 1er mars au 31 octobre: de 9h à 12h et de 14h à 19h</horaires> <type>PARTIC</type> <barriere>Inconnu</barriere> <compteOuvert>Inconnu</compteOuvert> <carte>Inconnu</carte> <blacklist>false</blacklist> <Point> <coordinates>-4.252996,48.350885,0</coordinates> </Point> </Placemark> <Placemark> <id>474</id> <name>Decheterie Moëlan-sur-Mer</name> <description>Kersalut 29350 Moëlan-sur-Mer</description> <horaires>Du lundi au Vendredi 13h30-18h30</horaires> <type>PARTIC</type> <barriere>Inconnu</barriere> <compteOuvert>Inconnu</compteOuvert> <carte>Inconnu</carte> <blacklist>false</blacklist> <Point> <coordinates>-3.608914,47.800344,0</coordinates> </Point> </Placemark> <Placemark> <id>475</id> <name>Decheterie Plouarzel</name> <description>Gavre 29810 - PLOUARZEL 29810 PLOUARZEL</description> <horaires>du 01/10 au 31/03 : lundi, vendredi :10h-12h/14h-18h mardi, mercredi : 14h-18h, samedi : 9h30-12h/14h-18h, dimanche : 10h-12h du 01/04 au 30/09 : lundi, vendredi : 10h-12h/14h-19h mardi, mercredi : 14h-18h, samedi : 9h30-12h/14h-18h , dimanche : 10h-12</horaires> <type>PARTIC</type> <barriere>Inconnu</barriere> <compteOuvert>Inconnu</compteOuvert> <carte>Inconnu</carte> <blacklist>false</blacklist> <Point> <coordinates>-4.669504,48.443731,0</coordinates> </Point> </Placemark> <Placemark> <id>476</id> <name>Decheterie Quimperlé</name> <description>Allee de la Nouvelle Metairie 29000 QUIMPER</description> <horaires>lundi au vendredi : 14h-18h samedi : 9h-12h/14h-18h les lundis et samedi fériés : 9h-12h, sauf 01/05, 25/12, 01/01</horaires> <type>PARTIC</type> <barriere>Inconnu</barriere> <compteOuvert>Inconnu</compteOuvert> <carte>Inconnu</carte> <blacklist>false</blacklist> <Point> <coordinates>-3.578512,47.862506,0</coordinates> </Point> </Placemark> <Placemark> <id>477</id> <name>Decheterie Scrignac</name> <description>Alzou 12390 RIGNAC</description> <horaires>Lundi – Mardi – Mercredi – Jeudi – Vendredi De 15 h 00 à 18 h 00 Samedi De 9 h 00 à 12 h 00 et de 14 h 00 à 17 h 00</horaires> <type>PARTIC</type> <barriere>Inconnu</barriere> <compteOuvert>Inconnu</compteOuvert> <carte>Inconnu</carte> <blacklist>false</blacklist> <Point> <coordinates>-3.684736,48.432924,0</coordinates> </Point> </Placemark> <Placemark> <id>478</id> <name>Decheterie Sizun</name> <description>Croas Cabellec 29450 Sizun</description> <horaires>1/10 au 31/03: lundi, mercredi et samedi: 9h-12h et 13h30-18h vendredi : 13h30-18h 1/04 au 30/09: lundi, mercredi et samedi: 9h-12h et 14h-18h30 vendredi: 14h-18h30</horaires> <type>PARTIC</type> <barriere>Inconnu</barriere> <compteOuvert>Inconnu</compteOuvert> <carte>Inconnu</carte> <blacklist>false</blacklist> <Point> <coordinates>-4.030361,48.428888,0</coordinates> </Point> </Placemark> <Placemark> <id>479</id> <name>Decheterie Taulé</name> <description>Ker Ar Big 29670 Taulé</description> <horaires>été | 09h-12h 14h-18h</horaires> <type>PARTIC</type> <barriere>Inconnu</barriere> <compteOuvert>Inconnu</compteOuvert> <carte>Inconnu</carte> <blacklist>false</blacklist> <Point> <coordinates>-3.910123,48.622865,0</coordinates> </Point> </Placemark> <Placemark> <id>480</id> <name>Decheterie Trégunc</name> <description>Kerouannec Vihan 29910 Trégunc</description> <horaires>du 02/11 au 31/03 : 9h30-12h/13h30-17h30 | du 01/04 au 31/10 : 9h-12h/13h30-18h</horaires> <type>PARTIC</type> <barriere>Inconnu</barriere> <compteOuvert>Inconnu</compteOuvert> <carte>Inconnu</carte> <blacklist>false</blacklist> <Point> <coordinates>-3.829253,47.857328,0</coordinates> </Point> </Placemark> <Placemark> <id>481</id> <name>Decheterie Amboise</name> <description>Rue de la Mothe 37530 Amboise</description> <horaires>Du lundi au Vendredi 13h30-18h30</horaires> <type>PARTIC</type> <barriere>Inconnu</barriere> <compteOuvert>Inconnu</compteOuvert> <carte>Inconnu</carte> <blacklist>false</blacklist> <Point> <coordinates>1.008908,47.413629,0</coordinates> </Point> </Placemark> <Placemark> <id>482</id> <name>Decheterie Athée-sur-Cher</name> <description>Route de Magny 21130 Athée</description> <horaires>Horaire d'ete (01/04 au 30/09) Horaire d'hiver (01/10 au 31/03) fermeture à 16H45 MARDI 14h-17h45 MERCREDI 8h30-11h45 JEUDI 8h30-11h45 VENDREDI 14h-17h45 SAMEDI 14h-17h45</horaires> <type>PARTIC</type> <barriere>Inconnu</barriere> <compteOuvert>Inconnu</compteOuvert> <carte>Inconnu</carte> <blacklist>false</blacklist> <Point> <coordinates>0.919137,47.328684,0</coordinates> </Point> </Placemark> <Placemark> <id>483</id> <name>Decheterie Benais</name> <description>37140 Benais</description> <horaires>Lundi, Mardi, Mercredi, Jeudi, Vendredi 6h30-10h30</horaires> <type>PARTIC</type> <barriere>Inconnu</barriere> <compteOuvert>Inconnu</compteOuvert> <carte>Inconnu</carte> <blacklist>false</blacklist> <Point> <coordinates>0.22897,47.328928,0</coordinates> </Point> </Placemark> <Placemark> <id>484</id> <name>Decheterie Bossay-sur-Claise</name> <description>RD 105 37290 Bossay-sur-Claise</description> <horaires>lundi, jeudi:14h-18h samedi:9h-12h 14h-18h</horaires> <type>PARTIC</type> <barriere>Inconnu</barriere> <compteOuvert>Inconnu</compteOuvert> <carte>Inconnu</carte> <blacklist>false</blacklist> <Point> <coordinates>0.95088,46.794506,0</coordinates> </Point> </Placemark> <Placemark> <id>485</id> <name>Decheterie Bourgueil</name> <description>Z. I. Bourgueil 37140 Bourgueil</description> <horaires>Du lundi au Vendredi 13h30-18h30</horaires> <type>PARTIC</type> <barriere>Inconnu</barriere> <compteOuvert>Inconnu</compteOuvert> <carte>Inconnu</carte> <blacklist>false</blacklist> <Point> <coordinates>0.160586,47.273541,0</coordinates> </Point> </Placemark> <Placemark> <id>486</id> <name>Decheterie Chanceaux-sur-Choisille</name> <description>Avenue de Casantin 37390 Chanceaux-sur-Choisille</description> <horaires>lundi : 9h-12h mardi, mercredi, jeudi vendredi : 14h-18h samedi : 9h-12h, 14h-18h</horaires> <type>PARTIC</type> <barriere>Inconnu</barriere> <compteOuvert>Inconnu</compteOuvert> <carte>Inconnu</carte> <blacklist>false</blacklist> <Point> <coordinates>0.746236,47.473035,0</coordinates> </Point> </Placemark> <Placemark> <id>487</id> <name>Decheterie Château-Renault</name> <description>37110 Château-Renault</description> <horaires>Lundi, Mercredi, Vendredi, Samedi 9h-12h30 13h30-18h sauf le vendredi : 13h30-18h Fermeture à 19h du 1/04 au 30/09</horaires> <type>PARTIC</type> <barriere>Inconnu</barriere> <compteOuvert>Inconnu</compteOuvert> <carte>Inconnu</carte> <blacklist>false</blacklist> <Point> <coordinates>0.88848,47.593072,0</coordinates> </Point> </Placemark> <Placemark> <id>488</id> <name>Decheterie Chinon</name> <description>Route de Huismes 37500 Chinon</description> <horaires>Lundi, Mardi, Mercredi, Jeudi, Vendredi, Samedi 01/11 au 31/03 : 14h-18h 01/04 au 30/10 : 14h-19h</horaires> <type>PARTIC</type> <barriere>Inconnu</barriere> <compteOuvert>Inconnu</compteOuvert> <carte>Inconnu</carte> <blacklist>false</blacklist> <Point> <coordinates>0.250099,47.178761,0</coordinates> </Point> </Placemark> <Placemark> <id>489</id> <name>Decheterie Cinq-Mars-la-Pile</name> <description>Zi de l'Europe 37130 Cinq-Mars-la-Pile</description> <horaires>Du lundi au Vendredi 13h30-18h30</horaires> <type>PARTIC</type> <barriere>Inconnu</barriere> <compteOuvert>Inconnu</compteOuvert> <carte>Inconnu</carte> <blacklist>false</blacklist> <Point> <coordinates>0.469355,47.347945,0</coordinates> </Point> </Placemark> <Placemark> <id>490</id> <name>Decheterie Fondettes</name> <description>Rue Edouard Branly 37230 Fondettes</description> <horaires>mardi au samedi de 9h à 12h30 et de 13h30 à 17h45. Le dimanche de 9h à 12h30 horaires valables toute l'année</horaires> <type>PARTIC</type> <barriere>Inconnu</barriere> <compteOuvert>Inconnu</compteOuvert> <carte>Inconnu</carte> <blacklist>false</blacklist> <Point> <coordinates>0.624766,47.408013,0</coordinates> </Point> </Placemark> <Placemark> <id>491</id> <name>Decheterie Genillé</name> <description>Route de Montrésor 37460 Genillé</description> <horaires>Du lundi au Vendredi 13h30-18h30</horaires> <type>PARTIC</type> <barriere>Inconnu</barriere> <compteOuvert>Inconnu</compteOuvert> <carte>Inconnu</carte> <blacklist>false</blacklist> <Point> <coordinates>1.11546,47.180452,0</coordinates> </Point> </Placemark> <Placemark> <id>492</id> <name>Decheterie Le Grand-Pressigny</name> <description>rue des bords de claise 37350 Le Grand-Pressigny</description> <horaires>lundi, mercredi:14h-17h30 samedi:9h-12h 14h-18h</horaires> <type>PARTIC</type> <barriere>Inconnu</barriere> <compteOuvert>Inconnu</compteOuvert> <carte>Inconnu</carte> <blacklist>false</blacklist> <Point> <coordinates>0.792838,46.922194,0</coordinates> </Point> </Placemark> <Placemark> <id>493</id> <name>Decheterie Montlouis-sur-Loire</name> <description>37270 Montlouis-sur-Loire</description> <horaires>lundi au vendredi:8h-12h30 15h-17h30 samedi:8h-12h30 13h30-17h30 Eté: fermeture à 18h30</horaires> <type>PARTIC</type> <barriere>Inconnu</barriere> <compteOuvert>Inconnu</compteOuvert> <carte>Inconnu</carte> <blacklist>false</blacklist> <Point> <coordinates>0.797935,47.387839,0</coordinates> </Point> </Placemark> <Placemark> <id>494</id> <name>Decheterie Neuillé-le-Lierre</name> <description>Rue des Mines 59171 ERRE</description> <horaires>Eté (01/03 au 28/02) : Lundi au samedi : 9 h-12h / 13h-19h dimanche: 9h-12h Hiver (01/11 au 28/02) : Lundi au samedi : 9 h-12h / 13h-17h dimanche: 9h-12h</horaires> <type>PARTIC</type> <barriere>Inconnu</barriere> <compteOuvert>Inconnu</compteOuvert> <carte>Inconnu</carte> <blacklist>false</blacklist> <Point> <coordinates>0.914701,47.520739,0</coordinates> </Point> </Placemark> <Placemark> <id>495</id> <name>Decheterie Ports</name> <description>37800 Ports</description> <horaires>lundi : 14h-19h mercredi : 8h-12h samedi : 9h-12h</horaires> <type>PARTIC</type> <barriere>Inconnu</barriere> <compteOuvert>Inconnu</compteOuvert> <carte>Inconnu</carte> <blacklist>false</blacklist> <Point> <coordinates>0.561232,47.007411,0</coordinates> </Point> </Placemark> <Placemark> <id>496</id> <name>Decheterie Richelieu</name> <description>37120 Richelieu</description> <horaires>lundi : 8h30-12h mercredi, samedi : 8h30-12h 14h-17h30 vendredi : 14h-17h30</horaires> <type>PARTIC</type> <barriere>Inconnu</barriere> <compteOuvert>Inconnu</compteOuvert> <carte>Inconnu</carte> <blacklist>false</blacklist> <Point> <coordinates>0.325754,47.029108,0</coordinates> </Point> </Placemark> <Placemark> <id>497</id> <name>Decheterie Saché</name> <description>37190 Saché</description> <horaires>1/10 au 31/03 : lundi : 8h/12h15 mercredi : 14h-17h30 samedi : 9h-12h15 14h-18h 1/04 au 30/09 : lundi : 8h30-12h15 mercredi : 14h-18h30 samedi : 8h30-12h15 14h-18h30</horaires> <type>PARTIC</type> <barriere>Inconnu</barriere> <compteOuvert>Inconnu</compteOuvert> <carte>Inconnu</carte> <blacklist>false</blacklist> <Point> <coordinates>0.569618,47.256417,0</coordinates> </Point> </Placemark> <Placemark> <id>498</id> <name>Decheterie Saint-Avertin</name> <description>1 rue Paul Langevin 37550 Saint-Avertin</description> <horaires>Mardi, Mercredi, Jeudi, Vendredi, Samedi, Dimanche hiver: 9h/12h30-13h30/17h15 sauf le dimanche: 9h/12h30 été: 9h/12h30-13h30/18h15</horaires> <type>PARTIC</type> <barriere>Inconnu</barriere> <compteOuvert>Inconnu</compteOuvert> <carte>Inconnu</carte> <blacklist>false</blacklist> <Point> <coordinates>0.729385,47.346819,0</coordinates> </Point> </Placemark> <Placemark> <id>499</id> <name>Decheterie Saint-Antoine-du-Rocher</name> <description>37360 Saint-Antoine-du-Rocher</description> <horaires>1er/11 au 31/03: lundi:13h-17h30 mercredi, vendredi,samedi:9h-12h30 14h-17h30 01/04 au 31/10 lundi:14h-19h mercredi, vendredi,samedi:9h-12h 14h-18h</horaires> <type>PARTIC</type> <barriere>Inconnu</barriere> <compteOuvert>Inconnu</compteOuvert> <carte>Inconnu</carte> <blacklist>false</blacklist> <Point> <coordinates>0.623066,47.504061,0</coordinates> </Point> </Placemark> <Placemark> <id>500</id> <name>Decheterie Saint-Branchs</name> <description>Z.A Les Coquettes 37320 Saint-Branchs</description> <horaires>01/10 au 31/03 : vendredi : 14h-17h45 samedi : 9h-11h45 14h-17h45 01/04 au 30/09 : vendredi : 14h-18h45 samedi : 9h-11h45 14h-18h45</horaires> <type>PARTIC</type> <barriere>Inconnu</barriere> <compteOuvert>Inconnu</compteOuvert> <carte>Inconnu</carte> <blacklist>false</blacklist> <Point> <coordinates>0.759457,47.235005,0</coordinates> </Point> </Placemark> <Placemark> <id>501</id> <name>Decheterie Saint-Laurent-de-Lin</name> <description>37330 Saint-Laurent-de-Lin</description> <horaires>Lundi, Mercredi, Vendredi, Samedi 9h-11h45 13h30-17h15</horaires> <type>PARTIC</type> <barriere>Inconnu</barriere> <compteOuvert>Inconnu</compteOuvert> <carte>Inconnu</carte> <blacklist>false</blacklist> <Point> <coordinates>0.284542,47.513172,0</coordinates> </Point> </Placemark> <Placemark> <id>502</id> <name>Decheterie Sonzay</name> <description>Le Signal 37360 Sonzay</description> <horaires>lundi au vendredi: 8h-16h30 | samedi: 8h-13h</horaires> <type>PARTIC</type> <barriere>Inconnu</barriere> <compteOuvert>Inconnu</compteOuvert> <carte>Inconnu</carte> <blacklist>false</blacklist> <Point> <coordinates>0.479885,47.497566,0</coordinates> </Point> </Placemark> <Placemark> <id>503</id> <name>Decheterie Tours</name> <description>8 rue de l’Aviation 37100 Tours</description> <horaires>lundi fermée mardi au samedi 9h - 12h30 • 13h30 - 17h45 dimanche 9h - 12h30</horaires> <type>PARTIC</type> <barriere>Inconnu</barriere> <compteOuvert>Inconnu</compteOuvert> <carte>Inconnu</carte> <blacklist>false</blacklist> <Point> <coordinates>0.70865,47.438316,0</coordinates> </Point> </Placemark> <Placemark> <id>504</id> <name>Decheterie Bléré</name> <description>37150 Bléré</description> <horaires>lundi, vendredi, samedi : 9h-12h 14h-17h (fermeture à 18h du 01/04 au 30/09) mardi, mercredi, jeudi : 14h-17h</horaires> <type>PARTIC</type> <barriere>Inconnu</barriere> <compteOuvert>Inconnu</compteOuvert> <carte>Inconnu</carte> <blacklist>false</blacklist> <Point> <coordinates>1.021334,47.324359,0</coordinates> </Point> </Placemark> <Placemark> <id>505</id> <name>Decheterie Noyant-de-Touraine</name> <description>37800 Noyant-de-Touraine</description> <horaires>lundi : 9h-12h vendredi et samedi : 14h-19h</horaires> <type>PARTIC</type> <barriere>Inconnu</barriere> <compteOuvert>Inconnu</compteOuvert> <carte>Inconnu</carte> <blacklist>false</blacklist> <Point> <coordinates>0.57554,47.114988,0</coordinates> </Point> </Placemark> <Placemark> <id>506</id> <name>Decheterie Descartes</name> <description>rue Pierre et Marie Curie 37160 Descartes</description> <horaires>lundi, mercredi:9h-12h 14h-17h30 vendredi:14h-17h30 samedi:9h-12h 14h-18h</horaires> <type>PARTIC</type> <barriere>Inconnu</barriere> <compteOuvert>Inconnu</compteOuvert> <carte>Inconnu</carte> <blacklist>false</blacklist> <Point> <coordinates>0.672029,46.982665,0</coordinates> </Point> </Placemark> <Placemark> <id>507</id> <name>Decheterie Hermites</name> <description>Route de Montoire 37110 Hermites</description> <horaires>Eté (01/04 au 30/09) | Mardi et jeudi : 13h30 à 19h00 | Samedi : 9h00 à 12h30 | Hiver (01/10 au 31/03) | Mardi et jeudi : 13h30 à 18h00 | Samedi : 9h00 à 12h30</horaires> <type>PARTIC</type> <barriere>Inconnu</barriere> <compteOuvert>Inconnu</compteOuvert> <carte>Inconnu</carte> <blacklist>false</blacklist> <Point> <coordinates>0.758273,47.671464,0</coordinates> </Point> </Placemark> <Placemark> <id>508</id> <name>Decheterie Esvres</name> <description>la Pommeraie 37320 Esvres</description> <horaires>01/10 au 31/03 : Lundi, mercredi : 9h à 12h et de 14h à 17h | Jeudi: 9h à 14h | Samedi : 9h à 13h et de 14h à 17h | 01/04 au 30/09 : Lundi, mercredi : 9h à 12h et de 14h à 18h | Jeudi : 9 à 14h | Samedi : 9h à 13h et de 14h à 18h</horaires> <type>PARTIC</type> <barriere>Inconnu</barriere> <compteOuvert>Inconnu</compteOuvert> <carte>Inconnu</carte> <blacklist>false</blacklist> <Point> <coordinates>0.794805,47.298595,0</coordinates> </Point> </Placemark> <Placemark> <id>509</id> <name>Decheterie Nouans-les-Fontaines</name> <description>Route des Dames de Touraine 37460 Nouans-les-Fontaines</description> <horaires>Du lundi au Vendredi 13h30-18h30</horaires> <type>PARTIC</type> <barriere>Inconnu</barriere> <compteOuvert>Inconnu</compteOuvert> <carte>Inconnu</carte> <blacklist>false</blacklist> <Point> <coordinates>1.276342,47.142136,0</coordinates> </Point> </Placemark> <Placemark> <id>510</id> <name>Decheterie La Roche-Clermault</name> <description>37500 La Roche-Clermault</description> <horaires>01/11 au 31/03 : lundi, mercredi : 13h-17h30 samedi : 8h-12h30 14h-17h30 01/04 au 31/10 lundi, mercredi : 15h-19h samedi : 8h30-12h30 14h-19h</horaires> <type>PARTIC</type> <barriere>Inconnu</barriere> <compteOuvert>Inconnu</compteOuvert> <carte>Inconnu</carte> <blacklist>false</blacklist> <Point> <coordinates>0.191266,47.119266,0</coordinates> </Point> </Placemark> <Placemark> <id>511</id> <name>Decheterie Chanceaux-près-Loches</name> <description>37600 Chanceaux-près-Loches</description> <horaires>du 1/11 au 31/03 : lundi au samedi : 8h-12h 13h-17h dimanche : 9h-12h du 1/04 au 31/10 : lundi au samedi : 8h-12h 14h-18h dimanche : 9h-12h</horaires> <type>PARTIC</type> <barriere>Inconnu</barriere> <compteOuvert>Inconnu</compteOuvert> <carte>Inconnu</carte> <blacklist>false</blacklist> <Point> <coordinates>0.959683,47.135953,0</coordinates> </Point> </Placemark> <Placemark> <id>512</id> <name>Decheterie Charnizay</name> <description>37290 Charnizay</description> <horaires>mardi:9h-12h vendredi:9h-12h 14h-18h</horaires> <type>PARTIC</type> <barriere>Inconnu</barriere> <compteOuvert>Inconnu</compteOuvert> <carte>Inconnu</carte> <blacklist>false</blacklist> <Point> <coordinates>0.983132,46.911706,0</coordinates> </Point> </Placemark> <Placemark> <id>513</id> <name>Decheterie La Riche</name> <description>Rue des Montils 37520 La Riche</description> <horaires>Mardi au samedi : de 9h00 à 12h30 et de 13h30 à 17h45 | Dimanche : 9h00 à 12h30</horaires> <type>PARTIC</type> <barriere>Inconnu</barriere> <compteOuvert>Inconnu</compteOuvert> <carte>Inconnu</carte> <blacklist>false</blacklist> <Point> <coordinates>0.645019,47.376329,0</coordinates> </Point> </Placemark> <Placemark> <id>514</id> <name>Decheterie L'ile-Bouchard</name> <description>Rue Saint-lazare 37220 L'ile-Bouchard</description> <horaires>Lundi, mercredi, samedi : 8h00-12h00/14h00-17h00</horaires> <type>PARTIC</type> <barriere>Inconnu</barriere> <compteOuvert>Inconnu</compteOuvert> <carte>Inconnu</carte> <blacklist>false</blacklist> <Point> <coordinates>0.435941,47.123716,0</coordinates> </Point> </Placemark> <Placemark> <id>515</id> <name>Decheterie Azay-le-Rideau</name> <description>Za la Loge 37190 Azay-le-Rideau</description> <horaires>Du lundi au Vendredi 13h30-18h30</horaires> <type>PARTIC</type> <barriere>Inconnu</barriere> <compteOuvert>Inconnu</compteOuvert> <carte>Inconnu</carte> <blacklist>false</blacklist> <Point> <coordinates>0.476819,47.272895,0</coordinates> </Point> </Placemark> <Placemark> <id>516</id> <name>Decheterie La Chapelle-Blanche-Saint-Martin</name> <description>Lieu Dit Fuyragues 83560 Saint-Martin</description> <horaires>Mardi, Mercredi, Jeudi, Vendredi, Samedi : du 01/11 au 28/02 : 8h-12h du 01/03 au 31/10 : 7h45-12h</horaires> <type>PARTIC</type> <barriere>Inconnu</barriere> <compteOuvert>Inconnu</compteOuvert> <carte>Inconnu</carte> <blacklist>false</blacklist> <Point> <coordinates>0.774286,47.080929,0</coordinates> </Point> </Placemark> <Placemark> <id>517</id> <name>Decheterie Joué-lès-Tours</name> <description>8 rue de l’Aviation 37100 Tours</description> <horaires>lundi fermée mardi au samedi 9h - 12h30 • 13h30 - 17h45 dimanche 9h - 12h30</horaires> <type>PARTIC</type> <barriere>Inconnu</barriere> <compteOuvert>Inconnu</compteOuvert> <carte>Inconnu</carte> <blacklist>false</blacklist> <Point> <coordinates>0.633626,47.343819,0</coordinates> </Point> </Placemark> <Placemark> <id>518</id> <name>Decheterie Pernay</name> <description>Za Route de Luynes 37230 Pernay</description> <horaires>Du lundi au Vendredi 13h30-18h30</horaires> <type>PARTIC</type> <barriere>Inconnu</barriere> <compteOuvert>Inconnu</compteOuvert> <carte>Inconnu</carte> <blacklist>false</blacklist> <Point> <coordinates>0.518408,47.437057,0</coordinates> </Point> </Placemark> <Placemark> <id>519</id> <name>Decheterie Rivarennes</name> <description>Route départementale 958 82330 Varen</description> <horaires>mercredi - vendredi : 9h-12h 13h-17h samedi : 14h-17h30</horaires> <type>PARTIC</type> <barriere>Inconnu</barriere> <compteOuvert>Inconnu</compteOuvert> <carte>Inconnu</carte> <blacklist>false</blacklist> <Point> <coordinates>0.362224,47.268002,0</coordinates> </Point> </Placemark> <Placemark> <id>520</id> <name>Decheterie Saint-Paterne-Racan</name> <description>37370 Saint-Paterne-Racan</description> <horaires>lundi, mercredi : 9h-11h45 13h30-16h30 vendredi, samedi : 9h-11h45 13h30-16h30</horaires> <type>PARTIC</type> <barriere>Inconnu</barriere> <compteOuvert>Inconnu</compteOuvert> <carte>Inconnu</carte> <blacklist>false</blacklist> <Point> <coordinates>0.519768,47.597656,0</coordinates> </Point> </Placemark> <Placemark> <id>521</id> <name>Decheterie Saint-Patrice</name> <description>37130 Saint-Patrice</description> <horaires>Mercredi, Samedi 9h-12h</horaires> <type>PARTIC</type> <barriere>Inconnu</barriere> <compteOuvert>Inconnu</compteOuvert> <carte>Inconnu</carte> <blacklist>false</blacklist> <Point> <coordinates>0.309575,47.285236,0</coordinates> </Point> </Placemark> <Placemark> <id>522</id> <name>Decheterie Saint-Pierre-des-Corps</name> <description>Rue des Mines 59171 ERRE</description> <horaires>Eté (01/03 au 28/02) : Lundi au samedi : 9 h-12h / 13h-19h dimanche: 9h-12h Hiver (01/11 au 28/02) : Lundi au samedi : 9 h-12h / 13h-17h dimanche: 9h-12h</horaires> <type>PARTIC</type> <barriere>Inconnu</barriere> <compteOuvert>Inconnu</compteOuvert> <carte>Inconnu</carte> <blacklist>false</blacklist> <Point> <coordinates>0.754716,47.383002,0</coordinates> </Point> </Placemark> <Placemark> <id>523</id> <name>Decheterie Savigny-en-Véron</name> <description>ZI le Sauget 37420 Savigny-en-Véron</description> <horaires>lundi : 8h30-12h 13h30-17h15 mardi au vendredi : 13h30-17h15 samedi : 8h-12h 13h30-17h15</horaires> <type>PARTIC</type> <barriere>Inconnu</barriere> <compteOuvert>Inconnu</compteOuvert> <carte>Inconnu</carte> <blacklist>false</blacklist> <Point> <coordinates>0.161936,47.210549,0</coordinates> </Point> </Placemark> <Placemark> <id>524</id> <name>Decheterie Savigné-sur-Lathan</name> <description>37340 Savigné-sur-Lathan</description> <horaires>Mercredi, Samedi 9h-12h</horaires> <type>PARTIC</type> <barriere>Inconnu</barriere> <compteOuvert>Inconnu</compteOuvert> <carte>Inconnu</carte> <blacklist>false</blacklist> <Point> <coordinates>0.307633,47.457073,0</coordinates> </Point> </Placemark> <Placemark> <id>525</id> <name>Decheterie Tauxigny</name> <description>Zi du Bois Joli 37310 Tauxigny</description> <horaires>Mercredi, Vendredi, Samedi du 1/11 au 31/03 : 8h-12h 13h-17h du 1/04 au 31/10 : 8h-12h 14h-18h</horaires> <type>PARTIC</type> <barriere>Inconnu</barriere> <compteOuvert>Inconnu</compteOuvert> <carte>Inconnu</carte> <blacklist>false</blacklist> <Point> <coordinates>0.832636,47.25837,0</coordinates> </Point> </Placemark> <Placemark> <id>526</id> <name>Decheterie Vernou-sur-Brenne</name> <description>Chemin Communal N°3 37210 Vernou-sur-Brenne</description> <horaires>Lundi, Mercredi, Vendredi, Samedi 14h-18h sauf le samedi : 9h-12h 14h-17h</horaires> <type>PARTIC</type> <barriere>Inconnu</barriere> <compteOuvert>Inconnu</compteOuvert> <carte>Inconnu</carte> <blacklist>false</blacklist> <Point> <coordinates>0.844362,47.432651,0</coordinates> </Point> </Placemark> <Placemark> <id>527</id> <name>Decheterie Buzançais</name> <description>Route de Vendoeuvres 36500 Buzançais</description> <horaires>du 30/10 au 26/03 : mardi, mercredi, jeudi, vendredi : 14h-17h, samedi : 9h-12h et 14h-17h du 26/03 au 29/10 : mardi, mercredi, jeudi, vendredi : 14h-18h, samedi : 9h-12h et 14h-19h</horaires> <type>PARTIC</type> <barriere>Inconnu</barriere> <compteOuvert>Inconnu</compteOuvert> <carte>Inconnu</carte> <blacklist>false</blacklist> <Point> <coordinates>1.409452,46.849697,0</coordinates> </Point> </Placemark> <Placemark> <id>528</id> <name>Decheterie Issoudun</name> <description>Route de Migny 36100 Issoudun</description> <horaires>Lundi, Mardi, Mercredi, Jeudi, Vendredi, Samedi 8h30-12h 14h30-17h30</horaires> <type>PARTIC</type> <barriere>Inconnu</barriere> <compteOuvert>Inconnu</compteOuvert> <carte>Inconnu</carte> <blacklist>false</blacklist> <Point> <coordinates>2.005386,46.96634,0</coordinates> </Point> </Placemark> <Placemark> <id>529</id> <name>Decheterie Issoudun</name> <description>Route de Migny 36100 Issoudun</description> <horaires>Lundi, Mardi, Mercredi, Jeudi, Vendredi, Samedi 8h30-12h 14h30-17h30</horaires> <type>PARTIC</type> <barriere>Inconnu</barriere> <compteOuvert>Inconnu</compteOuvert> <carte>Inconnu</carte> <blacklist>false</blacklist> <Point> <coordinates>2.001288,46.965025,0</coordinates> </Point> </Placemark> <Placemark> <id>530</id> <name>Decheterie Bélâbre</name> <description>les Préaux 36370 Bélâbre</description> <horaires>Du lundi au Vendredi 13h30-18h30</horaires> <type>PARTIC</type> <barriere>Inconnu</barriere> <compteOuvert>Inconnu</compteOuvert> <carte>Inconnu</carte> <blacklist>false</blacklist> <Point> <coordinates>1.175004,46.543387,0</coordinates> </Point> </Placemark> <Placemark> <id>531</id> <name>Decheterie Heugnes</name> <description>36180 Heugnes</description> <horaires>lundi:9H-12H vendredi, samedi: 9h-12h 13h30-17h</horaires> <type>PARTIC</type> <barriere>Inconnu</barriere> <compteOuvert>Inconnu</compteOuvert> <carte>Inconnu</carte> <blacklist>false</blacklist> <Point> <coordinates>1.351426,47.034106,0</coordinates> </Point> </Placemark> <Placemark> <id>532</id> <name>Decheterie Le Poinçonnet</name> <description>Allée des Sablons 36330 Le Poinçonnet</description> <horaires>Lundi, Mardi, Mercredi, Jeudi, Vendredi, Samedi : 9h-12h 14h-18h sauf le dimanche 9h-12h</horaires> <type>PARTIC</type> <barriere>Inconnu</barriere> <compteOuvert>Inconnu</compteOuvert> <carte>Inconnu</carte> <blacklist>false</blacklist> <Point> <coordinates>1.740938,46.796575,0</coordinates> </Point> </Placemark> <Placemark> <id>533</id> <name>Decheterie Montierchaume</name> <description>Zone Artisanale 36130 Montierchaume</description> <horaires>Du lundi au Vendredi 13h30-18h30</horaires> <type>PARTIC</type> <barriere>Inconnu</barriere> <compteOuvert>Inconnu</compteOuvert> <carte>Inconnu</carte> <blacklist>false</blacklist> <Point> <coordinates>1.786001,46.857262,0</coordinates> </Point> </Placemark> <Placemark> <id>534</id> <name>Decheterie Neuvy-Pailloux</name> <description>36100 Neuvy-Pailloux</description> <horaires>lundi 8h-17h30 vendredi, samedi: 8h-19h30</horaires> <type>PARTIC</type> <barriere>Inconnu</barriere> <compteOuvert>Inconnu</compteOuvert> <carte>Inconnu</carte> <blacklist>false</blacklist> <Point> <coordinates>1.867255,46.886489,0</coordinates> </Point> </Placemark> <Placemark> <id>535</id> <name>Decheterie Neuvy-Saint-Sépulchre</name> <description>ZA du Fay 36230 Neuvy-Saint-Sépulchre</description> <horaires>lundi, samedi:9h-12h 14h-17h vendredi:14h-17h</horaires> <type>PARTIC</type> <barriere>Inconnu</barriere> <compteOuvert>Inconnu</compteOuvert> <carte>Inconnu</carte> <blacklist>false</blacklist> <Point> <coordinates>1.777633,46.599661,0</coordinates> </Point> </Placemark> <Placemark> <id>536</id> <name>Decheterie Parpeçay</name> <description>Les Petites Râleries 36210 Parpeçay</description> <horaires>Lundi au samedi de 9h00 à 12h00 et de 14h00 à 17h00- FERMEE LE MERCREDI TOUTE LA JOURNEE</horaires> <type>PARTIC</type> <barriere>Inconnu</barriere> <compteOuvert>Inconnu</compteOuvert> <carte>Inconnu</carte> <blacklist>false</blacklist> <Point> <coordinates>1.660332,47.21195,0</coordinates> </Point> </Placemark> <Placemark> <id>537</id> <name>Decheterie Reuilly</name> <description>les Prés Robert 36260 Reuilly</description> <horaires>Du lundi au Vendredi 13h30-18h30</horaires> <type>PARTIC</type> <barriere>Inconnu</barriere> <compteOuvert>Inconnu</compteOuvert> <carte>Inconnu</carte> <blacklist>false</blacklist> <Point> <coordinates>2.044225,47.079037,0</coordinates> </Point> </Placemark> <Placemark> <id>538</id> <name>Decheterie Rivarennes</name> <description>Route départementale 958 82330 Varen</description> <horaires>mercredi - vendredi : 9h-12h 13h-17h samedi : 14h-17h30</horaires> <type>PARTIC</type> <barriere>Inconnu</barriere> <compteOuvert>Inconnu</compteOuvert> <carte>Inconnu</carte> <blacklist>false</blacklist> <Point> <coordinates>1.395134,46.64082,0</coordinates> </Point> </Placemark> <Placemark> <id>539</id> <name>Decheterie Saint-Michel-en-Brenne</name> <description>la Chaume à Raté 36290 Saint-Michel-en-Brenne</description> <horaires>Du lundi au Vendredi 13h30-18h30</horaires> <type>PARTIC</type> <barriere>Inconnu</barriere> <compteOuvert>Inconnu</compteOuvert> <carte>Inconnu</carte> <blacklist>false</blacklist> <Point> <coordinates>1.202625,46.814431,0</coordinates> </Point> </Placemark> <Placemark> <id>540</id> <name>Decheterie Valençay</name> <description>36600 Valençay</description> <horaires>lundi : 10h-12h 14h-17h mardi, samedi : 9h-12h jeudi, vendredi : 14h-17h</horaires> <type>PARTIC</type> <barriere>Inconnu</barriere> <compteOuvert>Inconnu</compteOuvert> <carte>Inconnu</carte> <blacklist>false</blacklist> <Point> <coordinates>1.530353,47.152867,0</coordinates> </Point> </Placemark> <Placemark> <id>541</id> <name>Decheterie Vatan</name> <description>36150 Vatan</description> <horaires>Lundi, Mardi, Mercredi, Vendredi, Samedi 8h-12h 14h-17h30</horaires> <type>PARTIC</type> <barriere>Inconnu</barriere> <compteOuvert>Inconnu</compteOuvert> <carte>Inconnu</carte> <blacklist>false</blacklist> <Point> <coordinates>1.823716,47.081354,0</coordinates> </Point> </Placemark> <Placemark> <id>542</id> <name>Decheterie Vicq-sur-Nahon</name> <description>D956 36600 Vicq-sur-Nahon</description> <horaires></horaires> <type>PARTIC</type> <barriere>Inconnu</barriere> <compteOuvert>Inconnu</compteOuvert> <carte>Inconnu</carte> <blacklist>false</blacklist> <Point> <coordinates>1.581572,47.09385,0</coordinates> </Point> </Placemark> <Placemark> <id>543</id> <name>Decheterie Ardentes</name> <description>les Alouettes 36120 Ardentes</description> <horaires>Du lundi au Vendredi 13h30-18h30</horaires> <type>PARTIC</type> <barriere>Inconnu</barriere> <compteOuvert>Inconnu</compteOuvert> <carte>Inconnu</carte> <blacklist>false</blacklist> <Point> <coordinates>1.819588,46.748349,0</coordinates> </Point> </Placemark> <Placemark> <id>544</id> <name>Decheterie Le Blanc</name> <description>Chemin du bois Bichier 36300 Le Blanc</description> <horaires>Lundi, Mardi, Mercredi, Jeudi, Vendredi, Samedi 01/11 au 31/03 : 9h-12h 14h-17h 01/04 au 31/10 : 9h-12h 14h-18h</horaires> <type>PARTIC</type> <barriere>Inconnu</barriere> <compteOuvert>Inconnu</compteOuvert> <carte>Inconnu</carte> <blacklist>false</blacklist> <Point> <coordinates>1.081014,46.623645,0</coordinates> </Point> </Placemark> <Placemark> <id>545</id> <name>Decheterie Arthon</name> <description>les Valets 36330 Arthon</description> <horaires>Du lundi au Vendredi 13h30-18h30</horaires> <type>PARTIC</type> <barriere>Inconnu</barriere> <compteOuvert>Inconnu</compteOuvert> <carte>Inconnu</carte> <blacklist>false</blacklist> <Point> <coordinates>1.722989,46.674055,0</coordinates> </Point> </Placemark> <Placemark> <id>546</id> <name>Decheterie Châtillon-sur-Indre</name> <description>36700 Châtillon-sur-Indre</description> <horaires>Lundi, mercredi:13h-17h samedi:8h-12h30 13h30-17h</horaires> <type>PARTIC</type> <barriere>Inconnu</barriere> <compteOuvert>Inconnu</compteOuvert> <carte>Inconnu</carte> <blacklist>false</blacklist> <Point> <coordinates>1.22097,46.989736,0</coordinates> </Point> </Placemark> <Placemark> <id>547</id> <name>Decheterie Montgivray</name> <description>36400 Montgivray</description> <horaires>9h-12h et 14h-18h Fermeture à 18h30 du 01/04 au 30/09</horaires> <type>PARTIC</type> <barriere>Inconnu</barriere> <compteOuvert>Inconnu</compteOuvert> <carte>Inconnu</carte> <blacklist>false</blacklist> <Point> <coordinates>1.974612,46.593066,0</coordinates> </Point> </Placemark> <Placemark> <id>548</id> <name>Decheterie Déols</name> <description>Rue de Boislarge 36130 Déols</description> <horaires>Du lundi au Vendredi 13h30-18h30</horaires> <type>PARTIC</type> <barriere>Inconnu</barriere> <compteOuvert>Inconnu</compteOuvert> <carte>Inconnu</carte> <blacklist>false</blacklist> <Point> <coordinates>1.701548,46.840298,0</coordinates> </Point> </Placemark> <Placemark> <id>549</id> <name>Decheterie Niherne</name> <description>36250 Niherne</description> <horaires>30/10 au 26/03 : lundi, samedi : 9h-12h 14h-17h mercredi, jeudi : 15h-17h 27/03 au 29/10 : lundi, samedi : 9h-12h 15h-19h mercredi, jeudi : 16h-19h</horaires> <type>PARTIC</type> <barriere>Inconnu</barriere> <compteOuvert>Inconnu</compteOuvert> <carte>Inconnu</carte> <blacklist>false</blacklist> <Point> <coordinates>1.56431,46.815799,0</coordinates> </Point> </Placemark> <Placemark> <id>550</id> <name>Decheterie Aigurande</name> <description>le Verret 36140 Aigurande</description> <horaires>Du lundi au Vendredi 13h30-18h30</horaires> <type>PARTIC</type> <barriere>Inconnu</barriere> <compteOuvert>Inconnu</compteOuvert> <carte>Inconnu</carte> <blacklist>false</blacklist> <Point> <coordinates>1.873185,46.441241,0</coordinates> </Point> </Placemark> <Placemark> <id>551</id> <name>Decheterie Levroux</name> <description>les Prés Mous 36110 Levroux</description> <horaires>Du lundi au Vendredi 13h30-18h30</horaires> <type>PARTIC</type> <barriere>Inconnu</barriere> <compteOuvert>Inconnu</compteOuvert> <carte>Inconnu</carte> <blacklist>false</blacklist> <Point> <coordinates>1.595974,46.994512,0</coordinates> </Point> </Placemark> <Placemark> <id>552</id> <name>Decheterie Baraize</name> <description>36270 Baraize</description> <horaires>lund, mercr, jeud, vend : 14H/18H sam : 10h-13h</horaires> <type>PARTIC</type> <barriere>Inconnu</barriere> <compteOuvert>Inconnu</compteOuvert> <carte>Inconnu</carte> <blacklist>false</blacklist> <Point> <coordinates>1.567474,46.461303,0</coordinates> </Point> </Placemark> <Placemark> <id>553</id> <name>Decheterie Saint-Marcel</name> <description>la Martine 36200 Saint-Marcel</description> <horaires>Du lundi au Vendredi 13h30-18h30</horaires> <type>PARTIC</type> <barriere>Inconnu</barriere> <compteOuvert>Inconnu</compteOuvert> <carte>Inconnu</carte> <blacklist>false</blacklist> <Point> <coordinates>1.540815,46.594943,0</coordinates> </Point> </Placemark> <Placemark> <id>554</id> <name>Decheterie Sainte-Sévère-sur-Indre</name> <description>le Patureau des Forges 36160 Sainte-Sévère-sur-Indre</description> <horaires>Lundi, Mercredi, Vendredi: 14h-18h | Samedi: 9h-12h/14h-18h</horaires> <type>PARTIC</type> <barriere>Inconnu</barriere> <compteOuvert>Inconnu</compteOuvert> <carte>Inconnu</carte> <blacklist>false</blacklist> <Point> <coordinates>2.082696,46.49325,0</coordinates> </Point> </Placemark> <Placemark> <id>555</id> <name>Decheterie Tournon-Saint-Martin</name> <description>Lieu Dit Fuyragues 83560 Saint-Martin</description> <horaires>Mardi, Mercredi, Jeudi, Vendredi, Samedi : du 01/11 au 28/02 : 8h-12h du 01/03 au 31/10 : 7h45-12h</horaires> <type>PARTIC</type> <barriere>Inconnu</barriere> <compteOuvert>Inconnu</compteOuvert> <carte>Inconnu</carte> <blacklist>false</blacklist> <Point> <coordinates>0.973118,46.735962,0</coordinates> </Point> </Placemark> <Placemark> <id>556</id> <name>Decheterie Vouillon</name> <description>Route de Lignières 36100 Vouillon</description> <horaires>Lundi, Vendredi, Samedi 8h-17h30</horaires> <type>PARTIC</type> <barriere>Inconnu</barriere> <compteOuvert>Inconnu</compteOuvert> <carte>Inconnu</carte> <blacklist>false</blacklist> <Point> <coordinates>1.929893,46.820279,0</coordinates> </Point> </Placemark> <Placemark> <id>557</id> <name>Decheterie Bazouges-la-Pérouse</name> <description>Za les Vallées 35560 Bazouges-la-Pérouse</description> <horaires>du 01/11 au 28/02 : lundi, mercredi : 9h12h vendredi : 10h-12h samedi : 9h-12h/13h30-17h30 du 01/03 au 31/10 : lundi, mercredi : 9h-12h vendredi : 10h-12h samedi : 9h-12h/14h-18h</horaires> <type>PARTIC</type> <barriere>Inconnu</barriere> <compteOuvert>Inconnu</compteOuvert> <carte>Inconnu</carte> <blacklist>false</blacklist> <Point> <coordinates>-1.56357,48.426554,0</coordinates> </Point> </Placemark> <Placemark> <id>558</id> <name>Decheterie Bruz</name> <description>les Garennes 35175 Bruz</description> <horaires>9h-12h 14h-18h</horaires> <type>PARTIC</type> <barriere>Inconnu</barriere> <compteOuvert>Inconnu</compteOuvert> <carte>Inconnu</carte> <blacklist>false</blacklist> <Point> <coordinates>-1.751454,48.003967,0</coordinates> </Point> </Placemark> <Placemark> <id>559</id> <name>Decheterie Chartres-de-Bretagne</name> <description>Avenue du Trégor 35177 Chartres-de-Bretagne</description> <horaires>lundi, vendredi:14h-18h mercredi, samedi: 9h-12h 14h-18h</horaires> <type>PARTIC</type> <barriere>Inconnu</barriere> <compteOuvert>Inconnu</compteOuvert> <carte>Inconnu</carte> <blacklist>false</blacklist> <Point> <coordinates>-1.703935,48.03446,0</coordinates> </Point> </Placemark> <Placemark> <id>560</id> <name>Decheterie Combourg</name> <description>le Maroc 35270 Combourg</description> <horaires>Hiver (01/11 au 31/04):L+M+M :13h30-17h15 , jeudi : 9h-11h45/13h30-17h30, vendredi : 9h-11h45, samedi : 9h-12h15/13h30-17h15 Eté: :L+M+M : 13h30-18h15, jeudi : 9h-11h45/13h30-18h30, vendredi :9h-11h45, samedi : 9h-12h15</horaires> <type>PARTIC</type> <barriere>Inconnu</barriere> <compteOuvert>Inconnu</compteOuvert> <carte>Inconnu</carte> <blacklist>false</blacklist> <Point> <coordinates>-1.763631,48.413606,0</coordinates> </Point> </Placemark> <Placemark> <id>561</id> <name>Decheterie Dinard</name> <description>Mon Repos 35800 Dinard</description> <horaires>9H-11H45 13H30-17H15</horaires> <type>PARTIC</type> <barriere>Inconnu</barriere> <compteOuvert>Inconnu</compteOuvert> <carte>Inconnu</carte> <blacklist>false</blacklist> <Point> <coordinates>-2.077678,48.607506,0</coordinates> </Point> </Placemark> <Placemark> <id>562</id> <name>Decheterie Grand-Fougeray</name> <description>Route de la Dominelais 35390 Grand-Fougeray</description> <horaires>du 01/11 au 31/03 : lundi, mercredi, vendredi : 14h-17h samedi : 9h-12h du 01/04 au 31/10 : lundi, mercredi , vendredi : 14h-18h samedi : 9h-12h</horaires> <type>PARTIC</type> <barriere>Inconnu</barriere> <compteOuvert>Inconnu</compteOuvert> <carte>Inconnu</carte> <blacklist>false</blacklist> <Point> <coordinates>-1.710316,47.747318,0</coordinates> </Point> </Placemark> <Placemark> <id>563</id> <name>Decheterie La Guerche-de-Bretagne</name> <description>Rue de la Garenne 35130 La Guerche-de-Bretagne</description> <horaires>lundi,mercredi : 14h-18h vendredi : 9h-12h/14h-18h samedi : 9h30-12h30/14h-18h</horaires> <type>PARTIC</type> <barriere>Inconnu</barriere> <compteOuvert>Inconnu</compteOuvert> <carte>Inconnu</carte> <blacklist>false</blacklist> <Point> <coordinates>-1.226099,47.933818,0</coordinates> </Point> </Placemark> <Placemark> <id>564</id> <name>Decheterie Martigné-Ferchaud</name> <description>Route du Breil 35640 Martigné-Ferchaud</description> <horaires>lundi : 14h-18h jeudi : 13h30-17h30, l'été samedi : 8h30-12h30</horaires> <type>PARTIC</type> <barriere>Inconnu</barriere> <compteOuvert>Inconnu</compteOuvert> <carte>Inconnu</carte> <blacklist>false</blacklist> <Point> <coordinates>-1.328638,47.826227,0</coordinates> </Point> </Placemark> <Placemark> <id>565</id> <name>Decheterie Melesse</name> <description>les Guimondières 35520 Melesse</description> <horaires>hiver (01/11 au 31/03): lundi: 9h-12h,mardi, mercredi: 13h30-17h, vendredi, samedi: 9h-12h/ 13h30/17h Eté: lundi: 9h-12h, mardi, mercredi: 13h30-18h30, vendredi et samedi: 9h-12h/13h30-18h30</horaires> <type>PARTIC</type> <barriere>Inconnu</barriere> <compteOuvert>Inconnu</compteOuvert> <carte>Inconnu</carte> <blacklist>false</blacklist> <Point> <coordinates>-1.691135,48.209057,0</coordinates> </Point> </Placemark> <Placemark> <id>566</id> <name>Decheterie Renac</name> <description>Route de la Chapelle 35660 Renac</description> <horaires>Mercredi : 14 h - 17 h Samedi : 9 h 30 - 12 h</horaires> <type>PARTIC</type> <barriere>Inconnu</barriere> <compteOuvert>Inconnu</compteOuvert> <carte>Inconnu</carte> <blacklist>false</blacklist> <Point> <coordinates>-1.932203,47.715665,0</coordinates> </Point> </Placemark> <Placemark> <id>567</id> <name>Decheterie Saint-Aubin-d'Aubigné</name> <description>Bois de Chinseve 35250 Saint-Aubin-d'Aubigné</description> <horaires>Hiver (01/11 au 31/03): 9h-12h 13h30-17h sauf le lundi et vendredi: 13h30-17h Eté: 9h-12h 13h30-18h30 sauf le lundi et vendredi: 13h30-18h30</horaires> <type>PARTIC</type> <barriere>Inconnu</barriere> <compteOuvert>Inconnu</compteOuvert> <carte>Inconnu</carte> <blacklist>false</blacklist> <Point> <coordinates>-1.573827,48.277451,0</coordinates> </Point> </Placemark> <Placemark> <id>568</id> <name>Decheterie Saint-Aubin-du-Cormier</name> <description>39410 SAINT-AUBIN-du-Cormier</description> <horaires>hiver (31/10 au 02/04) mercredi 9h30-12h samedi 9h30-12h 13h30-17h été (04/04 au 29/10) mercredi 9h-12h samedi 9h-12h 13h30-18h</horaires> <type>PARTIC</type> <barriere>Inconnu</barriere> <compteOuvert>Inconnu</compteOuvert> <carte>Inconnu</carte> <blacklist>false</blacklist> <Point> <coordinates>-1.407575,48.263745,0</coordinates> </Point> </Placemark> <Placemark> <id>569</id> <name>Decheterie Saint-Gilles</name> <description>Chemin de la Fontaine Giviene 30800 SAINT-GILLES</description> <horaires>lundi : 14h30-18h mardi au samedi : 9h-12h 14h30-18h dimanche : 9h-12h</horaires> <type>PARTIC</type> <barriere>Inconnu</barriere> <compteOuvert>Inconnu</compteOuvert> <carte>Inconnu</carte> <blacklist>false</blacklist> <Point> <coordinates>-1.81703,48.156061,0</coordinates> </Point> </Placemark> <Placemark> <id>570</id> <name>Decheterie Saint-Méloir-des-Ondes</name> <description>Blessin 35350 Saint-Méloir-des-Ondes</description> <horaires>9H30-12H 14H-18H</horaires> <type>PARTIC</type> <barriere>Inconnu</barriere> <compteOuvert>Inconnu</compteOuvert> <carte>Inconnu</carte> <blacklist>false</blacklist> <Point> <coordinates>-1.875377,48.626516,0</coordinates> </Point> </Placemark> <Placemark> <id>571</id> <name>Decheterie Tinténiac</name> <description>Route de Bazoage sur Hédé 35190 Tinténiac</description> <horaires>Hiver (01/11 au 31/04): lundi au vendredi: 13h30-17h15 dimanche: 9h-11h45 13h30-17h15 Eté (01/05 au 31/10): lundi au vendredi: 13h30-18h15 dimanche : 9h-11h45 13h30-18h15</horaires> <type>PARTIC</type> <barriere>Inconnu</barriere> <compteOuvert>Inconnu</compteOuvert> <carte>Inconnu</carte> <blacklist>false</blacklist> <Point> <coordinates>-1.80268,48.330162,0</coordinates> </Point> </Placemark> <Placemark> <id>572</id> <name>Decheterie Vezin-le-Coquet</name> <description>Rue du Domaine, Zone du Lozeret 35746 Vezin-le-Coquet</description> <horaires>9h 12h 14h-18h sauf le lundi: 14h-18h</horaires> <type>PARTIC</type> <barriere>Inconnu</barriere> <compteOuvert>Inconnu</compteOuvert> <carte>Inconnu</carte> <blacklist>false</blacklist> <Point> <coordinates>-1.752741,48.111249,0</coordinates> </Point> </Placemark> <Placemark> <id>573</id> <name>Decheterie Vitré</name> <description>Allée de Perrines 35502 Vitré</description> <horaires>lundi : 10h-12h/14h-18h mercredi, jeudi, vendredi : 9h-12h/14h-18h samedi : 9h30-12h30/14h-18h</horaires> <type>PARTIC</type> <barriere>Inconnu</barriere> <compteOuvert>Inconnu</compteOuvert> <carte>Inconnu</carte> <blacklist>false</blacklist> <Point> <coordinates>-1.184577,48.115278,0</coordinates> </Point> </Placemark> <Placemark> <id>574</id> <name>Decheterie Janzé</name> <description>Za de la Chauvelière 35150 Janzé</description> <horaires>lundi :10h-12h/14h-18h mercredi, vendredi: 14h-18h samedi : 9h30-13h30/14h-18h</horaires> <type>PARTIC</type> <barriere>Inconnu</barriere> <compteOuvert>Inconnu</compteOuvert> <carte>Inconnu</carte> <blacklist>false</blacklist> <Point> <coordinates>-1.491669,47.952622,0</coordinates> </Point> </Placemark> <Placemark> <id>575</id> <name>Decheterie Louvigné-de-Bais</name> <description>Route d'Argentré 53210 Louvigné</description> <horaires>Lundi, vendredi : 9h30 à 12h, Mercredi, jeudi : 14h à 18h, Samedi : 9h à 12h et 14h à 18h</horaires> <type>PARTIC</type> <barriere>Inconnu</barriere> <compteOuvert>Inconnu</compteOuvert> <carte>Inconnu</carte> <blacklist>false</blacklist> <Point> <coordinates>-1.316754,48.029637,0</coordinates> </Point> </Placemark> <Placemark> <id>576</id> <name>Decheterie Louvigné-du-Désert</name> <description>Route d'Argentré 53210 Louvigné</description> <horaires>Lundi, vendredi : 9h30 à 12h, Mercredi, jeudi : 14h à 18h, Samedi : 9h à 12h et 14h à 18h</horaires> <type>PARTIC</type> <barriere>Inconnu</barriere> <compteOuvert>Inconnu</compteOuvert> <carte>Inconnu</carte> <blacklist>false</blacklist> <Point> <coordinates>-1.130219,48.485462,0</coordinates> </Point> </Placemark> <Placemark> <id>577</id> <name>Decheterie Chantepie</name> <description>Rue René Cassin 35135 Chantepie</description> <horaires>Du lundi au Vendredi 13h30-18h30</horaires> <type>PARTIC</type> <barriere>Inconnu</barriere> <compteOuvert>Inconnu</compteOuvert> <carte>Inconnu</carte> <blacklist>false</blacklist> <Point> <coordinates>-1.624915,48.091988,0</coordinates> </Point> </Placemark> <Placemark> <id>578</id> <name>Decheterie Argentré-du-Plessis</name> <description>Route du Pertre, la Houssais 35370 Argentré-du-Plessis</description> <horaires>lundi, mercredi, vendredi: 14h-18h samedi: 9h30-12h30/14h-19h</horaires> <type>PARTIC</type> <barriere>Inconnu</barriere> <compteOuvert>Inconnu</compteOuvert> <carte>Inconnu</carte> <blacklist>false</blacklist> <Point> <coordinates>-1.129996,48.056168,0</coordinates> </Point> </Placemark> <Placemark> <id>579</id> <name>Decheterie Guichen</name> <description>la Pigeonnais 35580 Guichen</description> <horaires>hiver : lundi, mardi : 14h-17h vendredi, samedi : 9h-12h/14h-17h été : lundi, mardi : 14h-18h vendredi, samedi : 9h-12h/14h-18h</horaires> <type>PARTIC</type> <barriere>Inconnu</barriere> <compteOuvert>Inconnu</compteOuvert> <carte>Inconnu</carte> <blacklist>false</blacklist> <Point> <coordinates>-1.822394,47.974783,0</coordinates> </Point> </Placemark> <Placemark> <id>580</id> <name>Decheterie Cesson-Sévigné</name> <description>Pince Poche, Route de Chantepie 35515 Cesson-Sévigné</description> <horaires>9h-12h 14h-18h</horaires> <type>PARTIC</type> <barriere>Inconnu</barriere> <compteOuvert>Inconnu</compteOuvert> <carte>Inconnu</carte> <blacklist>false</blacklist> <Point> <coordinates>-1.602575,48.106484,0</coordinates> </Point> </Placemark> <Placemark> <id>581</id> <name>Decheterie Châteaubourg</name> <description>Z.I. de la Goulgatière, Rue Lavoisier 35221 Châteaubourg</description> <horaires>lundi, mercredi, vendredi : 10h-12h/14h-18h jeudi : 14h-18h samedi : 9h30-12h30/14h-18h</horaires> <type>PARTIC</type> <barriere>Inconnu</barriere> <compteOuvert>Inconnu</compteOuvert> <carte>Inconnu</carte> <blacklist>false</blacklist> <Point> <coordinates>-1.409881,48.099238,0</coordinates> </Point> </Placemark> <Placemark> <id>582</id> <name>Decheterie Fougères</name> <description>Za de l'Aumaillerie, Allée Eugène Freyssinet 35300 Fougères</description> <horaires>9h-12h 14h-18h sauf le vendredi et samedi: 8h30-12h 14h-18h</horaires> <type>PARTIC</type> <barriere>Inconnu</barriere> <compteOuvert>Inconnu</compteOuvert> <carte>Inconnu</carte> <blacklist>false</blacklist> <Point> <coordinates>-1.178424,48.332814,0</coordinates> </Point> </Placemark> <Placemark> <id>583</id> <name>Decheterie Liffré</name> <description>Zi Beaugé 35349 Liffré</description> <horaires>hiver (01/11 au 31/03): 9h-12h 13h30-17h sauf le lundi: 13h30-17h Eté: 9h-12h 13h30-18h30 sauf le lundi: 13h30-18h30</horaires> <type>PARTIC</type> <barriere>Inconnu</barriere> <compteOuvert>Inconnu</compteOuvert> <carte>Inconnu</carte> <blacklist>false</blacklist> <Point> <coordinates>-1.501245,48.22873,0</coordinates> </Point> </Placemark> <Placemark> <id>584</id> <name>Decheterie La Bouëxière</name> <description>Route de Saint-Martin 35340 La Bouëxière</description> <horaires>lundi, vendredi: 13h30-17h (18h30 durant la période estivale) mercredi: 9h-12h samedi: 9h-12h 13h30-17h00 (18h durant la période estivale)</horaires> <type>PARTIC</type> <barriere>Inconnu</barriere> <compteOuvert>Inconnu</compteOuvert> <carte>Inconnu</carte> <blacklist>false</blacklist> <Point> <coordinates>-1.435937,48.187985,0</coordinates> </Point> </Placemark> <Placemark> <id>585</id> <name>Decheterie Châtillon-en-Vendelais</name> <description>Zone de la Chapellerie 35210 Châtillon-en-Vendelais</description> <horaires>lundi :14h-18h mercredi: 9h-12h vendredi : 14h-18h samedi: 9h30-12h30/14h-18h</horaires> <type>PARTIC</type> <barriere>Inconnu</barriere> <compteOuvert>Inconnu</compteOuvert> <carte>Inconnu</carte> <blacklist>false</blacklist> <Point> <coordinates>-1.182924,48.208598,0</coordinates> </Point> </Placemark> <Placemark> <id>586</id> <name>Decheterie Cancale</name> <description>Zi des Quatrevais 35260 Cancale</description> <horaires>9H30-12H 14H-18H</horaires> <type>PARTIC</type> <barriere>Inconnu</barriere> <compteOuvert>Inconnu</compteOuvert> <carte>Inconnu</carte> <blacklist>false</blacklist> <Point> <coordinates>-1.866874,48.680516,0</coordinates> </Point> </Placemark> <Placemark> <id>587</id> <name>Decheterie Maure-de-Bretagne</name> <description>les Rochelles 35330 Maure-de-Bretagne</description> <horaires>du 01/04 au 31/10 : lundi, mercredi: 14h-18h samedi: 8h-12h 14h-18h du 01/11 au 31/03 : lundi, mercredi : 14h-17h samedi : 8h-12h/14h-17h</horaires> <type>PARTIC</type> <barriere>Inconnu</barriere> <compteOuvert>Inconnu</compteOuvert> <carte>Inconnu</carte> <blacklist>false</blacklist> <Point> <coordinates>-1.986559,47.908843,0</coordinates> </Point> </Placemark> <Placemark> <id>588</id> <name>Decheterie La Chapelle-des-Fougeretz</name> <description>la Chapelle des Fougeretz 35520 La Chapelle-des-Fougeretz</description> <horaires></horaires> <type>PARTIC</type> <barriere>Inconnu</barriere> <compteOuvert>Inconnu</compteOuvert> <carte>Inconnu</carte> <blacklist>false</blacklist> <Point> <coordinates>-1.735408,48.168336,0</coordinates> </Point> </Placemark> <Placemark> <id>589</id> <name>Decheterie Breteil</name> <description>Za de la Nouette 35160 Breteil</description> <horaires>Du lundi au Vendredi 13h30-18h30</horaires> <type>PARTIC</type> <barriere>Inconnu</barriere> <compteOuvert>Inconnu</compteOuvert> <carte>Inconnu</carte> <blacklist>false</blacklist> <Point> <coordinates>-1.934145,48.135646,0</coordinates> </Point> </Placemark> <Placemark> <id>590</id> <name>Decheterie Parigné</name> <description>Rue de la Faverie 35133 Parigné</description> <horaires>lundi, mercredi :16h30-17h30 samedi: 10h-12h</horaires> <type>PARTIC</type> <barriere>Inconnu</barriere> <compteOuvert>Inconnu</compteOuvert> <carte>Inconnu</carte> <blacklist>false</blacklist> <Point> <coordinates>-1.188474,48.42721,0</coordinates> </Point> </Placemark> <Placemark> <id>591</id> <name>Decheterie Pipriac</name> <description>Rue des Vallées du Couchant 35550 Pipriac</description> <horaires>Du lundi au Vendredi 13h30-18h30</horaires> <type>PARTIC</type> <barriere>Inconnu</barriere> <compteOuvert>Inconnu</compteOuvert> <carte>Inconnu</carte> <blacklist>false</blacklist> <Point> <coordinates>-1.926751,47.807524,0</coordinates> </Point> </Placemark> <Placemark> <id>592</id> <name>Decheterie Pleine-Fougères</name> <description>Za de Budan 35610 Pleine-Fougères</description> <horaires>Lundi : 14h18h Mercredi, samedi : 9h-12h30 et 13h30-18h</horaires> <type>PARTIC</type> <barriere>Inconnu</barriere> <compteOuvert>Inconnu</compteOuvert> <carte>Inconnu</carte> <blacklist>false</blacklist> <Point> <coordinates>-1.553887,48.534515,0</coordinates> </Point> </Placemark> <Placemark> <id>593</id> <name>Decheterie Plélan-le-Grand</name> <description>le Pont de Trégu 35380 Plélan-le-Grand</description> <horaires>lundi, mercredi : 8h30-18h samedi: 8h30-17h30</horaires> <type>PARTIC</type> <barriere>Inconnu</barriere> <compteOuvert>Inconnu</compteOuvert> <carte>Inconnu</carte> <blacklist>false</blacklist> <Point> <coordinates>-2.086262,48.007957,0</coordinates> </Point> </Placemark> <Placemark> <id>594</id> <name>Decheterie Rennes</name> <description>Avenue Charles Tillou, Villejean 35067 Rennes</description> <horaires>9h-12h 14h-18h</horaires> <type>PARTIC</type> <barriere>Inconnu</barriere> <compteOuvert>Inconnu</compteOuvert> <carte>Inconnu</carte> <blacklist>false</blacklist> <Point> <coordinates>-1.670595,48.079771,0</coordinates> </Point> </Placemark> <Placemark> <id>595</id> <name>Decheterie Rennes</name> <description>Avenue Charles Tillou, Villejean 35067 Rennes</description> <horaires>9h-12h 14h-18h</horaires> <type>PARTIC</type> <barriere>Inconnu</barriere> <compteOuvert>Inconnu</compteOuvert> <carte>Inconnu</carte> <blacklist>false</blacklist> <Point> <coordinates>-1.639,48.107751,0</coordinates> </Point> </Placemark> <Placemark> <id>596</id> <name>Decheterie Rennes</name> <description>Avenue Charles Tillou, Villejean 35067 Rennes</description> <horaires>9h-12h 14h-18h</horaires> <type>PARTIC</type> <barriere>Inconnu</barriere> <compteOuvert>Inconnu</compteOuvert> <carte>Inconnu</carte> <blacklist>false</blacklist> <Point> <coordinates>-1.706829,48.125754,0</coordinates> </Point> </Placemark> <Placemark> <id>597</id> <name>Decheterie Retiers</name> <description>la Gérardais 35240 Retiers</description> <horaires>lundi : 9h-12h mercredi : 9h-12h/14h-18h vendredi, samedi : 14h-18h</horaires> <type>PARTIC</type> <barriere>Inconnu</barriere> <compteOuvert>Inconnu</compteOuvert> <carte>Inconnu</carte> <blacklist>false</blacklist> <Point> <coordinates>-1.36577,47.914796,0</coordinates> </Point> </Placemark> <Placemark> <id>598</id> <name>Decheterie Romillé</name> <description>35850 Romillé</description> <horaires>Hiver : lundi, mardi, jeudi: 13h30-17h15 mercredi: 9h-11h45 samedi: 9h-12h15/13h30-17h15 Eté : lundi, mardi, jeudi: 13h30-18h15 mercredi: 9h-11h45 samedi: 9h-12h15/13h30-18h15</horaires> <type>PARTIC</type> <barriere>Inconnu</barriere> <compteOuvert>Inconnu</compteOuvert> <carte>Inconnu</carte> <blacklist>false</blacklist> <Point> <coordinates>-1.885009,48.219634,0</coordinates> </Point> </Placemark> <Placemark> <id>599</id> <name>Decheterie Saint-Armel</name> <description>Chambière 35230 Saint-Armel</description> <horaires></horaires> <type>PARTIC</type> <barriere>Inconnu</barriere> <compteOuvert>Inconnu</compteOuvert> <carte>Inconnu</carte> <blacklist>false</blacklist> <Point> <coordinates>-1.599868,48.025414,0</coordinates> </Point> </Placemark> <Placemark> <id>600</id> <name>Decheterie Saint-Georges-de-Reintembault</name> <description>Route de Saint-Martin de Landelles 35420 Saint-Georges-de-Reintembault</description> <horaires>mercredi: 15h30-17h30 samedi: 10h-12h</horaires> <type>PARTIC</type> <barriere>Inconnu</barriere> <compteOuvert>Inconnu</compteOuvert> <carte>Inconnu</carte> <blacklist>false</blacklist> <Point> <coordinates>-1.239887,48.509292,0</coordinates> </Point> </Placemark> <Placemark> <id>601</id> <name>Decheterie Saint-Jacques-de-la-Lande</name> <description>Saint Jacques de la Lande 35136 Saint-Jacques-de-la-Lande</description> <horaires></horaires> <type>PARTIC</type> <barriere>Inconnu</barriere> <compteOuvert>Inconnu</compteOuvert> <carte>Inconnu</carte> <blacklist>false</blacklist> <Point> <coordinates>-1.722474,48.060222,0</coordinates> </Point> </Placemark> <Placemark> <id>602</id> <name>Decheterie Thorigné-Fouillard</name> <description>Za Bellevue 35235 Thorigné-Fouillard</description> <horaires></horaires> <type>PARTIC</type> <barriere>Inconnu</barriere> <compteOuvert>Inconnu</compteOuvert> <carte>Inconnu</carte> <blacklist>false</blacklist> <Point> <coordinates>-1.590648,48.152982,0</coordinates> </Point> </Placemark> <Placemark> <id>603</id> <name>Decheterie Val-d'Izé</name> <description>le Champ Ménard 35450 Val-d'Izé</description> <horaires>mercredi: 14h-18h vendredi: 14h-18h samedi: 09h30-12h30 14h-18h</horaires> <type>PARTIC</type> <barriere>Inconnu</barriere> <compteOuvert>Inconnu</compteOuvert> <carte>Inconnu</carte> <blacklist>false</blacklist> <Point> <coordinates>-1.27718,48.192881,0</coordinates> </Point> </Placemark> <Placemark> <id>604</id> <name>Decheterie Gaël</name> <description>le Point Clos 35290 Gaël</description> <horaires>lundi, mercredi : 8h30-18h samedi:8h30-17h30</horaires> <type>PARTIC</type> <barriere>Inconnu</barriere> <compteOuvert>Inconnu</compteOuvert> <carte>Inconnu</carte> <blacklist>false</blacklist> <Point> <coordinates>-2.198885,48.089584,0</coordinates> </Point> </Placemark> <Placemark> <id>605</id> <name>Decheterie Miniac-Morvan</name> <description>Pré du Gavre 35540 Miniac-Morvan</description> <horaires>9H30-12H 14H-18H</horaires> <type>PARTIC</type> <barriere>Inconnu</barriere> <compteOuvert>Inconnu</compteOuvert> <carte>Inconnu</carte> <blacklist>false</blacklist> <Point> <coordinates>-1.903559,48.497393,0</coordinates> </Point> </Placemark> <Placemark> <id>606</id> <name>Decheterie Betton</name> <description>la Noë Huet 35831 Betton</description> <horaires>lundi-vendredi: 14h-18h mercredi-samedi: 9h-12h 14h-18h</horaires> <type>PARTIC</type> <barriere>Inconnu</barriere> <compteOuvert>Inconnu</compteOuvert> <carte>Inconnu</carte> <blacklist>false</blacklist> <Point> <coordinates>-1.671455,48.174266,0</coordinates> </Point> </Placemark> <Placemark> <id>607</id> <name>Decheterie Le Verger</name> <description>la Bevinais 35160 Le Verger</description> <horaires>lundi, mercredi, vendredi : 8h30-18h samedi: 8h30-17h</horaires> <type>PARTIC</type> <barriere>Inconnu</barriere> <compteOuvert>Inconnu</compteOuvert> <carte>Inconnu</carte> <blacklist>false</blacklist> <Point> <coordinates>-1.939571,48.05775,0</coordinates> </Point> </Placemark> <Placemark> <id>608</id> <name>Decheterie Montauban-de-Bretagne</name> <description>Ecosud - 90, Avenue de Grèce Albasud 2 82000 Montauban</description> <horaires>Lundi, Mardi, Mercredi, Jeudi, Vendredi, Samedi Tous les jours de 8h30-18h30</horaires> <type>PARTIC</type> <barriere>Inconnu</barriere> <compteOuvert>Inconnu</compteOuvert> <carte>Inconnu</carte> <blacklist>false</blacklist> <Point> <coordinates>-2.034426,48.19757,0</coordinates> </Point> </Placemark> <Placemark> <id>609</id> <name>Decheterie Saint-Père</name> <description>Za la Halte du Fort 35430 Saint-Père</description> <horaires>9H30-12H 14H-18H</horaires> <type>PARTIC</type> <barriere>Inconnu</barriere> <compteOuvert>Inconnu</compteOuvert> <carte>Inconnu</carte> <blacklist>false</blacklist> <Point> <coordinates>-1.916606,48.570749,0</coordinates> </Point> </Placemark> <Placemark> <id>610</id> <name>Decheterie Sixt-sur-Aff</name> <description>Route de Bruc sur Aff 35550 Sixt-sur-Aff</description> <horaires>samedi : 9h-12h | lundi : 14h-18h l'été | lundi : 14h-17h l'hiver</horaires> <type>PARTIC</type> <barriere>Inconnu</barriere> <compteOuvert>Inconnu</compteOuvert> <carte>Inconnu</carte> <blacklist>false</blacklist> <Point> <coordinates>-2.066228,47.787553,0</coordinates> </Point> </Placemark> <Placemark> <id>611</id> <name>Decheterie Mordelles</name> <description>Rue de la Croix Ignon 35310 Mordelles</description> <horaires>lundi, vendredi:14h-18h mercredi, samedi: 9h-12h 14h-18h</horaires> <type>PARTIC</type> <barriere>Inconnu</barriere> <compteOuvert>Inconnu</compteOuvert> <carte>Inconnu</carte> <blacklist>false</blacklist> <Point> <coordinates>-1.828379,48.083279,0</coordinates> </Point> </Placemark> <Placemark> <id>612</id> <name>Decheterie Saint-Malo</name> <description>Zi Sud 35408 Saint-Malo</description> <horaires>9H12H 14H-19H sauf le dimanche: 9h-12h</horaires> <type>PARTIC</type> <barriere>Inconnu</barriere> <compteOuvert>Inconnu</compteOuvert> <carte>Inconnu</carte> <blacklist>false</blacklist> <Point> <coordinates>-1.962779,48.625708,0</coordinates> </Point> </Placemark> <Placemark> <id>613</id> <name>Decheterie Guipry</name> <description>Guipry 35480 Guipry</description> <horaires>du 01/11 au 31/03 : mercredi: 9h-12h vendredi, samedi:: 14h-17h du 01/04 au 031/10 : mercredi : 9h-12h vendredi , samedi : 14h-18h</horaires> <type>PARTIC</type> <barriere>Inconnu</barriere> <compteOuvert>Inconnu</compteOuvert> <carte>Inconnu</carte> <blacklist>false</blacklist> <Point> <coordinates>-1.838362,47.833415,0</coordinates> </Point> </Placemark> <Placemark> <id>614</id> <name>Decheterie Montreuil-sur-Ille</name> <description>la Marchandière 35440 Montreuil-sur-Ille</description> <horaires>été : lundi, mercredi, jeudi,: 13h30-18h15 samedi: 9h-12h15 /13h30-18h15 hiver : lundi,mercredi, jeudi : 13h30-17h15 samedi : 9h-12h15/13h30-17h15</horaires> <type>PARTIC</type> <barriere>Inconnu</barriere> <compteOuvert>Inconnu</compteOuvert> <carte>Inconnu</carte> <blacklist>false</blacklist> <Point> <coordinates>-1.662207,48.307864,0</coordinates> </Point> </Placemark> <Placemark> <id>615</id> <name>Decheterie Landéan</name> <description>la Touche 35133 Landéan</description> <horaires>été : 18h-19h le lundi, 14h-16h le samedi hiver : 15h30-16h30 le lundi, 14h-16h le samedi</horaires> <type>PARTIC</type> <barriere>Inconnu</barriere> <compteOuvert>Inconnu</compteOuvert> <carte>Inconnu</carte> <blacklist>false</blacklist> <Point> <coordinates>-1.156837,48.416453,0</coordinates> </Point> </Placemark> <Placemark> <id>616</id> <name>Decheterie Bain-de-Bretagne</name> <description>Za Chateau Gaillard 35470 Bain-de-Bretagne</description> <horaires>Hiver (01/11 au 31/03): lundi, samedi: 9h-12h30 14h-17h mercredi, vendredi: 14h-17h Eté: lundi, samedi: 9h-12h30 14h-18h mercredi, vendredi: 14h-18h</horaires> <type>PARTIC</type> <barriere>Inconnu</barriere> <compteOuvert>Inconnu</compteOuvert> <carte>Inconnu</carte> <blacklist>false</blacklist> <Point> <coordinates>-1.681973,47.85531,0</coordinates> </Point> </Placemark> <Placemark> <id>617</id> <name>Decheterie Baguer-Pican</name> <description>Baguer-Pican 35120 Baguer-Pican</description> <horaires>Du lundi au Vendredi 13h30-18h30</horaires> <type>PARTIC</type> <barriere>Inconnu</barriere> <compteOuvert>Inconnu</compteOuvert> <carte>Inconnu</carte> <blacklist>false</blacklist> <Point> <coordinates>-1.719725,48.5534,0</coordinates> </Point> </Placemark> <Placemark> <id>618</id> <name>Decheterie Sens-de-Bretagne</name> <description>Rue des Longues Raies, ZI des Vauguillettes 89100 Sens</description> <horaires>Horaires d'été (du 01/04 au 15/10) : mardi, mercredi, jeudi, vendredi et samedi 10h-12h / 15h-19h, dimanche 9h-12h. Horaires d'hiver (du 16/10 au 31/03) : mardi, mercredi, jeudi, vendredi et samedi 10h-12h / 15h-17h, dimanche 9h-12h.</horaires> <type>PARTIC</type> <barriere>Inconnu</barriere> <compteOuvert>Inconnu</compteOuvert> <carte>Inconnu</carte> <blacklist>false</blacklist> <Point> <coordinates>-1.548967,48.347102,0</coordinates> </Point> </Placemark> <Placemark> <id>619</id> <name>Decheterie Saint-Brice-en-Coglès</name> <description>Za la Gare 35460 - Saint-Brice-en-Coglès 35460 Saint-Brice-en-Coglès</description> <horaires>9h-12h 13h30-17h30 Horaire estival (01/03 au 31/10): 9h-12h 14h-18h</horaires> <type>PARTIC</type> <barriere>Inconnu</barriere> <compteOuvert>Inconnu</compteOuvert> <carte>Inconnu</carte> <blacklist>false</blacklist> <Point> <coordinates>-1.367743,48.405926,0</coordinates> </Point> </Placemark> <Placemark> <id>620</id> <name>Decheterie Châteaugiron</name> <description>Route de Servon sur Vilaine 35410 Châteaugiron</description> <horaires>lundi : 10h-12h/14h-18h mercredi, vendredi : 9h-12h/14h-18h jeudi :14h-18h samedi : 9h30-12h30</horaires> <type>PARTIC</type> <barriere>Inconnu</barriere> <compteOuvert>Inconnu</compteOuvert> <carte>Inconnu</carte> <blacklist>false</blacklist> <Point> <coordinates>-1.499614,48.057802,0</coordinates> </Point> </Placemark> <Placemark> <id>621</id> <name>Decheterie Noyal-sur-Vilaine</name> <description>Noyal sur Vilaine 35538 Noyal-sur-Vilaine</description> <horaires></horaires> <type>PARTIC</type> <barriere>Inconnu</barriere> <compteOuvert>Inconnu</compteOuvert> <carte>Inconnu</carte> <blacklist>false</blacklist> <Point> <coordinates>-1.51667,48.1167,0</coordinates> </Point> </Placemark> <Placemark> <id>622</id> <name>Decheterie Pacé</name> <description>la Petite Fosse 35743 Pacé</description> <horaires>lundi, vendredi:14h-18h mercredi, samedi: 9h-12h 14h-18h</horaires> <type>PARTIC</type> <barriere>Inconnu</barriere> <compteOuvert>Inconnu</compteOuvert> <carte>Inconnu</carte> <blacklist>false</blacklist> <Point> <coordinates>-1.795606,48.148389,0</coordinates> </Point> </Placemark> <Placemark> <id>623</id> <name>Decheterie Sainte-Marie</name> <description>Za la Lande du Guenet 35600 Sainte-Marie</description> <horaires>Lundi : 14 h - 17 h 30 Mardi : 14 h - 17 h 30 Mercredi : 14 h - 17 h 30 Jeudi : 14 h - 17 h 30 Vendredi : 14 h - 17 h 30 Samedi : 9 h 30 - 12 h et 14 h - 17 h 30</horaires> <type>PARTIC</type> <barriere>Inconnu</barriere> <compteOuvert>Inconnu</compteOuvert> <carte>Inconnu</carte> <blacklist>false</blacklist> <Point> <coordinates>-2.017338,47.694433,0</coordinates> </Point> </Placemark> <Placemark> <id>624</id> <name>Decheterie Acigné</name> <description>Site de Joval 35690 Acigné</description> <horaires>lundi, vendredi: 14h-18h mercredi, samedi: 14h-18h</horaires> <type>PARTIC</type> <barriere>Inconnu</barriere> <compteOuvert>Inconnu</compteOuvert> <carte>Inconnu</carte> <blacklist>false</blacklist> <Point> <coordinates>-1.51794,48.136311,0</coordinates> </Point> </Placemark> <Placemark> <id>625</id> <name>Decheterie Ouzouer-le-Marché</name> <description>Ouzouer-le-marche 41240 Ouzouer-le-Marché</description> <horaires>Du lundi au Vendredi 13h30-18h30</horaires> <type>PARTIC</type> <barriere>Inconnu</barriere> <compteOuvert>Inconnu</compteOuvert> <carte>Inconnu</carte> <blacklist>false</blacklist> <Point> <coordinates>1.520758,47.922112,0</coordinates> </Point> </Placemark> <Placemark> <id>626</id> <name>Decheterie Billy</name> <description>Route de Blois 41130 Billy</description> <horaires>Du lundi au Vendredi 13h30-18h30</horaires> <type>PARTIC</type> <barriere>Inconnu</barriere> <compteOuvert>Inconnu</compteOuvert> <carte>Inconnu</carte> <blacklist>false</blacklist> <Point> <coordinates>1.527083,47.292187,0</coordinates> </Point> </Placemark> <Placemark> <id>627</id> <name>Decheterie Bracieux</name> <description>Lieu Dit 41250 Bracieux</description> <horaires>Du lundi au Vendredi 13h30-18h30</horaires> <type>PARTIC</type> <barriere>Inconnu</barriere> <compteOuvert>Inconnu</compteOuvert> <carte>Inconnu</carte> <blacklist>false</blacklist> <Point> <coordinates>1.555834,47.550094,0</coordinates> </Point> </Placemark> <Placemark> <id>628</id> <name>Decheterie Cellettes</name> <description>Chemin de Charlemagne 41120 Cellettes</description> <horaires>Du lundi au Vendredi 13h30-18h30</horaires> <type>PARTIC</type> <barriere>Inconnu</barriere> <compteOuvert>Inconnu</compteOuvert> <carte>Inconnu</carte> <blacklist>false</blacklist> <Point> <coordinates>1.389719,47.520756,0</coordinates> </Point> </Placemark> <Placemark> <id>629</id> <name>Decheterie Contres</name> <description>Boulevard de l'Industrie 41700 Contres</description> <horaires>Du lundi au Vendredi 13h30-18h30</horaires> <type>PARTIC</type> <barriere>Inconnu</barriere> <compteOuvert>Inconnu</compteOuvert> <carte>Inconnu</carte> <blacklist>false</blacklist> <Point> <coordinates>1.442393,47.427516,0</coordinates> </Point> </Placemark> <Placemark> <id>630</id> <name>Decheterie Couture-sur-Loir</name> <description>Route de la Chartre 41800 Couture-sur-Loir</description> <horaires>Du lundi au Vendredi 13h30-18h30</horaires> <type>PARTIC</type> <barriere>Inconnu</barriere> <compteOuvert>Inconnu</compteOuvert> <carte>Inconnu</carte> <blacklist>false</blacklist> <Point> <coordinates>0.670751,47.749452,0</coordinates> </Point> </Placemark> <Placemark> <id>631</id> <name>Decheterie Fontaine-les-Coteaux</name> <description>la Varenne 41800 Fontaine-les-Coteaux</description> <horaires>Du lundi au Vendredi 13h30-18h30</horaires> <type>PARTIC</type> <barriere>Inconnu</barriere> <compteOuvert>Inconnu</compteOuvert> <carte>Inconnu</carte> <blacklist>false</blacklist> <Point> <coordinates>0.851615,47.768159,0</coordinates> </Point> </Placemark> <Placemark> <id>632</id> <name>Decheterie Herbault</name> <description>Za d'Ault 80460 AULT</description> <horaires>lundi : 14h-18h autres jours : 9h-12h/14h-18h</horaires> <type>PARTIC</type> <barriere>Inconnu</barriere> <compteOuvert>Inconnu</compteOuvert> <carte>Inconnu</carte> <blacklist>false</blacklist> <Point> <coordinates>1.128646,47.603573,0</coordinates> </Point> </Placemark> <Placemark> <id>633</id> <name>Decheterie Huisseau-sur-Cosson</name> <description>Route de Morest 41350 Huisseau-sur-Cosson</description> <horaires>Du lundi au Vendredi 13h30-18h30</horaires> <type>PARTIC</type> <barriere>Inconnu</barriere> <compteOuvert>Inconnu</compteOuvert> <carte>Inconnu</carte> <blacklist>false</blacklist> <Point> <coordinates>1.444916,47.602727,0</coordinates> </Point> </Placemark> <Placemark> <id>634</id> <name>Decheterie La Ferté-Imbault</name> <description>Za d'Ault 80460 AULT</description> <horaires>lundi : 14h-18h autres jours : 9h-12h/14h-18h</horaires> <type>PARTIC</type> <barriere>Inconnu</barriere> <compteOuvert>Inconnu</compteOuvert> <carte>Inconnu</carte> <blacklist>false</blacklist> <Point> <coordinates>1.961968,47.378246,0</coordinates> </Point> </Placemark> <Placemark> <id>635</id> <name>Decheterie La Chaussée-Saint-Victor</name> <description>9, Rue René Descartes 41260 La Chaussée-Saint-Victor</description> <horaires>Lundi, Mardi, Mercredi, Jeudi, Samedi: de 9h00 à 12h30 et de 14h à 17h30</horaires> <type>PARTIC</type> <barriere>Inconnu</barriere> <compteOuvert>Inconnu</compteOuvert> <carte>Inconnu</carte> <blacklist>false</blacklist> <Point> <coordinates>1.349603,47.610668,0</coordinates> </Point> </Placemark> <Placemark> <id>636</id> <name>Decheterie Lamotte-Beuvron</name> <description>Route de Chaumont 41600 Lamotte-Beuvron</description> <horaires>Du lundi au Vendredi 13h30-18h30</horaires> <type>PARTIC</type> <barriere>Inconnu</barriere> <compteOuvert>Inconnu</compteOuvert> <carte>Inconnu</carte> <blacklist>false</blacklist> <Point> <coordinates>1.995894,47.605979,0</coordinates> </Point> </Placemark> <Placemark> <id>637</id> <name>Decheterie Mer</name> <description>Route de Talcy 41500 Mer</description> <horaires>Du lundi au Vendredi 13h30-18h30</horaires> <type>PARTIC</type> <barriere>Inconnu</barriere> <compteOuvert>Inconnu</compteOuvert> <carte>Inconnu</carte> <blacklist>false</blacklist> <Point> <coordinates>1.486932,47.734979,0</coordinates> </Point> </Placemark> <Placemark> <id>638</id> <name>Decheterie Mondoubleau</name> <description>Za de l'Entonnoir 41170 Mondoubleau</description> <horaires>Du lundi au Vendredi 13h30-18h30</horaires> <type>PARTIC</type> <barriere>Inconnu</barriere> <compteOuvert>Inconnu</compteOuvert> <carte>Inconnu</carte> <blacklist>false</blacklist> <Point> <coordinates>0.908806,47.985254,0</coordinates> </Point> </Placemark> <Placemark> <id>639</id> <name>Decheterie Montlivault</name> <description>Za d'Ault 80460 AULT</description> <horaires>lundi : 14h-18h autres jours : 9h-12h/14h-18h</horaires> <type>PARTIC</type> <barriere>Inconnu</barriere> <compteOuvert>Inconnu</compteOuvert> <carte>Inconnu</carte> <blacklist>false</blacklist> <Point> <coordinates>1.453927,47.644982,0</coordinates> </Point> </Placemark> <Placemark> <id>640</id> <name>Decheterie Montrichard</name> <description>Zone Industrielle 41400 Montrichard</description> <horaires>Du lundi au Vendredi 13h30-18h30</horaires> <type>PARTIC</type> <barriere>Inconnu</barriere> <compteOuvert>Inconnu</compteOuvert> <carte>Inconnu</carte> <blacklist>false</blacklist> <Point> <coordinates>1.178147,47.357388,0</coordinates> </Point> </Placemark> <Placemark> <id>641</id> <name>Decheterie Neung-sur-Beuvron</name> <description>Chemin de Saint Viâtre 41210 Neung-sur-Beuvron</description> <horaires>Du lundi au Vendredi 13h30-18h30</horaires> <type>PARTIC</type> <barriere>Inconnu</barriere> <compteOuvert>Inconnu</compteOuvert> <carte>Inconnu</carte> <blacklist>false</blacklist> <Point> <coordinates>1.816984,47.512442,0</coordinates> </Point> </Placemark> <Placemark> <id>642</id> <name>Decheterie Noyers-sur-Cher</name> <description>Route de Puits de Bon 89310 Noyers</description> <horaires>Hiver du 01/10 au 31/03: le mercredi 9h-12h et le samedi 9h-12 et 14h-17h Eté du 01/04 au 30/09: le mercredi 9h-12h et le samedi 9h-12 et 14h-19h</horaires> <type>PARTIC</type> <barriere>Inconnu</barriere> <compteOuvert>Inconnu</compteOuvert> <carte>Inconnu</carte> <blacklist>false</blacklist> <Point> <coordinates>1.376992,47.287272,0</coordinates> </Point> </Placemark> <Placemark> <id>643</id> <name>Decheterie Prunay-Cassereau</name> <description>Route de Villethiou 41310 Prunay-Cassereau</description> <horaires>Du lundi au Vendredi 13h30-18h30</horaires> <type>PARTIC</type> <barriere>Inconnu</barriere> <compteOuvert>Inconnu</compteOuvert> <carte>Inconnu</carte> <blacklist>false</blacklist> <Point> <coordinates>0.932232,47.692014,0</coordinates> </Point> </Placemark> <Placemark> <id>644</id> <name>Decheterie Saint-Amand-Longpré</name> <description>Za du Moulin Blanc 59230 Saint Amand</description> <horaires>Été (01/03 au 31/10) : lundi au jeudi: 9-12h 13-19h vendredi et samedi: 9-19h dimanche: 9-12h Hiver (du 01/11 au 28/02) : lundi au samedi: 9-12h 13-17h dimanche: 9-12h</horaires> <type>PARTIC</type> <barriere>Inconnu</barriere> <compteOuvert>Inconnu</compteOuvert> <carte>Inconnu</carte> <blacklist>false</blacklist> <Point> <coordinates>1.014679,47.695625,0</coordinates> </Point> </Placemark> <Placemark> <id>645</id> <name>Decheterie Saint-Laurent-Nouan</name> <description>Lieu-dit Taille du Bouin 41220 Saint-Laurent-Nouan</description> <horaires>Du lundi au Vendredi 13h30-18h30</horaires> <type>PARTIC</type> <barriere>Inconnu</barriere> <compteOuvert>Inconnu</compteOuvert> <carte>Inconnu</carte> <blacklist>false</blacklist> <Point> <coordinates>1.572703,47.68292,0</coordinates> </Point> </Placemark> <Placemark> <id>646</id> <name>Decheterie Saint-Léonard-en-Beauce</name> <description>9 Route Allegret 33670 Saint-léon</description> <horaires>Lundi 13H15-17H Mardi, Mercredi, Jeudi, Vendredi et Samedi 9H15-13H et 13H40-17H</horaires> <type>PARTIC</type> <barriere>Inconnu</barriere> <compteOuvert>Inconnu</compteOuvert> <carte>Inconnu</carte> <blacklist>false</blacklist> <Point> <coordinates>1.374649,47.831344,0</coordinates> </Point> </Placemark> <Placemark> <id>647</id> <name>Decheterie Saint-Ouen</name> <description>RD 159 80610 SAINT-OUEN</description> <horaires></horaires> <type>PARTIC</type> <barriere>Inconnu</barriere> <compteOuvert>Inconnu</compteOuvert> <carte>Inconnu</carte> <blacklist>false</blacklist> <Point> <coordinates>1.078561,47.822057,0</coordinates> </Point> </Placemark> <Placemark> <id>648</id> <name>Decheterie Savigny-sur-Braye</name> <description>Route de Vendôme 41360 Savigny-sur-Braye</description> <horaires>Du lundi au Vendredi 13h30-18h30</horaires> <type>PARTIC</type> <barriere>Inconnu</barriere> <compteOuvert>Inconnu</compteOuvert> <carte>Inconnu</carte> <blacklist>false</blacklist> <Point> <coordinates>0.826776,47.876385,0</coordinates> </Point> </Placemark> <Placemark> <id>649</id> <name>Decheterie Selles-Saint-Denis</name> <description>Route de Marcilly 41300 Selles-Saint-Denis</description> <horaires>Hiver (du 16/10 au 15/03) : Lundi et Vendredi : 14h-17h | Samedi : 8h30-12h | Eté (16/03 au 15/10) : Lundi et Vendredi : 14h-17h30 | Samedi : 8h30-12h</horaires> <type>PARTIC</type> <barriere>Inconnu</barriere> <compteOuvert>Inconnu</compteOuvert> <carte>Inconnu</carte> <blacklist>false</blacklist> <Point> <coordinates>1.921623,47.400049,0</coordinates> </Point> </Placemark> <Placemark> <id>650</id> <name>Decheterie Suèvres</name> <description>Lieu-dit les Gribouzys 41500 Suèvres</description> <horaires>Du lundi au Vendredi 13h30-18h30</horaires> <type>PARTIC</type> <barriere>Inconnu</barriere> <compteOuvert>Inconnu</compteOuvert> <carte>Inconnu</carte> <blacklist>false</blacklist> <Point> <coordinates>1.44639,47.675931,0</coordinates> </Point> </Placemark> <Placemark> <id>651</id> <name>Decheterie Vendôme</name> <description>Allée Louis Renault 41100 Vendôme</description> <horaires>Lundi, Mercredi et Jeudi : 9h à 12h et de 14h à 17h | Mardi : 9h à 12h00 | Vendredi et Samedi : 9h à 12h et de 14h à 17h30</horaires> <type>PARTIC</type> <barriere>Inconnu</barriere> <compteOuvert>Inconnu</compteOuvert> <carte>Inconnu</carte> <blacklist>false</blacklist> <Point> <coordinates>1.073357,47.774843,0</coordinates> </Point> </Placemark> <Placemark> <id>652</id> <name>Decheterie Vineuil</name> <description>Rue des Eglantiers 41350 Vineuil</description> <horaires>Du lundi au Vendredi 13h30-18h30</horaires> <type>PARTIC</type> <barriere>Inconnu</barriere> <compteOuvert>Inconnu</compteOuvert> <carte>Inconnu</carte> <blacklist>false</blacklist> <Point> <coordinates>1.396549,47.573081,0</coordinates> </Point> </Placemark> <Placemark> <id>653</id> <name>Decheterie Josnes</name> <description>Lieu Dit les Boulettes 41370 Josnes</description> <horaires>Du lundi au Vendredi 13h30-18h30</horaires> <type>PARTIC</type> <barriere>Inconnu</barriere> <compteOuvert>Inconnu</compteOuvert> <carte>Inconnu</carte> <blacklist>false</blacklist> <Point> <coordinates>1.521478,47.7887,0</coordinates> </Point> </Placemark> <Placemark> <id>654</id> <name>Decheterie Mont-près-Chambord</name> <description>Chemin du Buisson des Blés 41250 Mont-près-Chambord</description> <horaires>Du lundi au Vendredi 13h30-18h30</horaires> <type>PARTIC</type> <barriere>Inconnu</barriere> <compteOuvert>Inconnu</compteOuvert> <carte>Inconnu</carte> <blacklist>false</blacklist> <Point> <coordinates>1.451065,47.567285,0</coordinates> </Point> </Placemark> <Placemark> <id>655</id> <name>Decheterie La Chapelle-Vendômoise</name> <description>Rue de la Gare 41330 La Chapelle-Vendômoise</description> <horaires>Lundi, Jeudi: de 14h à 17h30 | Samedi: de 9h00 à 12h30 et de 14h à 17h30</horaires> <type>PARTIC</type> <barriere>Inconnu</barriere> <compteOuvert>Inconnu</compteOuvert> <carte>Inconnu</carte> <blacklist>false</blacklist> <Point> <coordinates>1.244079,47.672347,0</coordinates> </Point> </Placemark> <Placemark> <id>656</id> <name>Decheterie Blois</name> <description>Rue des Prés d'Amont 41000 Blois</description> <horaires>Du lundi au Vendredi 13h30-18h30</horaires> <type>PARTIC</type> <barriere>Inconnu</barriere> <compteOuvert>Inconnu</compteOuvert> <carte>Inconnu</carte> <blacklist>false</blacklist> <Point> <coordinates>1.325621,47.563946,0</coordinates> </Point> </Placemark> <Placemark> <id>657</id> <name>Decheterie Blois</name> <description>159 Avenue de Châteaudun 41000 Blois</description> <horaires>Du lundi au Vendredi 13h30-18h30</horaires> <type>PARTIC</type> <barriere>Inconnu</barriere> <compteOuvert>Inconnu</compteOuvert> <carte>Inconnu</carte> <blacklist>false</blacklist> <Point> <coordinates>1.329959,47.61106,0</coordinates> </Point> </Placemark> <Placemark> <id>658</id> <name>Decheterie Naveil</name> <description>Za de la Bouchardière 41100 Naveil</description> <horaires>Du lundi au Vendredi 13h30-18h30</horaires> <type>PARTIC</type> <barriere>Inconnu</barriere> <compteOuvert>Inconnu</compteOuvert> <carte>Inconnu</carte> <blacklist>false</blacklist> <Point> <coordinates>1.02906,47.781097,0</coordinates> </Point> </Placemark> <Placemark> <id>659</id> <name>Decheterie Molineuf</name> <description>Chemin des Petits Bois 41190 Molineuf</description> <horaires>Du lundi au Vendredi 13h30-18h30</horaires> <type>PARTIC</type> <barriere>Inconnu</barriere> <compteOuvert>Inconnu</compteOuvert> <carte>Inconnu</carte> <blacklist>false</blacklist> <Point> <coordinates>1.20915,47.582544,0</coordinates> </Point> </Placemark> <Placemark> <id>660</id> <name>Decheterie Le Plessis-Dorin</name> <description>Route de Saint-avit 41170 Le Plessis-Dorin</description> <horaires>Du lundi au Vendredi 13h30-18h30</horaires> <type>PARTIC</type> <barriere>Inconnu</barriere> <compteOuvert>Inconnu</compteOuvert> <carte>Inconnu</carte> <blacklist>false</blacklist> <Point> <coordinates>0.870984,48.092508,0</coordinates> </Point> </Placemark> <Placemark> <id>661</id> <name>Decheterie Droué</name> <description>Zone Industrielle 41270 Droué</description> <horaires>Du lundi au Vendredi 13h30-18h30</horaires> <type>PARTIC</type> <barriere>Inconnu</barriere> <compteOuvert>Inconnu</compteOuvert> <carte>Inconnu</carte> <blacklist>false</blacklist> <Point> <coordinates>1.076651,48.047284,0</coordinates> </Point> </Placemark> <Placemark> <id>662</id> <name>Decheterie Candé-sur-Beuvron</name> <description>Rue de la Chabotte 41120 Candé-sur-Beuvron</description> <horaires>Du lundi au Vendredi 13h30-18h30</horaires> <type>PARTIC</type> <barriere>Inconnu</barriere> <compteOuvert>Inconnu</compteOuvert> <carte>Inconnu</carte> <blacklist>false</blacklist> <Point> <coordinates>1.292655,47.511011,0</coordinates> </Point> </Placemark> <Placemark> <id>663</id> <name>Decheterie Chouzy-sur-Cisse</name> <description>Braille Ouaille 86170 CISSE</description> <horaires></horaires> <type>PARTIC</type> <barriere>Inconnu</barriere> <compteOuvert>Inconnu</compteOuvert> <carte>Inconnu</carte> <blacklist>false</blacklist> <Point> <coordinates>1.231448,47.530792,0</coordinates> </Point> </Placemark> <Placemark> <id>664</id> <name>Decheterie Danzé</name> <description>les Poulinières 41160 Danzé</description> <horaires>Du lundi au Vendredi 13h30-18h30</horaires> <type>PARTIC</type> <barriere>Inconnu</barriere> <compteOuvert>Inconnu</compteOuvert> <carte>Inconnu</carte> <blacklist>false</blacklist> <Point> <coordinates>1.034821,47.899464,0</coordinates> </Point> </Placemark> <Placemark> <id>665</id> <name>Decheterie Dhuizon</name> <description>Za de Maupas 41220 Dhuizon</description> <horaires>Du lundi au Vendredi 13h30-18h30</horaires> <type>PARTIC</type> <barriere>Inconnu</barriere> <compteOuvert>Inconnu</compteOuvert> <carte>Inconnu</carte> <blacklist>false</blacklist> <Point> <coordinates>1.661834,47.582974,0</coordinates> </Point> </Placemark> <Placemark> <id>666</id> <name>Decheterie Morée</name> <description>Za de la Varenne 41160 Morée</description> <horaires>Du lundi au Vendredi 13h30-18h30</horaires> <type>PARTIC</type> <barriere>Inconnu</barriere> <compteOuvert>Inconnu</compteOuvert> <carte>Inconnu</carte> <blacklist>false</blacklist> <Point> <coordinates>1.232165,47.910386,0</coordinates> </Point> </Placemark> <Placemark> <id>667</id> <name>Decheterie Romorantin-Lanthenay</name> <description>14 Rue des Arrogantes 41200 Romorantin-Lanthenay</description> <horaires>Du lundi au Vendredi 13h30-18h30</horaires> <type>PARTIC</type> <barriere>Inconnu</barriere> <compteOuvert>Inconnu</compteOuvert> <carte>Inconnu</carte> <blacklist>false</blacklist> <Point> <coordinates>1.745595,47.335088,0</coordinates> </Point> </Placemark> <Placemark> <id>668</id> <name>Decheterie Salbris</name> <description>Route de Marcilly-en-gault 41300 Salbris</description> <horaires>Du lundi au Vendredi 13h30-18h30</horaires> <type>PARTIC</type> <barriere>Inconnu</barriere> <compteOuvert>Inconnu</compteOuvert> <carte>Inconnu</carte> <blacklist>false</blacklist> <Point> <coordinates>2.045349,47.430625,0</coordinates> </Point> </Placemark> <Placemark> <id>669</id> <name>Decheterie Selommes</name> <description>Rue des Prasles 41100 Selommes</description> <horaires>Lundi : 9h à 12h00 | Mercredi et vendredi : 14h à 17h | Sam : 9h à 12h et de 14h à 17h</horaires> <type>PARTIC</type> <barriere>Inconnu</barriere> <compteOuvert>Inconnu</compteOuvert> <carte>Inconnu</carte> <blacklist>false</blacklist> <Point> <coordinates>1.185413,47.757672,0</coordinates> </Point> </Placemark> <Placemark> <id>670</id> <name>Decheterie Souesmes</name> <description>Rue des Patouillats 41300 Souesmes</description> <horaires>Hiver (du 16/10 au 15/03) : Lundi : 8h30-12h | Jeudi et Samedi : 14h-17h | Eté (16/03 au 15/10) : Lundi : 8h30-12h | Jeudi et Samedi : 14h-17h30</horaires> <type>PARTIC</type> <barriere>Inconnu</barriere> <compteOuvert>Inconnu</compteOuvert> <carte>Inconnu</carte> <blacklist>false</blacklist> <Point> <coordinates>2.176146,47.460303,0</coordinates> </Point> </Placemark> <Placemark> <id>671</id> <name>Decheterie Theillay</name> <description>Rue de la Magdelaine 41300 Theillay</description> <horaires>Hiver (du 16/10 au 15/03) : Mardi : 14h-17h | Vendredi et Samedi : 8h30-12h | Eté (16/03 au 15/10) : Mardi : 14h-17h30 | Vendredi et Samedi : 8h30-12h</horaires> <type>PARTIC</type> <barriere>Inconnu</barriere> <compteOuvert>Inconnu</compteOuvert> <carte>Inconnu</carte> <blacklist>false</blacklist> <Point> <coordinates>2.042452,47.326803,0</coordinates> </Point> </Placemark> <Placemark> <id>672</id> <name>Decheterie Villefranche-sur-Cher</name> <description>la Parconnière 41200 Villefranche-sur-Cher</description> <horaires>8h00 à 12h00 et de 13h30 à 16h30 (en hiver - 01/11 au 01/04) | 8h00 à 12h00 et de 13h30 à 17h00 (en été - 01/04 au 01/11) | Samedi : 9h00 à 12h00</horaires> <type>PARTIC</type> <barriere>Inconnu</barriere> <compteOuvert>Inconnu</compteOuvert> <carte>Inconnu</carte> <blacklist>false</blacklist> <Point> <coordinates>1.731957,47.287498,0</coordinates> </Point> </Placemark> <Placemark> <id>673</id> <name>Decheterie Avessac</name> <description>Zone Artisanale 44460 AVESSAC</description> <horaires>Mercredi : 14 h - 1 7h Vendredi : 14 h - 1 7h Samedi : 9 h 30 - 12 h</horaires> <type>PARTIC</type> <barriere>Inconnu</barriere> <compteOuvert>Inconnu</compteOuvert> <carte>Inconnu</carte> <blacklist>false</blacklist> <Point> <coordinates>-1.997597,47.647001,0</coordinates> </Point> </Placemark> <Placemark> <id>674</id> <name>Decheterie Batz-sur-Mer</name> <description>Route du Croisic 44740 BATZ-SUR-MER</description> <horaires>Lundi au samedi 9h-12h du 16/09 au 14/06 9h-12h 14h30-18h du 15/06 au 15/09</horaires> <type>PARTIC</type> <barriere>Inconnu</barriere> <compteOuvert>Inconnu</compteOuvert> <carte>Inconnu</carte> <blacklist>false</blacklist> <Point> <coordinates>-2.490762,47.282165,0</coordinates> </Point> </Placemark> <Placemark> <id>675</id> <name>Decheterie Campbon</name> <description>ZA des Fours à Chaux Rue des Sabotiers 44750 CAMPBON</description> <horaires>14h-17h sauf le samedi 10h-12h 14h-17h Fermeture à 18h du 01/04 au 31/10</horaires> <type>PARTIC</type> <barriere>Inconnu</barriere> <compteOuvert>Inconnu</compteOuvert> <carte>Inconnu</carte> <blacklist>false</blacklist> <Point> <coordinates>-1.966423,47.414722,0</coordinates> </Point> </Placemark> <Placemark> <id>676</id> <name>Decheterie Carquefou</name> <description>Lieu-dit "L'Ebeaupin" 44470 CARQUEFOU</description> <horaires>10h-18h</horaires> <type>PARTIC</type> <barriere>Inconnu</barriere> <compteOuvert>Inconnu</compteOuvert> <carte>Inconnu</carte> <blacklist>false</blacklist> <Point> <coordinates>-1.441716,47.29049,0</coordinates> </Point> </Placemark> <Placemark> <id>677</id> <name>Decheterie Cordemais</name> <description>Lieu-dit "Les Garennes" 44360 CORDEMAIS</description> <horaires>lundi, jeudi:14h-17h30 samedi:9h-12h 14h-17h30 Fermeture à 18h du 01/05 au 30/09</horaires> <type>PARTIC</type> <barriere>Inconnu</barriere> <compteOuvert>Inconnu</compteOuvert> <carte>Inconnu</carte> <blacklist>false</blacklist> <Point> <coordinates>-1.857538,47.294325,0</coordinates> </Point> </Placemark> <Placemark> <id>678</id> <name>Decheterie Clisson</name> <description>rue des malifestes BP 9 125 44190 Clisson</description> <horaires>Lundi de 9h à 12 Mercredi, vendredi et samedi : 9h-12h et 14h-18h</horaires> <type>PARTIC</type> <barriere>Inconnu</barriere> <compteOuvert>Inconnu</compteOuvert> <carte>Inconnu</carte> <blacklist>false</blacklist> <Point> <coordinates>-1.286397,47.077069,0</coordinates> </Point> </Placemark> <Placemark> <id>679</id> <name>Decheterie Donges</name> <description>Lieu Dit "Gué Assac" 44480 DONGES</description> <horaires>lundi au vendredi (été) :10h-12h15 et 14h30 à 19 h lundi au vendredi (hiver) :9h-12h15 et 14h30 à 18 h samedi (été) :9h-12h15 14h30-19h samedi (hiver) :9h-12h15 14h30-18h dimanche:9h-12h15 Fermeture à 19h du 01/04 au 30/09</horaires> <type>PARTIC</type> <barriere>Inconnu</barriere> <compteOuvert>Inconnu</compteOuvert> <carte>Inconnu</carte> <blacklist>false</blacklist> <Point> <coordinates>-2.044568,47.328601,0</coordinates> </Point> </Placemark> <Placemark> <id>680</id> <name>Decheterie Geneston</name> <description>L'Hommeau 44140 GENESTON</description> <horaires>Lundi, Mercredi, Vendredi, Samedi</horaires> <type>PARTIC</type> <barriere>Inconnu</barriere> <compteOuvert>Inconnu</compteOuvert> <carte>Inconnu</carte> <blacklist>false</blacklist> <Point> <coordinates>-1.508168,47.065105,0</coordinates> </Point> </Placemark> <Placemark> <id>681</id> <name>Decheterie Grandchamps-des-Fontaines</name> <description>Les Landes 44119 GRANDCHAMPS-DES-FONTAINES</description> <horaires>Fin octobre-fin mars lundi au jeudi:13h30-17h30 vendredi:9h-12h 13h30-17h30 samedi: 9h-17h30 Fin mars fin octobre lundi au jeudi:15h- vendredi:9h-12h 13h30-17h30 samedi: 9h-17h30ars-fin octobre</horaires> <type>PARTIC</type> <barriere>Inconnu</barriere> <compteOuvert>Inconnu</compteOuvert> <carte>Inconnu</carte> <blacklist>false</blacklist> <Point> <coordinates>-1.633982,47.35259,0</coordinates> </Point> </Placemark> <Placemark> <id>682</id> <name>Decheterie Guémené-Penfao</name> <description>Zone d'Activité de la Rembellerie 44290 Guémené-Penfao</description> <horaires>Du lundi au Vendredi 13h30-18h30</horaires> <type>PARTIC</type> <barriere>Inconnu</barriere> <compteOuvert>Inconnu</compteOuvert> <carte>Inconnu</carte> <blacklist>false</blacklist> <Point> <coordinates>-1.80392,47.636161,0</coordinates> </Point> </Placemark> <Placemark> <id>683</id> <name>Decheterie La Baule-Escoublac</name> <description>Route du Rocher 44500 LA BAULE-ESCOUBLAC</description> <horaires>lundi au samedi 9h-12h 14h30-18h</horaires> <type>PARTIC</type> <barriere>Inconnu</barriere> <compteOuvert>Inconnu</compteOuvert> <carte>Inconnu</carte> <blacklist>false</blacklist> <Point> <coordinates>-2.381516,47.293232,0</coordinates> </Point> </Placemark> <Placemark> <id>684</id> <name>Decheterie La Chapelle-Heulin</name> <description>la Levraudriere 44330 La Chapelle-Heulin</description> <horaires>Du lundi au Vendredi 13h30-18h30</horaires> <type>PARTIC</type> <barriere>Inconnu</barriere> <compteOuvert>Inconnu</compteOuvert> <carte>Inconnu</carte> <blacklist>false</blacklist> <Point> <coordinates>-1.319311,47.16662,0</coordinates> </Point> </Placemark> <Placemark> <id>685</id> <name>Decheterie La Chevrolière</name> <description>les Bauches 44118 La Chevrolière</description> <horaires>lundi : 8h-12h | Mercredi, vendredi : 14h-18h | samedi : 8h-12h et 14h-18h</horaires> <type>PARTIC</type> <barriere>Inconnu</barriere> <compteOuvert>Inconnu</compteOuvert> <carte>Inconnu</carte> <blacklist>false</blacklist> <Point> <coordinates>-1.591956,47.103458,0</coordinates> </Point> </Placemark> <Placemark> <id>686</id> <name>Decheterie La Montagne</name> <description>Chemin du Pérou 44620 LA MONTAGNE</description> <horaires>10h-18h Fermeture les jours fériés</horaires> <type>PARTIC</type> <barriere>Inconnu</barriere> <compteOuvert>Inconnu</compteOuvert> <carte>Inconnu</carte> <blacklist>false</blacklist> <Point> <coordinates>-1.683394,47.177256,0</coordinates> </Point> </Placemark> <Placemark> <id>687</id> <name>Decheterie Le Croisic</name> <description>Zone Artisanale Rue des Goëlands 44490 LE CROISIC</description> <horaires>lundi au samedi 14h30-18h du 16/09 au 14/06 9h-12h 14h30-18h du 15/06 au 15/09</horaires> <type>PARTIC</type> <barriere>Inconnu</barriere> <compteOuvert>Inconnu</compteOuvert> <carte>Inconnu</carte> <blacklist>false</blacklist> <Point> <coordinates>-2.503314,47.288053,0</coordinates> </Point> </Placemark> <Placemark> <id>688</id> <name>Decheterie Lège</name> <description>la Tournerie 44650 Lège</description> <horaires>Du lundi au Vendredi 13h30-18h30</horaires> <type>PARTIC</type> <barriere>Inconnu</barriere> <compteOuvert>Inconnu</compteOuvert> <carte>Inconnu</carte> <blacklist>false</blacklist> <Point> <coordinates>-1.625806,46.915712,0</coordinates> </Point> </Placemark> <Placemark> <id>689</id> <name>Decheterie Mauves-sur-Loire</name> <description>Le clos du Rocher 44470 MAUVES-SUR-LOIRE</description> <horaires>lundi, mercredi: 14h-17h samedi:8h-12h 14h-17h</horaires> <type>PARTIC</type> <barriere>Inconnu</barriere> <compteOuvert>Inconnu</compteOuvert> <carte>Inconnu</carte> <blacklist>false</blacklist> <Point> <coordinates>-1.386042,47.317328,0</coordinates> </Point> </Placemark> <Placemark> <id>690</id> <name>Decheterie Missillac</name> <description>ZA La Pommeraie Rue des Lauriers 44780 MISSILLAC</description> <horaires>Lundi, Mardi, Mercredi, Vendredi, Samedi</horaires> <type>PARTIC</type> <barriere>Inconnu</barriere> <compteOuvert>Inconnu</compteOuvert> <carte>Inconnu</carte> <blacklist>false</blacklist> <Point> <coordinates>-2.155222,47.4699,0</coordinates> </Point> </Placemark> <Placemark> <id>691</id> <name>Decheterie Pornic</name> <description>ZI La Blavetiere Le Clion 44210 PORNIC</description> <horaires>hiver : 01/10 au 14/04 lundi au vendredi:14h-18h samedi:8h30-12h30 14h-18h été : 15/04 au 30/09 lundi au samedi:8h30-12h30 14h-18h dimanche:8h30-12h30</horaires> <type>PARTIC</type> <barriere>Inconnu</barriere> <compteOuvert>Inconnu</compteOuvert> <carte>Inconnu</carte> <blacklist>false</blacklist> <Point> <coordinates>-2.063337,47.115014,0</coordinates> </Point> </Placemark> <Placemark> <id>692</id> <name>Decheterie Pontchâteau</name> <description>Chemin de la Tille 21130 PONT</description> <horaires>Horaire d'ete (01/04 au 30/09) Horaire d'hiver (01/10 au 31/03) fermeture à 16H45 : MARDI 8h30-11h45 MERCREDI 14h-17h45 JEUDI 14h-17h45 VENDREDI 8h30-11h45 SAMEDI 8h30-11h45.</horaires> <type>PARTIC</type> <barriere>Inconnu</barriere> <compteOuvert>Inconnu</compteOuvert> <carte>Inconnu</carte> <blacklist>false</blacklist> <Point> <coordinates>-2.071928,47.427929,0</coordinates> </Point> </Placemark> <Placemark> <id>693</id> <name>Decheterie Puceul</name> <description>ZA de la l'Oseraye 44390 PUCEUL</description> <horaires>14H-18H sauf le samedi:9h-12h30 14h-18h</horaires> <type>PARTIC</type> <barriere>Inconnu</barriere> <compteOuvert>Inconnu</compteOuvert> <carte>Inconnu</carte> <blacklist>false</blacklist> <Point> <coordinates>-1.646762,47.51923,0</coordinates> </Point> </Placemark> <Placemark> <id>694</id> <name>Decheterie Rezé</name> <description>Rue P Legende 44400 Rezé</description> <horaires>Du lundi au Vendredi 13h30-18h30</horaires> <type>PARTIC</type> <barriere>Inconnu</barriere> <compteOuvert>Inconnu</compteOuvert> <carte>Inconnu</carte> <blacklist>false</blacklist> <Point> <coordinates>-1.532954,47.158143,0</coordinates> </Point> </Placemark> <Placemark> <id>695</id> <name>Decheterie Remouillé</name> <description>la chesnaie 44140 Remouillé</description> <horaires>Heures d'ouverture :</horaires> <type>PARTIC</type> <barriere>Inconnu</barriere> <compteOuvert>Inconnu</compteOuvert> <carte>Inconnu</carte> <blacklist>false</blacklist> <Point> <coordinates>-1.412434,47.049989,0</coordinates> </Point> </Placemark> <Placemark> <id>696</id> <name>Decheterie Riaillé</name> <description>l'Aufraine 44440 Riaillé</description> <horaires>Du lundi au Vendredi 13h30-18h30</horaires> <type>PARTIC</type> <barriere>Inconnu</barriere> <compteOuvert>Inconnu</compteOuvert> <carte>Inconnu</carte> <blacklist>false</blacklist> <Point> <coordinates>-1.322925,47.494486,0</coordinates> </Point> </Placemark> <Placemark> <id>697</id> <name>Decheterie Rougé</name> <description>le Grand Domaine 44660 Rougé</description> <horaires>Du lundi au Vendredi 13h30-18h30</horaires> <type>PARTIC</type> <barriere>Inconnu</barriere> <compteOuvert>Inconnu</compteOuvert> <carte>Inconnu</carte> <blacklist>false</blacklist> <Point> <coordinates>-1.45652,47.786914,0</coordinates> </Point> </Placemark> <Placemark> <id>698</id> <name>Decheterie Saint-Aignan-Grandlieu</name> <description>Route de la forêt 32290 Aignan</description> <horaires>Lundi, Mercredi, Jeudi, Vendredi, Samedi Tous les jours de 9h30-12h30</horaires> <type>PARTIC</type> <barriere>Inconnu</barriere> <compteOuvert>Inconnu</compteOuvert> <carte>Inconnu</carte> <blacklist>false</blacklist> <Point> <coordinates>-1.623564,47.149746,0</coordinates> </Point> </Placemark> <Placemark> <id>699</id> <name>Decheterie Saint-Gildas-des-Bois</name> <description>La Croix Daniel La Gare 44530 SAINT-GILDAS-DES-BOIS</description> <horaires></horaires> <type>PARTIC</type> <barriere>Inconnu</barriere> <compteOuvert>Inconnu</compteOuvert> <carte>Inconnu</carte> <blacklist>false</blacklist> <Point> <coordinates>-2.043833,47.519138,0</coordinates> </Point> </Placemark> <Placemark> <id>700</id> <name>Decheterie Saint-Hilaire-de-Chaléons</name> <description>Z.I. Le Plô 11250 SAINT-HILAIRE</description> <horaires></horaires> <type>PARTIC</type> <barriere>Inconnu</barriere> <compteOuvert>Inconnu</compteOuvert> <carte>Inconnu</carte> <blacklist>false</blacklist> <Point> <coordinates>-1.82866,47.121967,0</coordinates> </Point> </Placemark> <Placemark> <id>701</id> <name>Decheterie Saint-Jean-de-Boiseau</name> <description>Rue de la Poterie 44640 Saint-Jean-de-Boiseau</description> <horaires>Du lundi au Vendredi 13h30-18h30</horaires> <type>PARTIC</type> <barriere>Inconnu</barriere> <compteOuvert>Inconnu</compteOuvert> <carte>Inconnu</carte> <blacklist>false</blacklist> <Point> <coordinates>-1.719092,47.187256,0</coordinates> </Point> </Placemark> <Placemark> <id>702</id> <name>Decheterie Saint-Joachim</name> <description>zac d'aignac 44720 SAINT-JOACHIM</description> <horaires>1er avril au 30 septembre : mardi au vendredi 10h-12h15 14h30-19h samedi 9h-12h15 14h30-19h 1er octobre au 30 mars mardi au samedi 9h-12h15 14h30-18h</horaires> <type>PARTIC</type> <barriere>Inconnu</barriere> <compteOuvert>Inconnu</compteOuvert> <carte>Inconnu</carte> <blacklist>false</blacklist> <Point> <coordinates>-2.188311,47.367485,0</coordinates> </Point> </Placemark> <Placemark> <id>703</id> <name>Decheterie Saint-Lumine-de-Coutais</name> <description>Site de Grand Champ 44310 Saint-lumine-de-coutais</description> <horaires>Lundi, Mercredi, Vendredi, Samedi</horaires> <type>PARTIC</type> <barriere>Inconnu</barriere> <compteOuvert>Inconnu</compteOuvert> <carte>Inconnu</carte> <blacklist>false</blacklist> <Point> <coordinates>-1.705863,47.038568,0</coordinates> </Point> </Placemark> <Placemark> <id>704</id> <name>Decheterie Saint-Malo-de-Guersac</name> <description>petit marais 44550 Saint-Malo-de-Guersac</description> <horaires>1er avril au 30 septembre : lundi au vendredi 10h-12h15 14h30-19h samedi 9h-12h15 14h30-19h dimanche 9h-12h15 1er octobre au 30 mars : lundi 9h-12h15 14h-18h mardi au samedi 9h-12h15 14h30-18h dimanche 9h-12h15</horaires> <type>PARTIC</type> <barriere>Inconnu</barriere> <compteOuvert>Inconnu</compteOuvert> <carte>Inconnu</carte> <blacklist>false</blacklist> <Point> <coordinates>-2.170194,47.339183,0</coordinates> </Point> </Placemark> <Placemark> <id>705</id> <name>Decheterie Saint-Mars-de-Coutais</name> <description>Rue de la Colombe 44680 SAINT-MARS-DE-COUTAIS</description> <horaires>lun, ven : 13h30-17h30 merc, sam : 9h-12h</horaires> <type>PARTIC</type> <barriere>Inconnu</barriere> <compteOuvert>Inconnu</compteOuvert> <carte>Inconnu</carte> <blacklist>false</blacklist> <Point> <coordinates>-1.735819,47.108698,0</coordinates> </Point> </Placemark> <Placemark> <id>706</id> <name>Decheterie Saint-Nazaire</name> <description>Site de la Capellane RD 148 30200 SAINT-NAZAIRE</description> <horaires>Hiver Toute la semaine 8-12h/14-17h Dimanche 8-12h Eté Toute la semaine 8-12h/14-18h Samedi 8-12h/14-19h Dimanche 8-12h</horaires> <type>PARTIC</type> <barriere>Inconnu</barriere> <compteOuvert>Inconnu</compteOuvert> <carte>Inconnu</carte> <blacklist>false</blacklist> <Point> <coordinates>-2.187362,47.303926,0</coordinates> </Point> </Placemark> <Placemark> <id>707</id> <name>Decheterie Saint-Nazaire</name> <description>Site de la Capellane RD 148 30200 SAINT-NAZAIRE</description> <horaires>Hiver Toute la semaine 8-12h/14-17h Dimanche 8-12h Eté Toute la semaine 8-12h/14-18h Samedi 8-12h/14-19h Dimanche 8-12h</horaires> <type>PARTIC</type> <barriere>Inconnu</barriere> <compteOuvert>Inconnu</compteOuvert> <carte>Inconnu</carte> <blacklist>false</blacklist> <Point> <coordinates>-2.247064,47.311397,0</coordinates> </Point> </Placemark> <Placemark> <id>708</id> <name>Decheterie Saint-Nicolas-de-Redon</name> <description>ZI des Bauches 44460 Saint-nicolas-de-redon</description> <horaires>Lundi : 9 h 30 - 12 h Mardi : 9 h 30 - 12 h Mercredi : 9 h 30 - 12 h Jeudi : 9 h 30 - 12 h Vendredi : 9 h 30 - 12 h Samedi : 9 h 30 - 12 h et 14 h - 17 h 30</horaires> <type>PARTIC</type> <barriere>Inconnu</barriere> <compteOuvert>Inconnu</compteOuvert> <carte>Inconnu</carte> <blacklist>false</blacklist> <Point> <coordinates>-2.053208,47.629085,0</coordinates> </Point> </Placemark> <Placemark> <id>709</id> <name>Decheterie Saint-Viaud</name> <description>Zone Estuaire Sud Rue du Cap Paul Leroy 44320 SAINT-VIAUD</description> <horaires>St-Viaud (mai à septembre) : mardi à jeudi 9h à 12h30 / vendredi 14h à 19h / samedi 9h à 12h30 et 14h à 19h St-Viaud (octobre à avril) : mardi à jeudi 9h à 12h30 / vendredi 14h à 18h / samedi 9h à 12h30 et 14h à 18h</horaires> <type>PARTIC</type> <barriere>Inconnu</barriere> <compteOuvert>Inconnu</compteOuvert> <carte>Inconnu</carte> <blacklist>false</blacklist> <Point> <coordinates>-2.012322,47.278668,0</coordinates> </Point> </Placemark> <Placemark> <id>710</id> <name>Decheterie Savenay</name> <description>Chemin des Dames 44260 SAVENAY</description> <horaires>lundi:14h-17h mardi au samedi:10h-12h 17h-17h Fermeture à 18h du 01/04 au 31/10</horaires> <type>PARTIC</type> <barriere>Inconnu</barriere> <compteOuvert>Inconnu</compteOuvert> <carte>Inconnu</carte> <blacklist>false</blacklist> <Point> <coordinates>-1.951679,47.355876,0</coordinates> </Point> </Placemark> <Placemark> <id>711</id> <name>Decheterie Sucé-sur-Erdre</name> <description>Port-naud 44240 Sucé-sur-Erdre</description> <horaires>Hiver (changement d'heure national) : | Lundi : 9h-12h et 14h-17h | Mercredi et Vendredi : 14h-17h | Samedi : 9h-17h | Eté (changement d'heure national) : Lundi : 9h-12h et 14h-18h | Mercredi et Vendredi : 14h-18h | Samedi : 9h-18h</horaires> <type>PARTIC</type> <barriere>Inconnu</barriere> <compteOuvert>Inconnu</compteOuvert> <carte>Inconnu</carte> <blacklist>false</blacklist> <Point> <coordinates>-1.522936,47.373319,0</coordinates> </Point> </Placemark> <Placemark> <id>712</id> <name>Decheterie Touches</name> <description>les Dureaux 44390 Touches</description> <horaires>Du lundi au Vendredi 13h30-18h30</horaires> <type>PARTIC</type> <barriere>Inconnu</barriere> <compteOuvert>Inconnu</compteOuvert> <carte>Inconnu</carte> <blacklist>false</blacklist> <Point> <coordinates>-1.431976,47.425416,0</coordinates> </Point> </Placemark> <Placemark> <id>713</id> <name>Decheterie Vertou</name> <description>La Foresterie 44120 Vertou</description> <horaires>Du lundi au dimanche10h-18h</horaires> <type>PARTIC</type> <barriere>Inconnu</barriere> <compteOuvert>Inconnu</compteOuvert> <carte>Inconnu</carte> <blacklist>false</blacklist> <Point> <coordinates>-1.460899,47.178369,0</coordinates> </Point> </Placemark> <Placemark> <id>714</id> <name>Decheterie La Plaine-sur-Mer</name> <description>La Genière 44770 LA PLAINE-SUR-MER</description> <horaires>hiver : 01/10 au 14/04 8h30-12h30 du lundi au vendredi 8h30-12h30 14h-18h le samedi été : 15/04 au 30/09 8h30-12h30 14h-18h du lundi au samedi 8h30-12h30 le dimanche</horaires> <type>PARTIC</type> <barriere>Inconnu</barriere> <compteOuvert>Inconnu</compteOuvert> <carte>Inconnu</carte> <blacklist>false</blacklist> <Point> <coordinates>-2.136739,47.143625,0</coordinates> </Point> </Placemark> <Placemark> <id>715</id> <name>Decheterie Le Loroux-Bottereau</name> <description>la Corandière 44430 LE LOROUX-BOTTEREAU</description> <horaires>lundi : 9h - 12h autres jours d'ouverture : 9h - 12h et 14h - 17h (hiver: 07/11 au 02/02) autres jours d'ouverture : 9h - 12h et 14h - 18h (été: 03/02 au 06/11)</horaires> <type>PARTIC</type> <barriere>Inconnu</barriere> <compteOuvert>Inconnu</compteOuvert> <carte>Inconnu</carte> <blacklist>false</blacklist> <Point> <coordinates>-1.332019,47.242524,0</coordinates> </Point> </Placemark> <Placemark> <id>716</id> <name>Decheterie Machecoul</name> <description>ZI La Seiglerie Rue Pierre et Marie Curie 44270 MACHECOUL</description> <horaires>9h-12h/14h-18h lundi, mercredi, samedi 14h-18h vendredi</horaires> <type>PARTIC</type> <barriere>Inconnu</barriere> <compteOuvert>Inconnu</compteOuvert> <carte>Inconnu</carte> <blacklist>false</blacklist> <Point> <coordinates>-1.80474,46.983472,0</coordinates> </Point> </Placemark> <Placemark> <id>717</id> <name>Decheterie Nort-sur-Erdre</name> <description>Beausoleil 44390 NORT-SUR-ERDRE</description> <horaires>Fin octobre-fin mars lundi, samedi:9h-12h 13h30-17h30 mercredi:13h30-17h30 vendredi:9h-12h fin mars-fin octobre lundi, samedi:9h-12h 15h-19h mercredi:15h-19h vendredi:9h-12h</horaires> <type>PARTIC</type> <barriere>Inconnu</barriere> <compteOuvert>Inconnu</compteOuvert> <carte>Inconnu</carte> <blacklist>false</blacklist> <Point> <coordinates>-1.507419,47.4227,0</coordinates> </Point> </Placemark> <Placemark> <id>718</id> <name>Decheterie Blain</name> <description>ZI des Bluchets 44130 BLAIN</description> <horaires></horaires> <type>PARTIC</type> <barriere>Inconnu</barriere> <compteOuvert>Inconnu</compteOuvert> <carte>Inconnu</carte> <blacklist>false</blacklist> <Point> <coordinates>-1.74685,47.48095,0</coordinates> </Point> </Placemark> <Placemark> <id>719</id> <name>Decheterie Piriac-sur-Mer</name> <description>L'Arche Chaussin 44420 PIRIAC-SUR-MER</description> <horaires>lundi au samedi:9h30-12h 14h30-17h 11/04 au 6/11 lundi, mardi, mercredi, vendredi, samedi:9h-12h 14h30-18h jeudi:14h30-18h</horaires> <type>PARTIC</type> <barriere>Inconnu</barriere> <compteOuvert>Inconnu</compteOuvert> <carte>Inconnu</carte> <blacklist>false</blacklist> <Point> <coordinates>-2.5054,47.380975,0</coordinates> </Point> </Placemark> <Placemark> <id>720</id> <name>Decheterie Nantes</name> <description>Avenue de la Gare de Saint-Joseph-de-Porterie 44000 NANTES</description> <horaires>10h-17h30</horaires> <type>PARTIC</type> <barriere>Inconnu</barriere> <compteOuvert>Inconnu</compteOuvert> <carte>Inconnu</carte> <blacklist>false</blacklist> <Point> <coordinates>-1.504322,47.2261,0</coordinates> </Point> </Placemark> <Placemark> <id>721</id> <name>Decheterie Frossay</name> <description>le Pré Macé 44320 FROSSAY</description> <horaires>lundi 9h à 12h30 / mercredi 14h à 18h / samedi 9h à 12h30 et 14h à 18h</horaires> <type>PARTIC</type> <barriere>Inconnu</barriere> <compteOuvert>Inconnu</compteOuvert> <carte>Inconnu</carte> <blacklist>false</blacklist> <Point> <coordinates>-1.948802,47.243069,0</coordinates> </Point> </Placemark> <Placemark> <id>722</id> <name>Decheterie Rouans</name> <description>Launay 44640 ROUANS</description> <horaires>lundi: 9H-12H 15H-17H mercredi : 14h-17h samedi:9h-12h 17h-18h</horaires> <type>PARTIC</type> <barriere>Inconnu</barriere> <compteOuvert>Inconnu</compteOuvert> <carte>Inconnu</carte> <blacklist>false</blacklist> <Point> <coordinates>-1.835396,47.196358,0</coordinates> </Point> </Placemark> <Placemark> <id>723</id> <name>Decheterie Orvault</name> <description>Site de l'Espérance 44700 ORVAULT</description> <horaires>10h-18h sauf les jours feriés</horaires> <type>PARTIC</type> <barriere>Inconnu</barriere> <compteOuvert>Inconnu</compteOuvert> <carte>Inconnu</carte> <blacklist>false</blacklist> <Point> <coordinates>-1.632875,47.257124,0</coordinates> </Point> </Placemark> <Placemark> <id>724</id> <name>Decheterie Le Cellier</name> <description>Bois Harnier 44850 Cellier</description> <horaires>01/11 au 31/03 lundi: 9h-12h30 mercredi, vendredi:14h-18h samedi:9h-12h30 14h-18h 01/06 au 31/10 lundi:8h30-12h30 mercredi:14h-18h30 vendredi:14h-19h samedi:8h30-12h30 14h-18h30</horaires> <type>PARTIC</type> <barriere>Inconnu</barriere> <compteOuvert>Inconnu</compteOuvert> <carte>Inconnu</carte> <blacklist>false</blacklist> <Point> <coordinates>-1.349722,47.352442,0</coordinates> </Point> </Placemark> <Placemark> <id>725</id> <name>Decheterie Mésanger</name> <description>Lieu-dit la Coutume 44522 Mésanger</description> <horaires>Du lundi au Vendredi 13h30-18h30</horaires> <type>PARTIC</type> <barriere>Inconnu</barriere> <compteOuvert>Inconnu</compteOuvert> <carte>Inconnu</carte> <blacklist>false</blacklist> <Point> <coordinates>-1.237059,47.397216,0</coordinates> </Point> </Placemark> <Placemark> <id>726</id> <name>Decheterie Saint-Brevin-les-Pins</name> <description>route Départementale 388 08500 REVIN</description> <horaires>Lundi et mardi : de 10h à 12 et de 14h à 18h Mercredi, jeudi et vendredi : de 9h à 12h et de 14h à 18h Samedi de 8h à 12h et de 14h à 18h</horaires> <type>PARTIC</type> <barriere>Inconnu</barriere> <compteOuvert>Inconnu</compteOuvert> <carte>Inconnu</carte> <blacklist>false</blacklist> <Point> <coordinates>-2.152328,47.244507,0</coordinates> </Point> </Placemark> <Placemark> <id>727</id> <name>Decheterie Pornichet</name> <description>Chemin du Pont Saillant 44380 PORNICHET</description> <horaires>1 octobre au 31 mars lundi:14h-18h mardi au samedi:9h-12h30 14h-18h dimanche:9h-12h30 1 avril au 30 septembre lundi:14h-19h mardi au samedi:9h-12h30 14h-19h dimanche:9h-12h30</horaires> <type>PARTIC</type> <barriere>Inconnu</barriere> <compteOuvert>Inconnu</compteOuvert> <carte>Inconnu</carte> <blacklist>false</blacklist> <Point> <coordinates>-2.316582,47.269362,0</coordinates> </Point> </Placemark> <Placemark> <id>728</id> <name>Decheterie Saint-Herblain</name> <description>Route Départementale 107 44800 SAINT-HERBLAIN</description> <horaires>10h-18h sauf les jours fériés</horaires> <type>PARTIC</type> <barriere>Inconnu</barriere> <compteOuvert>Inconnu</compteOuvert> <carte>Inconnu</carte> <blacklist>false</blacklist> <Point> <coordinates>-1.64176,47.197584,0</coordinates> </Point> </Placemark> <Placemark> <id>729</id> <name>Decheterie Lusanger</name> <description>Lusanger 44590 Lusanger</description> <horaires>Du lundi au Vendredi 13h30-18h30</horaires> <type>PARTIC</type> <barriere>Inconnu</barriere> <compteOuvert>Inconnu</compteOuvert> <carte>Inconnu</carte> <blacklist>false</blacklist> <Point> <coordinates>-1.615608,47.686612,0</coordinates> </Point> </Placemark> <Placemark> <id>730</id> <name>Decheterie Gorges</name> <description>Les Mortiers 44190 GORGES</description> <horaires>Lundi, Mercredi, Vendredi, Samedi</horaires> <type>PARTIC</type> <barriere>Inconnu</barriere> <compteOuvert>Inconnu</compteOuvert> <carte>Inconnu</carte> <blacklist>false</blacklist> <Point> <coordinates>-1.355457,47.099602,0</coordinates> </Point> </Placemark> <Placemark> <id>731</id> <name>Decheterie La Bernerie-en-Retz</name> <description>la jarrie 44760 BERNERIE-EN-RETZ</description> <horaires>hiver 1 er octobre au 14 avril : 14h-18h lundi,marcredi 8h30-12h30 mardi,jeudi, vendredi 8h30-12h30 14h-18h samedi été 15 avril au 30 septembre : 8h30-12h30 14h-18h du lundi au samedi</horaires> <type>PARTIC</type> <barriere>Inconnu</barriere> <compteOuvert>Inconnu</compteOuvert> <carte>Inconnu</carte> <blacklist>false</blacklist> <Point> <coordinates>-2.027169,47.091825,0</coordinates> </Point> </Placemark> <Placemark> <id>732</id> <name>Decheterie Bourgneuf-en-Retz</name> <description>Za des Jaunins 44580 Bourgneuf-en-Retz</description> <horaires>Du lundi au Vendredi 13h30-18h30</horaires> <type>PARTIC</type> <barriere>Inconnu</barriere> <compteOuvert>Inconnu</compteOuvert> <carte>Inconnu</carte> <blacklist>false</blacklist> <Point> <coordinates>-1.943297,47.041621,0</coordinates> </Point> </Placemark> <Placemark> <id>733</id> <name>Decheterie Arthon-en-Retz</name> <description>La tartinière Haute Perche 44320 Arthon en Retz</description> <horaires>lundi, mercredi:8h30-12h30 vendredi:13h30-17h30 samedi:8h30-12h30 13h30-17h30</horaires> <type>PARTIC</type> <barriere>Inconnu</barriere> <compteOuvert>Inconnu</compteOuvert> <carte>Inconnu</carte> <blacklist>false</blacklist> <Point> <coordinates>-1.95519,47.136214,0</coordinates> </Point> </Placemark> <Placemark> <id>734</id> <name>Decheterie Saint-Étienne-de-Montluc</name> <description>Rue Necker 42000 Saint-Étienne</description> <horaires>du lundi au dimanche Prendre contact pour les horaires</horaires> <type>PARTIC</type> <barriere>Inconnu</barriere> <compteOuvert>Inconnu</compteOuvert> <carte>Inconnu</carte> <blacklist>false</blacklist> <Point> <coordinates>-1.789912,47.26504,0</coordinates> </Point> </Placemark> <Placemark> <id>735</id> <name>Decheterie Petit-Auverné</name> <description>la Lande 44670 Petit-Auverné</description> <horaires>Du lundi au Vendredi 13h30-18h30</horaires> <type>PARTIC</type> <barriere>Inconnu</barriere> <compteOuvert>Inconnu</compteOuvert> <carte>Inconnu</carte> <blacklist>false</blacklist> <Point> <coordinates>-1.301395,47.607674,0</coordinates> </Point> </Placemark> <Placemark> <id>736</id> <name>Decheterie La Chapelle-sur-Erdre</name> <description>ZAC Gesvrine Rue Ampère 44240 CHAPELLE-SUR-ERDRE</description> <horaires>10h-18h</horaires> <type>PARTIC</type> <barriere>Inconnu</barriere> <compteOuvert>Inconnu</compteOuvert> <carte>Inconnu</carte> <blacklist>false</blacklist> <Point> <coordinates>-1.551099,47.258727,0</coordinates> </Point> </Placemark> <Placemark> <id>737</id> <name>Decheterie Gétigné</name> <description>D.762 44190 Gétigné</description> <horaires>Du lundi au Vendredi 13h30-18h30</horaires> <type>PARTIC</type> <barriere>Inconnu</barriere> <compteOuvert>Inconnu</compteOuvert> <carte>Inconnu</carte> <blacklist>false</blacklist> <Point> <coordinates>-1.221188,47.07842,0</coordinates> </Point> </Placemark> <Placemark> <id>738</id> <name>Decheterie Châteaubriant</name> <description>Rue Lafayette 44110 Châteaubriant</description> <horaires>hiver (27/10 au 29/03) lundi à vendredi: 14h à 17h samedi: 9h-12h 14h-18h été (30/03 au 26/10) lundi à vendredi: 14h 19h samedi: 9h-12h 14h 18h</horaires> <type>PARTIC</type> <barriere>Inconnu</barriere> <compteOuvert>Inconnu</compteOuvert> <carte>Inconnu</carte> <blacklist>false</blacklist> <Point> <coordinates>-1.403918,47.703753,0</coordinates> </Point> </Placemark> <Placemark> <id>739</id> <name>Decheterie Notre-Dame-des-Landes</name> <description>la Gare 44130 Notre-Dame-des-Landes</description> <horaires>Heures d'ouverture :</horaires> <type>PARTIC</type> <barriere>Inconnu</barriere> <compteOuvert>Inconnu</compteOuvert> <carte>Inconnu</carte> <blacklist>false</blacklist> <Point> <coordinates>-1.719505,47.408476,0</coordinates> </Point> </Placemark> <Placemark> <id>740</id> <name>Decheterie Guérande</name> <description>Parc d'Activité de Villejames 44350 Guérande</description> <horaires>Du lundi au Vendredi 13h30-18h30</horaires> <type>PARTIC</type> <barriere>Inconnu</barriere> <compteOuvert>Inconnu</compteOuvert> <carte>Inconnu</carte> <blacklist>false</blacklist> <Point> <coordinates>-2.40731,47.32275,0</coordinates> </Point> </Placemark> <Placemark> <id>741</id> <name>Decheterie Herbignac</name> <description>Lieu-dit "Les Keralines" 44410 HERBIGNAC</description> <horaires>Lundi au Samedi 9h-12h 14h-18h</horaires> <type>PARTIC</type> <barriere>Inconnu</barriere> <compteOuvert>Inconnu</compteOuvert> <carte>Inconnu</carte> <blacklist>false</blacklist> <Point> <coordinates>-2.346203,47.412447,0</coordinates> </Point> </Placemark> <Placemark> <id>742</id> <name>Decheterie Le Pouliguen</name> <description>Route de la Minoterie 44510 LE POULIGUEN</description> <horaires>Du lundi au samedi de 9h à 12h et de 14h30 à 18h Le dimanche (uniquement en haute saison) de 14h30 à 17h30</horaires> <type>PARTIC</type> <barriere>Inconnu</barriere> <compteOuvert>Inconnu</compteOuvert> <carte>Inconnu</carte> <blacklist>false</blacklist> <Point> <coordinates>-2.430154,47.285871,0</coordinates> </Point> </Placemark> <Placemark> <id>743</id> <name>Decheterie Bouvron</name> <description>Rue de la Gare 44130 BOUVRON</description> <horaires>Mercredi, Samedi</horaires> <type>PARTIC</type> <barriere>Inconnu</barriere> <compteOuvert>Inconnu</compteOuvert> <carte>Inconnu</carte> <blacklist>false</blacklist> <Point> <coordinates>-1.851937,47.42511,0</coordinates> </Point> </Placemark> <Placemark> <id>744</id> <name>Decheterie Plessé</name> <description>Lieu-dit "Les Batailles 44630 Plessé</description> <horaires>Du lundi au Vendredi 13h30-18h30</horaires> <type>PARTIC</type> <barriere>Inconnu</barriere> <compteOuvert>Inconnu</compteOuvert> <carte>Inconnu</carte> <blacklist>false</blacklist> <Point> <coordinates>-1.920095,47.534734,0</coordinates> </Point> </Placemark> <Placemark> <id>745</id> <name>Decheterie Saint-Mars-du-Désert</name> <description>La Goulière 44850 Saint-mars-du-dÉsert</description> <horaires>Mercredi, Samedi</horaires> <type>PARTIC</type> <barriere>Inconnu</barriere> <compteOuvert>Inconnu</compteOuvert> <carte>Inconnu</carte> <blacklist>false</blacklist> <Point> <coordinates>-1.411804,47.349804,0</coordinates> </Point> </Placemark> <Placemark> <id>746</id> <name>Decheterie Saint-Mars-la-Jaille</name> <description>Le Carbouchet 44540 Saint-mars-la-jaille</description> <horaires>01/11 au 31/03 lundi: 9h-12h30 mercredi, vendredi:14h-18h samedi:9h-12h30 14h-18h 01/06 au 31/10 lundi:8h30-12h30 mercredi:14h-18h30 vendredi:14h-19h samedi:8h30-12h30 14h-18h30</horaires> <type>PARTIC</type> <barriere>Inconnu</barriere> <compteOuvert>Inconnu</compteOuvert> <carte>Inconnu</carte> <blacklist>false</blacklist> <Point> <coordinates>-1.172521,47.520942,0</coordinates> </Point> </Placemark> <Placemark> <id>747</id> <name>Decheterie Saint-Père-en-Retz</name> <description>Za la Halte du Fort 35430 Saint-Père</description> <horaires>9H30-12H 14H-18H</horaires> <type>PARTIC</type> <barriere>Inconnu</barriere> <compteOuvert>Inconnu</compteOuvert> <carte>Inconnu</carte> <blacklist>false</blacklist> <Point> <coordinates>-2.050781,47.215479,0</coordinates> </Point> </Placemark> <Placemark> <id>748</id> <name>Decheterie Saint-Philbert-de-Grand-Lieu</name> <description>Lieu Dit "La Brande" 44310 Saint-philbert-de-grand-lieu</description> <horaires>Lundi, Mercredi, Vendredi, Samedi</horaires> <type>PARTIC</type> <barriere>Inconnu</barriere> <compteOuvert>Inconnu</compteOuvert> <carte>Inconnu</carte> <blacklist>false</blacklist> <Point> <coordinates>-1.60999,47.016022,0</coordinates> </Point> </Placemark> <Placemark> <id>749</id> <name>Decheterie Saint-Sébastien-sur-Loire</name> <description>Rue de la Pyramide 44230 Saint-Sébastien-sur-Loire</description> <horaires>Du lundi au Vendredi 13h30-18h30</horaires> <type>PARTIC</type> <barriere>Inconnu</barriere> <compteOuvert>Inconnu</compteOuvert> <carte>Inconnu</carte> <blacklist>false</blacklist> <Point> <coordinates>-1.483432,47.199705,0</coordinates> </Point> </Placemark> <Placemark> <id>750</id> <name>Decheterie Sainte-Reine-de-Bretagne</name> <description>7 place de l'Eglise 44160 SAINTE-REINE-DE-BRETAGNE</description> <horaires>mercredi:16h30-18h saemdi:9h30-18h</horaires> <type>PARTIC</type> <barriere>Inconnu</barriere> <compteOuvert>Inconnu</compteOuvert> <carte>Inconnu</carte> <blacklist>false</blacklist> <Point> <coordinates>-2.183215,47.442542,0</coordinates> </Point> </Placemark> <Placemark> <id>751</id> <name>Decheterie Soudan</name> <description>Hochepie 44110 SOUDAN</description> <horaires>Lundi, Mercredi, Vendredi, Samedi</horaires> <type>PARTIC</type> <barriere>Inconnu</barriere> <compteOuvert>Inconnu</compteOuvert> <carte>Inconnu</carte> <blacklist>false</blacklist> <Point> <coordinates>-1.315449,47.706512,0</coordinates> </Point> </Placemark> <Placemark> <id>752</id> <name>Decheterie Treffieux</name> <description>Lieu Dit "Les Brieulles" 44170 TREFFIEUX</description> <horaires>Eté/Hiver : lundi, mercredi : 14h-18h samedi : 9h12h30/14h-18h</horaires> <type>PARTIC</type> <barriere>Inconnu</barriere> <compteOuvert>Inconnu</compteOuvert> <carte>Inconnu</carte> <blacklist>false</blacklist> <Point> <coordinates>-1.54801,47.628062,0</coordinates> </Point> </Placemark> <Placemark> <id>753</id> <name>Decheterie Vallet</name> <description>Route des Ferronniers 44330 VALLET</description> <horaires>14h30 - 17h30 lundi au jeudi 9h30-12h30 et 14h30 -17h30 vendredi et samedi</horaires> <type>PARTIC</type> <barriere>Inconnu</barriere> <compteOuvert>Inconnu</compteOuvert> <carte>Inconnu</carte> <blacklist>false</blacklist> <Point> <coordinates>-1.266265,47.179538,0</coordinates> </Point> </Placemark> <Placemark> <id>754</id> <name>Decheterie Varades</name> <description>Les Quatre Routes 44370 VARADES</description> <horaires>01/11 au 31/03 lundi: 9h-12h30 mercredi, vendredi:14h-18h samedi:9h-12h30 14h-18h 01/06 au 31/10 lundi:8h30-12h30 mercredi:14h-18h30 vendredi:14h-19h samedi:8h30-12h30 14h-18h30</horaires> <type>PARTIC</type> <barriere>Inconnu</barriere> <compteOuvert>Inconnu</compteOuvert> <carte>Inconnu</carte> <blacklist>false</blacklist> <Point> <coordinates>-1.03163,47.442239,0</coordinates> </Point> </Placemark> <Placemark> <id>755</id> <name>Decheterie Vigneux-de-Bretagne</name> <description>Rue de la Villemarqué 44360 Vigneux-de-bretagne</description> <horaires>lundi:9h-12h 13h30-17h30 mercredi:13h30-17h30 samedi:9h-17h30 fin mars-fin octobre lundi:9h-12h 15h-19h mercredi:15h-19h samedi:10h-19h</horaires> <type>PARTIC</type> <barriere>Inconnu</barriere> <compteOuvert>Inconnu</compteOuvert> <carte>Inconnu</carte> <blacklist>false</blacklist> <Point> <coordinates>-1.733671,47.32804,0</coordinates> </Point> </Placemark> <Placemark> <id>756</id> <name>Decheterie Amilly</name> <description>215, rue Paucourt 45200 AMILLY</description> <horaires>Lundi, Mardi, Mercredi, Jeudi, Vendredi, Samedi 8h-11h45 et 13h30-16h45</horaires> <type>PARTIC</type> <barriere>Inconnu</barriere> <compteOuvert>Inconnu</compteOuvert> <carte>Inconnu</carte> <blacklist>false</blacklist> <Point> <coordinates>2.770277,48.003168,0</coordinates> </Point> </Placemark> <Placemark> <id>757</id> <name>Decheterie Ardon</name> <description>Route d'Olivet D168 45160 ARDON</description> <horaires>du 01/11 au 31/03 : lundi : 10h-12h samedi : 13h30-17h30 du 1/04 au 31/10 : lundi : 10h-12h samedi : 14h00-18h00</horaires> <type>PARTIC</type> <barriere>Inconnu</barriere> <compteOuvert>Inconnu</compteOuvert> <carte>Inconnu</carte> <blacklist>false</blacklist> <Point> <coordinates>1.868408,47.782893,0</coordinates> </Point> </Placemark> <Placemark> <id>758</id> <name>Decheterie Artenay</name> <description>Bordure du CD5 Route de Neuville-aux-Bois 45410 ARTENAY</description> <horaires>du 01/05 au 31/10 : lundi, samedi : 9h-12h 14h-17h jeudi : 13h-17h du 01/11 au 31/04 : lundi : 9h-12h 14h-18h30 jeudi : 13h-18h30 vendredi : 14h-18h30 samedi : 9h-12h 14h-17h</horaires> <type>PARTIC</type> <barriere>Inconnu</barriere> <compteOuvert>Inconnu</compteOuvert> <carte>Inconnu</carte> <blacklist>false</blacklist> <Point> <coordinates>1.885484,48.079521,0</coordinates> </Point> </Placemark> <Placemark> <id>759</id> <name>Decheterie Bazoches-les-Gallerandes</name> <description>Route d'Etampes 45480 BAZOCHES-LES-GALLERANDES</description> <horaires>lundi, samedi:9h-12h 14h30 16h30 jeudi:9h-12h</horaires> <type>PARTIC</type> <barriere>Inconnu</barriere> <compteOuvert>Inconnu</compteOuvert> <carte>Inconnu</carte> <blacklist>false</blacklist> <Point> <coordinates>2.055748,48.187034,0</coordinates> </Point> </Placemark> <Placemark> <id>760</id> <name>Decheterie Bonny-sur-Loire</name> <description>Route d'auxerre VC N 14 45420 BONNY-SUR-LOIRE</description> <horaires>lundi au vendredi : 9h-12h 14h-18h samedi 9h-12h30 13h30-17h</horaires> <type>PARTIC</type> <barriere>Inconnu</barriere> <compteOuvert>Inconnu</compteOuvert> <carte>Inconnu</carte> <blacklist>false</blacklist> <Point> <coordinates>2.851153,47.568213,0</coordinates> </Point> </Placemark> <Placemark> <id>761</id> <name>Decheterie Châteauneuf-sur-Loire</name> <description>Zi St Barthelemy 45110 Châteauneuf-sur-Loire</description> <horaires>Du lundi au Vendredi 13h30-18h30</horaires> <type>PARTIC</type> <barriere>Inconnu</barriere> <compteOuvert>Inconnu</compteOuvert> <carte>Inconnu</carte> <blacklist>false</blacklist> <Point> <coordinates>2.199739,47.866498,0</coordinates> </Point> </Placemark> <Placemark> <id>762</id> <name>Decheterie Chécy</name> <description>58 Rue Pierre et Marie Curie 45430 Chécy</description> <horaires>Du lundi au Vendredi 13h30-18h30</horaires> <type>PARTIC</type> <barriere>Inconnu</barriere> <compteOuvert>Inconnu</compteOuvert> <carte>Inconnu</carte> <blacklist>false</blacklist> <Point> <coordinates>2.039187,47.898151,0</coordinates> </Point> </Placemark> <Placemark> <id>763</id> <name>Decheterie Châtillon-Coligny</name> <description>Za de Sainte-genevieve-des-bois 45230 Châtillon-Coligny</description> <horaires>Du lundi au Vendredi 13h30-18h30</horaires> <type>PARTIC</type> <barriere>Inconnu</barriere> <compteOuvert>Inconnu</compteOuvert> <carte>Inconnu</carte> <blacklist>false</blacklist> <Point> <coordinates>2.833518,47.823054,0</coordinates> </Point> </Placemark> <Placemark> <id>764</id> <name>Decheterie Cléry-Saint-André</name> <description>Chemin du Gué du Roi 45370 Cléry-Saint-André</description> <horaires>Du lundi au Vendredi 13h30-18h30</horaires> <type>PARTIC</type> <barriere>Inconnu</barriere> <compteOuvert>Inconnu</compteOuvert> <carte>Inconnu</carte> <blacklist>false</blacklist> <Point> <coordinates>1.770978,47.827064,0</coordinates> </Point> </Placemark> <Placemark> <id>765</id> <name>Decheterie Corquilleroy</name> <description>Parc d'Activité de Chaumont 45120 CORQUILLEROY</description> <horaires>Lundi, Mardi, Mercredi, Jeudi, Vendredi, Samedi 8h-11h45 13h30-16h45</horaires> <type>PARTIC</type> <barriere>Inconnu</barriere> <compteOuvert>Inconnu</compteOuvert> <carte>Inconnu</carte> <blacklist>false</blacklist> <Point> <coordinates>2.665037,48.034738,0</coordinates> </Point> </Placemark> <Placemark> <id>766</id> <name>Decheterie Dordives</name> <description>Route de Branles 45680 DORDIVES</description> <horaires>Lundi, Jeudi, Vendredi, Samedi 8h-11h45 13h-16h45</horaires> <type>PARTIC</type> <barriere>Inconnu</barriere> <compteOuvert>Inconnu</compteOuvert> <carte>Inconnu</carte> <blacklist>false</blacklist> <Point> <coordinates>2.778968,48.148436,0</coordinates> </Point> </Placemark> <Placemark> <id>767</id> <name>Decheterie Loury</name> <description>Route de Loury 45470 Loury</description> <horaires>lundi, samedi : 8h30-12h 13h30-17h mercredi : 13h30-17h jeudi : 8h30-12h</horaires> <type>PARTIC</type> <barriere>Inconnu</barriere> <compteOuvert>Inconnu</compteOuvert> <carte>Inconnu</carte> <blacklist>false</blacklist> <Point> <coordinates>2.088136,47.996784,0</coordinates> </Point> </Placemark> <Placemark> <id>768</id> <name>Decheterie Marcilly-en-Villette</name> <description>Route de Vienne en Val 45240 Marcilly-en-Villette</description> <horaires>du 16/10 au 15/04 : mercredi : 13h30-17h samedi : 8h-12h du 15/04 au 15/10 : mercredi : 14h-17h30 samedi : 8h30-12h</horaires> <type>PARTIC</type> <barriere>Inconnu</barriere> <compteOuvert>Inconnu</compteOuvert> <carte>Inconnu</carte> <blacklist>false</blacklist> <Point> <coordinates>2.035408,47.766572,0</coordinates> </Point> </Placemark> <Placemark> <id>769</id> <name>Decheterie Neuville-aux-Bois</name> <description>Route de Montigny 45170 NEUVILLE-AUX-BOIS</description> <horaires>du 01/05 au 31/10 : lundi, jeudi, samedi : 9h-12h, 14h-17h du 01/11 au 30/04 : lundi, jeudi : 9h-12h, 14h-18h30 vendredi : 14h-18h30 samedi : 9h-12h, 14h-17h</horaires> <type>PARTIC</type> <barriere>Inconnu</barriere> <compteOuvert>Inconnu</compteOuvert> <carte>Inconnu</carte> <blacklist>false</blacklist> <Point> <coordinates>2.062759,48.080571,0</coordinates> </Point> </Placemark> <Placemark> <id>770</id> <name>Decheterie Ouzouer-sur-Loire</name> <description>Chemin de Flacarneux 45570 OUZOUER-SUR-LOIRE</description> <horaires>mardi, mercredi, vendredi, samedi: 9h30-12h30, 13h-17h jeudi: 13h-17h</horaires> <type>PARTIC</type> <barriere>Inconnu</barriere> <compteOuvert>Inconnu</compteOuvert> <carte>Inconnu</carte> <blacklist>false</blacklist> <Point> <coordinates>2.478743,47.775281,0</coordinates> </Point> </Placemark> <Placemark> <id>771</id> <name>Decheterie Pithiviers</name> <description>Route de Bouzonville-en-Beauce 45300 PITHIVIERS</description> <horaires>lundi, jeudi : 8h30-12h00 mercredi, vendredi, samedi : 8h30-12h00, 13h30-17h00 du 02/05 au 15:10 : lundi, jeudi : 8h30-12h00 mercredi, vendredi, samedi : 8h30-12h00, 13h30-18h00</horaires> <type>PARTIC</type> <barriere>Inconnu</barriere> <compteOuvert>Inconnu</compteOuvert> <carte>Inconnu</carte> <blacklist>false</blacklist> <Point> <coordinates>2.240457,48.187161,0</coordinates> </Point> </Placemark> <Placemark> <id>772</id> <name>Decheterie Puiseaux</name> <description>Rue de Garenne 45390 PUISEAUX</description> <horaires>lundi, samedi: 8h30-12h 13h30-17h mercredi:13h30-17h jeudi:8h30-12h</horaires> <type>PARTIC</type> <barriere>Inconnu</barriere> <compteOuvert>Inconnu</compteOuvert> <carte>Inconnu</carte> <blacklist>false</blacklist> <Point> <coordinates>2.45393,48.206243,0</coordinates> </Point> </Placemark> <Placemark> <id>773</id> <name>Decheterie Saint-Ay</name> <description>Rue Jean Monnet 45130 Saint-Ay</description> <horaires>Du lundi au Vendredi 13h30-18h30</horaires> <type>PARTIC</type> <barriere>Inconnu</barriere> <compteOuvert>Inconnu</compteOuvert> <carte>Inconnu</carte> <blacklist>false</blacklist> <Point> <coordinates>1.760332,47.866716,0</coordinates> </Point> </Placemark> <Placemark> <id>774</id> <name>Decheterie Saint-Jean-de-Braye</name> <description>Rue de la Burelle 45800 SAINT-JEAN-DE-BRAYE</description> <horaires>lundi : 14h-18h mardi, mercredi, jeudi, vendredi, samedi : 10h-12h 14h-18h dimanche : 10h-13h</horaires> <type>PARTIC</type> <barriere>Inconnu</barriere> <compteOuvert>Inconnu</compteOuvert> <carte>Inconnu</carte> <blacklist>false</blacklist> <Point> <coordinates>1.944142,47.912413,0</coordinates> </Point> </Placemark> <Placemark> <id>775</id> <name>Decheterie Sermaises</name> <description>Route de Thignonville 45300 SERMAISES</description> <horaires>lundi : 9h-12h mercredi : 10h-12h 14h-17h samedi : 9h-12h 14h-16h30</horaires> <type>PARTIC</type> <barriere>Inconnu</barriere> <compteOuvert>Inconnu</compteOuvert> <carte>Inconnu</carte> <blacklist>false</blacklist> <Point> <coordinates>2.19743,48.293751,0</coordinates> </Point> </Placemark> <Placemark> <id>776</id> <name>Decheterie Vitry-aux-Loges</name> <description>Route de Combreux 45530 VITRY-AUX-LOGES</description> <horaires>mardi, samedi : 9h30-12h30, 13h-17h du 01/04 au 31/10 mercredi: 14h-18h</horaires> <type>PARTIC</type> <barriere>Inconnu</barriere> <compteOuvert>Inconnu</compteOuvert> <carte>Inconnu</carte> <blacklist>false</blacklist> <Point> <coordinates>2.2861,47.937796,0</coordinates> </Point> </Placemark> <Placemark> <id>777</id> <name>Decheterie Ingré</name> <description>Chemin Vallee de l'Azin 45140 Ingré</description> <horaires>Du lundi au Vendredi 13h30-18h30</horaires> <type>PARTIC</type> <barriere>Inconnu</barriere> <compteOuvert>Inconnu</compteOuvert> <carte>Inconnu</carte> <blacklist>false</blacklist> <Point> <coordinates>1.821814,47.911271,0</coordinates> </Point> </Placemark> <Placemark> <id>778</id> <name>Decheterie Gien</name> <description>Les Gâtines 45500 GIEN</description> <horaires>lundi au vendredi : 9h-12h 14h-18h samedi : 9h12h30 13h30-17h</horaires> <type>PARTIC</type> <barriere>Inconnu</barriere> <compteOuvert>Inconnu</compteOuvert> <carte>Inconnu</carte> <blacklist>false</blacklist> <Point> <coordinates>2.735265,47.697588,0</coordinates> </Point> </Placemark> <Placemark> <id>779</id> <name>Decheterie Châtillon-sur-Loire</name> <description>Rue de l'Industrie (za) 45360 Châtillon-sur-Loire</description> <horaires>Du lundi au Vendredi 13h30-18h30</horaires> <type>PARTIC</type> <barriere>Inconnu</barriere> <compteOuvert>Inconnu</compteOuvert> <carte>Inconnu</carte> <blacklist>false</blacklist> <Point> <coordinates>2.7599,47.581858,0</coordinates> </Point> </Placemark> <Placemark> <id>780</id> <name>Decheterie La Selle-sur-le-Bied</name> <description>Route de Mairainville 45210 LA SELLE-SUR-LE-BIED</description> <horaires>Lundi, Mardi, Mercredi, Vendredi, Samedi du 1/11 au 31/03 : 9h-12h 13h30-17h30 sauf vendredi : 13h30-17h30 du 1/04 au 31/10 : 8h30-12h30 14h-18h30 sauf vendredi : 14h30-18h30</horaires> <type>PARTIC</type> <barriere>Inconnu</barriere> <compteOuvert>Inconnu</compteOuvert> <carte>Inconnu</carte> <blacklist>false</blacklist> <Point> <coordinates>2.906126,48.073617,0</coordinates> </Point> </Placemark> <Placemark> <id>781</id> <name>Decheterie Jargeau</name> <description>Route de Tigy 45150 JARGEAU</description> <horaires>mardi, mercredi, vendredi, samedi : 9h30-12h30, 13h-17h jeudi : 13h-17h</horaires> <type>PARTIC</type> <barriere>Inconnu</barriere> <compteOuvert>Inconnu</compteOuvert> <carte>Inconnu</carte> <blacklist>false</blacklist> <Point> <coordinates>2.130996,47.853466,0</coordinates> </Point> </Placemark> <Placemark> <id>782</id> <name>Decheterie Ligny-le-Ribault</name> <description>Rue Cézar Fiance 45240 LIGNY-LE-RIBAULT</description> <horaires>lundi, mercredi : 10h-12h samedi : 9h-12h</horaires> <type>PARTIC</type> <barriere>Inconnu</barriere> <compteOuvert>Inconnu</compteOuvert> <carte>Inconnu</carte> <blacklist>false</blacklist> <Point> <coordinates>1.77936,47.681985,0</coordinates> </Point> </Placemark> <Placemark> <id>783</id> <name>Decheterie Cerdon</name> <description>CR de Cerdon aux Longeaux 45620 CERDON</description> <horaires>mardi, samedi : 9h30-12h30, 13h-17h vendredi: 14h-17h</horaires> <type>PARTIC</type> <barriere>Inconnu</barriere> <compteOuvert>Inconnu</compteOuvert> <carte>Inconnu</carte> <blacklist>false</blacklist> <Point> <coordinates>2.364751,47.629667,0</coordinates> </Point> </Placemark> <Placemark> <id>784</id> <name>Decheterie Courtenay</name> <description>Z.I. du Luteau 45320 COURTENAY</description> <horaires>Lundi, Mardi, Mercredi, Vendredi, Samedi du 1/11 au 31/03 : 9h-12h 13h30-17h30 sauf vendredi : 13h30-17h30 du 1/04 au 31/10 : 8h30-12h30 14h-18h30 sauf vendredi : 14h30-18h30</horaires> <type>PARTIC</type> <barriere>Inconnu</barriere> <compteOuvert>Inconnu</compteOuvert> <carte>Inconnu</carte> <blacklist>false</blacklist> <Point> <coordinates>3.067231,48.040363,0</coordinates> </Point> </Placemark> <Placemark> <id>785</id> <name>Decheterie Château-Renard</name> <description>Avenue Charle Roux 45220 Château-Renard</description> <horaires>Du lundi au Vendredi 13h30-18h30</horaires> <type>PARTIC</type> <barriere>Inconnu</barriere> <compteOuvert>Inconnu</compteOuvert> <carte>Inconnu</carte> <blacklist>false</blacklist> <Point> <coordinates>2.924708,47.927642,0</coordinates> </Point> </Placemark> <Placemark> <id>786</id> <name>Decheterie La Ferté-Saint-Aubin</name> <description>Rue Denis Papin 45240 La Ferté-Saint-Aubin</description> <horaires>du 1/11 au 31/03 : lundi, jeudi : 8h30-12h30 13h30-17h30 vendredi, samedi : 8h30-12h30 13h30-18h du 1/04 au 31/10 : lundi, jeudi : 8h30-12h30 13h30-17h45 vendredi, samedi : 8h30-12h30 13h30-18h45</horaires> <type>PARTIC</type> <barriere>Inconnu</barriere> <compteOuvert>Inconnu</compteOuvert> <carte>Inconnu</carte> <blacklist>false</blacklist> <Point> <coordinates>1.928843,47.725082,0</coordinates> </Point> </Placemark> <Placemark> <id>787</id> <name>Decheterie Beaune-la-Rolande</name> <description>Route d'Egry 45340 BEAUNE-LA-ROLANDE</description> <horaires>lundi, jeudi, samedi: 8h30-12h 13h30-17h mercredi: 13h30-17h</horaires> <type>PARTIC</type> <barriere>Inconnu</barriere> <compteOuvert>Inconnu</compteOuvert> <carte>Inconnu</carte> <blacklist>false</blacklist> <Point> <coordinates>2.433919,48.080511,0</coordinates> </Point> </Placemark> <Placemark> <id>788</id> <name>Decheterie Orléans</name> <description>Impasse Clos de l'Alouette 45000 Orléans</description> <horaires>Du lundi au Vendredi 13h30-18h30</horaires> <type>PARTIC</type> <barriere>Inconnu</barriere> <compteOuvert>Inconnu</compteOuvert> <carte>Inconnu</carte> <blacklist>false</blacklist> <Point> <coordinates>1.8812923,47.8831004,0</coordinates> </Point> </Placemark> <Placemark> <id>789</id> <name>Decheterie Briare</name> <description>Zia Vaugereau 45250 Briare</description> <horaires>Du lundi au Vendredi 13h30-18h30</horaires> <type>PARTIC</type> <barriere>Inconnu</barriere> <compteOuvert>Inconnu</compteOuvert> <carte>Inconnu</carte> <blacklist>false</blacklist> <Point> <coordinates>2.754359,47.637576,0</coordinates> </Point> </Placemark> <Placemark> <id>790</id> <name>Decheterie Épieds-en-Beauce</name> <description>Route de Cheminiers 45130 Épieds-en-Beauce</description> <horaires>Du lundi au Vendredi 13h30-18h30</horaires> <type>PARTIC</type> <barriere>Inconnu</barriere> <compteOuvert>Inconnu</compteOuvert> <carte>Inconnu</carte> <blacklist>false</blacklist> <Point> <coordinates>1.626382,47.95033,0</coordinates> </Point> </Placemark> <Placemark> <id>791</id> <name>Decheterie Malesherbes</name> <description>Route de Sermaises 45330 MALESHERBES</description> <horaires>lundi, jeudi, samedi: 8h30-12h 13h30-17h mercredi:13h30-17h</horaires> <type>PARTIC</type> <barriere>Inconnu</barriere> <compteOuvert>Inconnu</compteOuvert> <carte>Inconnu</carte> <blacklist>false</blacklist> <Point> <coordinates>2.376574,48.295534,0</coordinates> </Point> </Placemark> <Placemark> <id>792</id> <name>Decheterie Lorris</name> <description>ZA du Petit Limentin 45260 LORRIS</description> <horaires>mardi, mercredi, vendredi, samedi: 9h30-12h30, 13h-17h jeudi: 13h-17h</horaires> <type>PARTIC</type> <barriere>Inconnu</barriere> <compteOuvert>Inconnu</compteOuvert> <carte>Inconnu</carte> <blacklist>false</blacklist> <Point> <coordinates>2.533166,47.881481,0</coordinates> </Point> </Placemark> <Placemark> <id>793</id> <name>Decheterie Ménestreau-en-Villette</name> <description>Rue des Falourdes 45240 Ménestreau-en-Villette</description> <horaires>du 16/10 au 15/04 : lundi : 14h-17h samedi : 8h30-12h du 16/04 au 15/10 : lundi, mercredi : 14h-17h samedi : 8h30-12h</horaires> <type>PARTIC</type> <barriere>Inconnu</barriere> <compteOuvert>Inconnu</compteOuvert> <carte>Inconnu</carte> <blacklist>false</blacklist> <Point> <coordinates>2.024438,47.702935,0</coordinates> </Point> </Placemark> <Placemark> <id>794</id> <name>Decheterie Meung-sur-Loire</name> <description>ZI Les Sablons 45130 MEUNG-SUR-LOIRE</description> <horaires>lundi, vendredi: 14h-17h mercredi:9h-12h samedi:9h-12h 14h-17h dimanche:9h-12h Fermeture à18h du 01/04 au 31/10</horaires> <type>PARTIC</type> <barriere>Inconnu</barriere> <compteOuvert>Inconnu</compteOuvert> <carte>Inconnu</carte> <blacklist>false</blacklist> <Point> <coordinates>1.713728,47.841866,0</coordinates> </Point> </Placemark> <Placemark> <id>795</id> <name>Decheterie Nogent-sur-Vernisson</name> <description>Chemin de l'Orgère 52800 NOGENT</description> <horaires>Lundi, Mercredi, Jeudi, Vendredi, Samedi, Dimanche Du 01/11 au 28/02 : lundi,mercredi, jeudi : 10h-12h/15h-17h vendredi : 10h-12h/14h-17h , samedi : 9h-13h/14h-17h dimanche : 9h-12h Du 01/03 au 31/10 :lundi, mercredi, jeudi, vendredi : 9h-12h/14h-18h samedi : 9h-13h/14h-18h, dimanche : 9h-12h</horaires> <type>PARTIC</type> <barriere>Inconnu</barriere> <compteOuvert>Inconnu</compteOuvert> <carte>Inconnu</carte> <blacklist>false</blacklist> <Point> <coordinates>2.736629,47.85295,0</coordinates> </Point> </Placemark> <Placemark> <id>796</id> <name>Decheterie Patay</name> <description>Route de Chartres 45310 PATAY</description> <horaires>du 01/05 au 31/10 : lundi, samedi : 9h-12h 14h-17h jeudi : 13h-17h du 01/11 au 30/04 : lundi : 9h-12h 14h-18h30 jeudi : 13h-18h30 vendredi : 14h-18h30 samedi : 9h-12h 14h-17h</horaires> <type>PARTIC</type> <barriere>Inconnu</barriere> <compteOuvert>Inconnu</compteOuvert> <carte>Inconnu</carte> <blacklist>false</blacklist> <Point> <coordinates>1.688622,48.053428,0</coordinates> </Point> </Placemark> <Placemark> <id>797</id> <name>Decheterie Poilly-lez-Gien</name> <description>Les Gâtines 45500 GIEN</description> <horaires>lundi au vendredi : 9h-12h 14h-18h samedi : 9h12h30 13h30-17h</horaires> <type>PARTIC</type> <barriere>Inconnu</barriere> <compteOuvert>Inconnu</compteOuvert> <carte>Inconnu</carte> <blacklist>false</blacklist> <Point> <coordinates>2.611796,47.664859,0</coordinates> </Point> </Placemark> <Placemark> <id>798</id> <name>Decheterie Quiers-sur-Bézonde</name> <description>Route Montliard 45270 Quiers-sur-Bézonde</description> <horaires>Du lundi au Vendredi 13h30-18h30</horaires> <type>PARTIC</type> <barriere>Inconnu</barriere> <compteOuvert>Inconnu</compteOuvert> <carte>Inconnu</carte> <blacklist>false</blacklist> <Point> <coordinates>2.434438,48.007162,0</coordinates> </Point> </Placemark> <Placemark> <id>799</id> <name>Decheterie Saint-Aignan-des-Gués</name> <description>Route de la forêt 32290 Aignan</description> <horaires>Lundi, Mercredi, Jeudi, Vendredi, Samedi Tous les jours de 9h30-12h30</horaires> <type>PARTIC</type> <barriere>Inconnu</barriere> <compteOuvert>Inconnu</compteOuvert> <carte>Inconnu</carte> <blacklist>false</blacklist> <Point> <coordinates>2.346196,47.842922,0</coordinates> </Point> </Placemark> <Placemark> <id>800</id> <name>Decheterie Saint-Cyr-en-Val</name> <description>Les landes de lascaux 87310 Saint-Cyr</description> <horaires>Lundi, Mercredi, Vendredi, Samedi 14h-18h</horaires> <type>PARTIC</type> <barriere>Inconnu</barriere> <compteOuvert>Inconnu</compteOuvert> <carte>Inconnu</carte> <blacklist>false</blacklist> <Point> <coordinates>1.944719,47.845316,0</coordinates> </Point> </Placemark> <Placemark> <id>801</id> <name>Decheterie Saran</name> <description>Rue Marcel Paul 45770 SARAN</description> <horaires>lundi : 14h-18h mardi, mercredi, jeudi, vendredi, samedi : 10h-12h 14h-18h dimanche : 10h-13h</horaires> <type>PARTIC</type> <barriere>Inconnu</barriere> <compteOuvert>Inconnu</compteOuvert> <carte>Inconnu</carte> <blacklist>false</blacklist> <Point> <coordinates>1.907019,47.947951,0</coordinates> </Point> </Placemark> <Placemark> <id>802</id> <name>Decheterie Sully-sur-Loire</name> <description>Chemin de Pisseloup 45600 SULLY-SUR-LOIRE</description> <horaires>mardi, mercredi, vendredi, samedi : 9h30-12h30, 13h-17h jeudi : 13h-17h</horaires> <type>PARTIC</type> <barriere>Inconnu</barriere> <compteOuvert>Inconnu</compteOuvert> <carte>Inconnu</carte> <blacklist>false</blacklist> <Point> <coordinates>2.368534,47.746795,0</coordinates> </Point> </Placemark> <Placemark> <id>803</id> <name>Decheterie Tigy</name> <description>Lieu dit des 'Graverots' en direction de la chapelle st quillain 70700 GY</description> <horaires>lundi : 9h-12h/14h-17h mercredi : 14h-18h vendredi : 14h-17h samedi : 9h-12h/14h-18h</horaires> <type>PARTIC</type> <barriere>Inconnu</barriere> <compteOuvert>Inconnu</compteOuvert> <carte>Inconnu</carte> <blacklist>false</blacklist> <Point> <coordinates>2.204402,47.789332,0</coordinates> </Point> </Placemark> <Placemark> <id>804</id> <name>Decheterie Villorceau</name> <description>Sortie de Beaugency sur la Rd919 45190 Villorceau</description> <horaires>Hiver (du 01/11 au 31/03) : Lundi, Mardi, Mercredi et Samedi : 9h-12h et 14h-17h | Vendredi: 14h-17h | Eté (du 01/04 au 31/10) : Lundi, Mardi, et Samedi : 9h-12h et 14h-17h | Mercredi : 9h-12h et 14h-18h | Vendredi: 14h-17h</horaires> <type>PARTIC</type> <barriere>Inconnu</barriere> <compteOuvert>Inconnu</compteOuvert> <carte>Inconnu</carte> <blacklist>false</blacklist> <Point> <coordinates>1.609527,47.788192,0</coordinates> </Point> </Placemark> <Placemark> <id>805</id> <name>Decheterie Allonnes</name> <description>Chemin des Arthuis 49650 Allonnes</description> <horaires>Du lundi au Vendredi 13h30-18h30</horaires> <type>PARTIC</type> <barriere>Inconnu</barriere> <compteOuvert>Inconnu</compteOuvert> <carte>Inconnu</carte> <blacklist>false</blacklist> <Point> <coordinates>0.02947,47.294708,0</coordinates> </Point> </Placemark> <Placemark> <id>806</id> <name>Decheterie Saint-Jean-de-Linières</name> <description>le Sauloup 49070 Saint-Jean-de-Linières</description> <horaires>Du lundi au Vendredi 13h30-18h30</horaires> <type>PARTIC</type> <barriere>Inconnu</barriere> <compteOuvert>Inconnu</compteOuvert> <carte>Inconnu</carte> <blacklist>false</blacklist> <Point> <coordinates>-0.685164,47.464833,0</coordinates> </Point> </Placemark> <Placemark> <id>807</id> <name>Decheterie Baugé</name> <description>Route de Montpollin - St Martin d'Arcé 49150 Baugé</description> <horaires>Du lundi au Vendredi 13h30-18h30</horaires> <type>PARTIC</type> <barriere>Inconnu</barriere> <compteOuvert>Inconnu</compteOuvert> <carte>Inconnu</carte> <blacklist>false</blacklist> <Point> <coordinates>-0.098701,47.570666,0</coordinates> </Point> </Placemark> <Placemark> <id>808</id> <name>Decheterie Champtocé-sur-Loire</name> <description>Za le Mille 49123 Champtocé-sur-Loire</description> <horaires>Du lundi au Vendredi 13h30-18h30</horaires> <type>PARTIC</type> <barriere>Inconnu</barriere> <compteOuvert>Inconnu</compteOuvert> <carte>Inconnu</carte> <blacklist>false</blacklist> <Point> <coordinates>-0.864663,47.41635,0</coordinates> </Point> </Placemark> <Placemark> <id>809</id> <name>Decheterie Châteauneuf-sur-Sarthe</name> <description>ZA de Chateauneuf 49330 Châteauneuf-sur-Sarthe</description> <horaires>Du lundi au Vendredi 13h30-18h30</horaires> <type>PARTIC</type> <barriere>Inconnu</barriere> <compteOuvert>Inconnu</compteOuvert> <carte>Inconnu</carte> <blacklist>false</blacklist> <Point> <coordinates>-0.489843,47.691689,0</coordinates> </Point> </Placemark> <Placemark> <id>810</id> <name>Decheterie La Poitevinière</name> <description>Bois Archambaud 49510 La Poitevinière</description> <horaires>Lundi : 9h-12h | Mercredi, vendredi : 15h-17h | Samedi : 9h-12/14h-17h</horaires> <type>PARTIC</type> <barriere>Inconnu</barriere> <compteOuvert>Inconnu</compteOuvert> <carte>Inconnu</carte> <blacklist>false</blacklist> <Point> <coordinates>-0.85901,47.254916,0</coordinates> </Point> </Placemark> <Placemark> <id>811</id> <name>Decheterie Le Longeron</name> <description>Route de St Aubin 49710 Le Longeron</description> <horaires>Du lundi au Vendredi 13h30-18h30</horaires> <type>PARTIC</type> <barriere>Inconnu</barriere> <compteOuvert>Inconnu</compteOuvert> <carte>Inconnu</carte> <blacklist>false</blacklist> <Point> <coordinates>-1.073767,47.014641,0</coordinates> </Point> </Placemark> <Placemark> <id>812</id> <name>Decheterie Montjean-sur-Loire</name> <description>Route de la Gravelle 53320 Montjean</description> <horaires>Lundi, mardi, vendredi:13h30-18h Mercredi, samedi:9h30-12h 13h30-18h</horaires> <type>PARTIC</type> <barriere>Inconnu</barriere> <compteOuvert>Inconnu</compteOuvert> <carte>Inconnu</carte> <blacklist>false</blacklist> <Point> <coordinates>-0.839853,47.372008,0</coordinates> </Point> </Placemark> <Placemark> <id>813</id> <name>Decheterie Noyant</name> <description>Zi - Route de Tours - Moulin Grolleau 49490 Noyant</description> <horaires>Du lundi au Vendredi 13h30-18h30</horaires> <type>PARTIC</type> <barriere>Inconnu</barriere> <compteOuvert>Inconnu</compteOuvert> <carte>Inconnu</carte> <blacklist>false</blacklist> <Point> <coordinates>0.127432,47.517943,0</coordinates> </Point> </Placemark> <Placemark> <id>814</id> <name>Decheterie Nueil-sur-Layon</name> <description>Route de Passavant sur Layon (les Roches) 49560 Nueil-sur-Layon</description> <horaires>Du lundi au Vendredi 13h30-18h30</horaires> <type>PARTIC</type> <barriere>Inconnu</barriere> <compteOuvert>Inconnu</compteOuvert> <carte>Inconnu</carte> <blacklist>false</blacklist> <Point> <coordinates>-0.377145,47.112978,0</coordinates> </Point> </Placemark> <Placemark> <id>815</id> <name>Decheterie Saint-Florent-le-Vieil</name> <description>la Ribotte 49410 Saint-Florent-le-Vieil</description> <horaires>Du lundi au Vendredi 13h30-18h30</horaires> <type>PARTIC</type> <barriere>Inconnu</barriere> <compteOuvert>Inconnu</compteOuvert> <carte>Inconnu</carte> <blacklist>false</blacklist> <Point> <coordinates>-1.018832,47.356086,0</coordinates> </Point> </Placemark> <Placemark> <id>816</id> <name>Decheterie Saint-Georges-sur-Loire</name> <description>le Bouju 49170 Saint-Georges-sur-Loire</description> <horaires>Du lundi au Vendredi 13h30-18h30</horaires> <type>PARTIC</type> <barriere>Inconnu</barriere> <compteOuvert>Inconnu</compteOuvert> <carte>Inconnu</carte> <blacklist>false</blacklist> <Point> <coordinates>-0.746022,47.398317,0</coordinates> </Point> </Placemark> <Placemark> <id>817</id> <name>Decheterie Saint-Paul-du-Bois</name> <description>Près de la Station d'épuration 49310 Saint-Paul-du-Bois</description> <horaires>Du lundi au Vendredi 13h30-18h30</horaires> <type>PARTIC</type> <barriere>Inconnu</barriere> <compteOuvert>Inconnu</compteOuvert> <carte>Inconnu</carte> <blacklist>false</blacklist> <Point> <coordinates>-0.536643,47.079862,0</coordinates> </Point> </Placemark> <Placemark> <id>818</id> <name>Decheterie Saint-Sylvain-d'Anjou</name> <description>Guichard 49480 Saint-Sylvain-d'Anjou</description> <horaires>du 1/11 au 30/05 : | lundi au samedi : 9h-12h 14h-17h | dimanche : 9h-12h | du 1/06 au 31/10 : lundi au samedi : 8h30-12h30 13h30-17h30 | dimanche : 8h30-12h30</horaires> <type>PARTIC</type> <barriere>Inconnu</barriere> <compteOuvert>Inconnu</compteOuvert> <carte>Inconnu</carte> <blacklist>false</blacklist> <Point> <coordinates>-0.480301,47.52429,0</coordinates> </Point> </Placemark> <Placemark> <id>819</id> <name>Decheterie Saumur</name> <description>60, Rue du Tunnel 49400 Saumur</description> <horaires>Du lundi au Vendredi 13h30-18h30</horaires> <type>PARTIC</type> <barriere>Inconnu</barriere> <compteOuvert>Inconnu</compteOuvert> <carte>Inconnu</carte> <blacklist>false</blacklist> <Point> <coordinates>-0.068415,47.242018,0</coordinates> </Point> </Placemark> <Placemark> <id>820</id> <name>Decheterie Saumur</name> <description>Route du Vieux Vivy 49400 Saumur</description> <horaires>Du lundi au Vendredi 13h30-18h30</horaires> <type>PARTIC</type> <barriere>Inconnu</barriere> <compteOuvert>Inconnu</compteOuvert> <carte>Inconnu</carte> <blacklist>false</blacklist> <Point> <coordinates>-0.06894,47.28735,0</coordinates> </Point> </Placemark> <Placemark> <id>821</id> <name>Decheterie Seiches-sur-le-Loir</name> <description>Route de Marce 49140 Seiches-sur-le-Loir</description> <horaires>du 01 03 au 31 10 | (33h hebdo) | lundi, samedi:9h-12h et 14h-18h30 | mardi au vendredi:14h-18h30 | du 01 11 au 28 02 | (30h hebdo) | lundi, samedi:9h-12h et 14h-18h | mardi au vendredi:14h-18h</horaires> <type>PARTIC</type> <barriere>Inconnu</barriere> <compteOuvert>Inconnu</compteOuvert> <carte>Inconnu</carte> <blacklist>false</blacklist> <Point> <coordinates>-0.33219,47.580887,0</coordinates> </Point> </Placemark> <Placemark> <id>822</id> <name>Decheterie Vihiers</name> <description>Lieu Dit la Loge 49310 Vihiers</description> <horaires>lundi mercredi vendredi : 14h-18h | samedi 9h-12h et 14h-18h</horaires> <type>PARTIC</type> <barriere>Inconnu</barriere> <compteOuvert>Inconnu</compteOuvert> <carte>Inconnu</carte> <blacklist>false</blacklist> <Point> <coordinates>-0.517594,47.152394,0</coordinates> </Point> </Placemark> <Placemark> <id>823</id> <name>Decheterie Angers</name> <description>Allée Seuil en Maine 49000 Angers</description> <horaires>du 1/11 au 30/05 : | lundi au samedi : 9h-12h 14h-17h | dimanche : 9h-12h | du 1/06 au 31/10 : lundi au samedi : 8h30-12h30 13h30-17h30 | dimanche : 8h30-12h30</horaires> <type>PARTIC</type> <barriere>Inconnu</barriere> <compteOuvert>Inconnu</compteOuvert> <carte>Inconnu</carte> <blacklist>false</blacklist> <Point> <coordinates>-0.574204,47.458629,0</coordinates> </Point> </Placemark> <Placemark> <id>824</id> <name>Decheterie Angrie</name> <description>Raguin 49440 Angrie</description> <horaires>Du lundi au Vendredi 13h30-18h30</horaires> <type>PARTIC</type> <barriere>Inconnu</barriere> <compteOuvert>Inconnu</compteOuvert> <carte>Inconnu</carte> <blacklist>false</blacklist> <Point> <coordinates>-1.014239,47.560771,0</coordinates> </Point> </Placemark> <Placemark> <id>825</id> <name>Decheterie Durtal</name> <description>Chemin de la Carrière 49430 Durtal</description> <horaires>Du lundi au Vendredi 13h30-18h30</horaires> <type>PARTIC</type> <barriere>Inconnu</barriere> <compteOuvert>Inconnu</compteOuvert> <carte>Inconnu</carte> <blacklist>false</blacklist> <Point> <coordinates>-0.235377,47.663615,0</coordinates> </Point> </Placemark> <Placemark> <id>826</id> <name>Decheterie Chalonnes-sur-Loire</name> <description>le Bignon 49290 Chalonnes-sur-Loire</description> <horaires>Du lundi au Vendredi 13h30-18h30</horaires> <type>PARTIC</type> <barriere>Inconnu</barriere> <compteOuvert>Inconnu</compteOuvert> <carte>Inconnu</carte> <blacklist>false</blacklist> <Point> <coordinates>-0.785054,47.343608,0</coordinates> </Point> </Placemark> <Placemark> <id>827</id> <name>Decheterie Corné</name> <description>le Point du Jour 49250 Corné</description> <horaires>Du lundi au Vendredi 13h30-18h30</horaires> <type>PARTIC</type> <barriere>Inconnu</barriere> <compteOuvert>Inconnu</compteOuvert> <carte>Inconnu</carte> <blacklist>false</blacklist> <Point> <coordinates>-0.319053,47.472652,0</coordinates> </Point> </Placemark> <Placemark> <id>828</id> <name>Decheterie Combrée</name> <description>Za de l'Ombrée 49520 Combrée</description> <horaires>01/11 au 28/02 | lundi:10h-12h 13h30-17h30 | mardi:15h30-17h30, mercredi:13h30-17h30 | vendredi:9h-12h, samedi:9h-12h 14h-17h30 | 01/03 au 31/10 | lundi:10h-12h 14h-18h30 | mardi : 16h30-18h30, mercredi:14h-18h30, vendredi:9h-12h, samedi :9h-12h 14h-18h</horaires> <type>PARTIC</type> <barriere>Inconnu</barriere> <compteOuvert>Inconnu</compteOuvert> <carte>Inconnu</carte> <blacklist>false</blacklist> <Point> <coordinates>-1.024913,47.719146,0</coordinates> </Point> </Placemark> <Placemark> <id>829</id> <name>Decheterie Bouchemaine</name> <description>Zi des Brunelleries 49080 Bouchemaine</description> <horaires>du 1/11 au 30/05 : | lundi au samedi : 9h-12h 14h-17h | dimanche : 9h-12h | du 1/06 au 31/10 : lundi au samedi : 8h30-12h30 13h30-17h30 | dimanche : 8h30-12h30</horaires> <type>PARTIC</type> <barriere>Inconnu</barriere> <compteOuvert>Inconnu</compteOuvert> <carte>Inconnu</carte> <blacklist>false</blacklist> <Point> <coordinates>-0.615546,47.437626,0</coordinates> </Point> </Placemark> <Placemark> <id>830</id> <name>Decheterie Le Fief-Sauvin</name> <description>la Carrière d'Abriard 49600 Le Fief-Sauvin</description> <horaires>lundi, vendredi : 15h-17h | mercredi : 10h-12h | samedi : 10h-12h/15h-17h</horaires> <type>PARTIC</type> <barriere>Inconnu</barriere> <compteOuvert>Inconnu</compteOuvert> <carte>Inconnu</carte> <blacklist>false</blacklist> <Point> <coordinates>-1.039118,47.231609,0</coordinates> </Point> </Placemark> <Placemark> <id>831</id> <name>Decheterie Le Louroux-Béconnais</name> <description>La Courterie 49370 Le Louroux-Béconnais</description> <horaires>Pour les particuliers : | lundi : 15h30-17h | mercredi : 13h30-16h | samedi : 8h-12h et 13h30-16h | Pour les pros : Mercredi et Vendredi : 16h-18h | Samedi : 8h-10h</horaires> <type>PARTIC</type> <barriere>Inconnu</barriere> <compteOuvert>Inconnu</compteOuvert> <carte>Inconnu</carte> <blacklist>false</blacklist> <Point> <coordinates>-0.912033,47.512048,0</coordinates> </Point> </Placemark> <Placemark> <id>832</id> <name>Decheterie Le Puiset-Doré</name> <description>les épinettes 49600 Le Puiset-Doré</description> <horaires>lundi : 10h-12h | mercredi, vendredi : 14h-17h | samedi : 10h-12h/14h-17h</horaires> <type>PARTIC</type> <barriere>Inconnu</barriere> <compteOuvert>Inconnu</compteOuvert> <carte>Inconnu</carte> <blacklist>false</blacklist> <Point> <coordinates>-1.126205,47.250144,0</coordinates> </Point> </Placemark> <Placemark> <id>833</id> <name>Decheterie Montreuil-Bellay</name> <description>les Quints 49260 Montreuil-Bellay</description> <horaires>Du lundi au Vendredi 13h30-18h30</horaires> <type>PARTIC</type> <barriere>Inconnu</barriere> <compteOuvert>Inconnu</compteOuvert> <carte>Inconnu</carte> <blacklist>false</blacklist> <Point> <coordinates>-0.168944,47.150788,0</coordinates> </Point> </Placemark> <Placemark> <id>834</id> <name>Decheterie Pouancé</name> <description>Zi de la Pidaie 49420 Pouancé </description> <horaires>01/11 au 28/02 | lundi:10h-12h 13h30-17h30 | mercredi,vendredi:13h30-17h30 | jeudi :15h30-17h30, samedi :9h-12h 14h-17h30 | 01/03 au 31/10 | lundi:10h-12h 14h-18h30 | mercredi,vendredi:14h-18h30, jeudi : 16h30-18h30 | samedi:9h-12h 14h-18h</horaires> <type>PARTIC</type> <barriere>Inconnu</barriere> <compteOuvert>Inconnu</compteOuvert> <carte>Inconnu</carte> <blacklist>false</blacklist> <Point> <coordinates>-1.169387,47.747499,0</coordinates> </Point> </Placemark> <Placemark> <id>835</id> <name>Decheterie Rochefort-sur-Loire</name> <description>Za des Loges 49190 Rochefort-sur-Loire</description> <horaires>Du lundi au Vendredi 13h30-18h30</horaires> <type>PARTIC</type> <barriere>Inconnu</barriere> <compteOuvert>Inconnu</compteOuvert> <carte>Inconnu</carte> <blacklist>false</blacklist> <Point> <coordinates>-0.632385,47.365505,0</coordinates> </Point> </Placemark> <Placemark> <id>836</id> <name>Decheterie Saint-Macaire-en-Mauges</name> <description>Route d'Asfeld 08190 AIRE</description> <horaires></horaires> <type>PARTIC</type> <barriere>Inconnu</barriere> <compteOuvert>Inconnu</compteOuvert> <carte>Inconnu</carte> <blacklist>false</blacklist> <Point> <coordinates>-1.019677,47.115678,0</coordinates> </Point> </Placemark> <Placemark> <id>837</id> <name>Decheterie Saint-Pierre-Montlimart</name> <description>Rue des Mines 59171 ERRE</description> <horaires>Eté (01/03 au 28/02) : Lundi au samedi : 9 h-12h / 13h-19h dimanche: 9h-12h Hiver (01/11 au 28/02) : Lundi au samedi : 9 h-12h / 13h-17h dimanche: 9h-12h</horaires> <type>PARTIC</type> <barriere>Inconnu</barriere> <compteOuvert>Inconnu</compteOuvert> <carte>Inconnu</carte> <blacklist>false</blacklist> <Point> <coordinates>-1.030734,47.281051,0</coordinates> </Point> </Placemark> <Placemark> <id>838</id> <name>Decheterie Bourgneuf-en-Mauges</name> <description>la Boiverie 49290 Bourgneuf-en-Mauges</description> <horaires>Du lundi au Vendredi 13h30-18h30</horaires> <type>PARTIC</type> <barriere>Inconnu</barriere> <compteOuvert>Inconnu</compteOuvert> <carte>Inconnu</carte> <blacklist>false</blacklist> <Point> <coordinates>-0.872116,47.302725,0</coordinates> </Point> </Placemark> <Placemark> <id>839</id> <name>Decheterie Saint-Laurent-des-Autels</name> <description>le Pâtis 49270 Saint-Laurent-des-Autels</description> <horaires>Du lundi au Vendredi 13h30-18h30</horaires> <type>PARTIC</type> <barriere>Inconnu</barriere> <compteOuvert>Inconnu</compteOuvert> <carte>Inconnu</carte> <blacklist>false</blacklist> <Point> <coordinates>-1.181184,47.287038,0</coordinates> </Point> </Placemark> <Placemark> <id>840</id> <name>Decheterie Sainte-Gemmes-d'Andigné</name> <description>LIEU-DIT "L'EBEAUPINIERE 49500 Sainte-Gemmes-d'Andigné</description> <horaires>de novembre à mars | Lundi, samedi : 9h-12h30/13h30-17h | mercredi, jeudi, vendredi : 13h30/17h | d'avril à octobre | lundi, mercredi, samedi : 9h-12h30/13h30-18h30 | jeudi, vendredi : 13h30-18h30</horaires> <type>PARTIC</type> <barriere>Inconnu</barriere> <compteOuvert>Inconnu</compteOuvert> <carte>Inconnu</carte> <blacklist>false</blacklist> <Point> <coordinates>-0.896572,47.687199,0</coordinates> </Point> </Placemark> <Placemark> <id>841</id> <name>Decheterie Maulévrier</name> <description>Route de Saint Aubin 49360 Maulévrier</description> <horaires>Du lundi au Vendredi 13h30-18h30</horaires> <type>PARTIC</type> <barriere>Inconnu</barriere> <compteOuvert>Inconnu</compteOuvert> <carte>Inconnu</carte> <blacklist>false</blacklist> <Point> <coordinates>-0.741728,47.000346,0</coordinates> </Point> </Placemark> <Placemark> <id>842</id> <name>Decheterie Doué-la-Fontaine</name> <description>Zi la Saulaie 49700 Doué-la-Fontaine</description> <horaires>Du lundi au Vendredi 13h30-18h30</horaires> <type>PARTIC</type> <barriere>Inconnu</barriere> <compteOuvert>Inconnu</compteOuvert> <carte>Inconnu</carte> <blacklist>false</blacklist> <Point> <coordinates>-0.243521,47.181507,0</coordinates> </Point> </Placemark> <Placemark> <id>843</id> <name>Decheterie Gennes</name> <description>Route de Doué la Fontaine 49350 Gennes</description> <horaires>Du lundi au Vendredi 13h30-18h30</horaires> <type>PARTIC</type> <barriere>Inconnu</barriere> <compteOuvert>Inconnu</compteOuvert> <carte>Inconnu</carte> <blacklist>false</blacklist> <Point> <coordinates>-0.239159,47.327134,0</coordinates> </Point> </Placemark> <Placemark> <id>844</id> <name>Decheterie Saint-Germain-sur-Moine</name> <description>le Haut Fief 49230 Saint-Germain-sur-Moine</description> <horaires>Du lundi au Vendredi 13h30-18h30</horaires> <type>PARTIC</type> <barriere>Inconnu</barriere> <compteOuvert>Inconnu</compteOuvert> <carte>Inconnu</carte> <blacklist>false</blacklist> <Point> <coordinates>-1.146897,47.106251,0</coordinates> </Point> </Placemark> <Placemark> <id>845</id> <name>Decheterie Melay</name> <description>la Haute Brosse 49120 Melay</description> <horaires>Du lundi au Vendredi 13h30-18h30</horaires> <type>PARTIC</type> <barriere>Inconnu</barriere> <compteOuvert>Inconnu</compteOuvert> <carte>Inconnu</carte> <blacklist>false</blacklist> <Point> <coordinates>-0.712564,47.186021,0</coordinates> </Point> </Placemark> <Placemark> <id>846</id> <name>Decheterie Juigné-sur-Loire</name> <description>Claie Brunette 49610 Juigné-sur-Loire</description> <horaires>du 1/11 au 30/05 : | lundi au samedi : 9h-12h 14h-17h | dimanche : 9h-12h | du 1/06 au 31/10 : lundi au samedi : 8h30-12h30 13h30-17h30 | dimanche : 8h30-12h30</horaires> <type>PARTIC</type> <barriere>Inconnu</barriere> <compteOuvert>Inconnu</compteOuvert> <carte>Inconnu</carte> <blacklist>false</blacklist> <Point> <coordinates>-0.509737,47.403602,0</coordinates> </Point> </Placemark> <Placemark> <id>847</id> <name>Decheterie Saint-Barthélemy-d'Anjou</name> <description>Rue de la Paperie 49124 Saint-Barthélemy-d'Anjou</description> <horaires>du 1/11 au 30/05 : | lundi au samedi : 9h-12h 14h-17h | dimanche : 9h-12h | du 1/06 au 31/10 : lundi au samedi : 8h30-12h30 13h30-17h30 | dimanche : 8h30-12h30</horaires> <type>PARTIC</type> <barriere>Inconnu</barriere> <compteOuvert>Inconnu</compteOuvert> <carte>Inconnu</carte> <blacklist>false</blacklist> <Point> <coordinates>-0.511204,47.463452,0</coordinates> </Point> </Placemark> <Placemark> <id>848</id> <name>Decheterie Gesté</name> <description>Moulin Trèfle 49600 Gesté</description> <horaires>Du lundi au Vendredi 13h30-18h30</horaires> <type>PARTIC</type> <barriere>Inconnu</barriere> <compteOuvert>Inconnu</compteOuvert> <carte>Inconnu</carte> <blacklist>false</blacklist> <Point> <coordinates>-1.107086,47.173765,0</coordinates> </Point> </Placemark> <Placemark> <id>849</id> <name>Decheterie Cerqueux</name> <description>Route Saint-Aubin 49360 Cerqueux</description> <horaires>lundi:11h-12h | samedi:10h30-13h</horaires> <type>PARTIC</type> <barriere>Inconnu</barriere> <compteOuvert>Inconnu</compteOuvert> <carte>Inconnu</carte> <blacklist>false</blacklist> <Point> <coordinates>-0.64051,46.996101,0</coordinates> </Point> </Placemark> <Placemark> <id>850</id> <name>Decheterie Le Lion-d'Angers</name> <description>Zi la Sablonnière 49220 Le Lion-d'Angers</description> <horaires>de novembre à mars | Lundi, samedi : 9h-12h30/13h30-17h | mercredi, jeudi, vendredi : 13h30/17h | d'avril à octobre | lundi, mercredi, samedi : 9h-12h30/13h30-18h30 | jeudi, vendredi : 13h30-18h30</horaires> <type>PARTIC</type> <barriere>Inconnu</barriere> <compteOuvert>Inconnu</compteOuvert> <carte>Inconnu</carte> <blacklist>false</blacklist> <Point> <coordinates>-0.7032,47.639666,0</coordinates> </Point> </Placemark> <Placemark> <id>851</id> <name>Decheterie Montreuil-Juigné</name> <description>Zi Croix Cadeau 49460 Montreuil-Juigné</description> <horaires>du 1/11 au 30/05 : | lundi au samedi : 9h-12h 14h-17h | dimanche : 9h-12h | du 1/06 au 31/10 : lundi au samedi : 8h30-12h30 13h30-17h30 | dimanche : 8h30-12h30</horaires> <type>PARTIC</type> <barriere>Inconnu</barriere> <compteOuvert>Inconnu</compteOuvert> <carte>Inconnu</carte> <blacklist>false</blacklist> <Point> <coordinates>-0.625908,47.533564,0</coordinates> </Point> </Placemark> <Placemark> <id>852</id> <name>Decheterie Tiercé</name> <description>Route de Montreuil 49125 Tiercé</description> <horaires>du 01 03 au 31 10 | (33h hebdo) | lundi, samedi:9h-12h et 14h-18h30 | mardi au vendredi:14h-18h30 | du 01 11 au 28 02 | (30h hebdo) | lundi, samedi:9h-12h et 14h-18h | mardi au vendredi:14h-18h</horaires> <type>PARTIC</type> <barriere>Inconnu</barriere> <compteOuvert>Inconnu</compteOuvert> <carte>Inconnu</carte> <blacklist>false</blacklist> <Point> <coordinates>-0.45019,47.618804,0</coordinates> </Point> </Placemark> <Placemark> <id>853</id> <name>Decheterie Beaufort-en-Vallée</name> <description>rue de l'Etandonne 39190 BEAUFORT</description> <horaires>mardi au samedi inclus : 9h-12h</horaires> <type>PARTIC</type> <barriere>Inconnu</barriere> <compteOuvert>Inconnu</compteOuvert> <carte>Inconnu</carte> <blacklist>false</blacklist> <Point> <coordinates>-0.185264,47.466438,0</coordinates> </Point> </Placemark> <Placemark> <id>854</id> <name>Decheterie Avrillé</name> <description>Rue de la Ternière Prolongée 49240 Avrillé</description> <horaires>du 1/11 au 30/05 : | lundi au samedi : 9h-12h 14h-17h | dimanche : 9h-12h | du 1/06 au 31/10 : lundi au samedi : 8h30-12h30 13h30-17h30 | dimanche : 8h30-12h30</horaires> <type>PARTIC</type> <barriere>Inconnu</barriere> <compteOuvert>Inconnu</compteOuvert> <carte>Inconnu</carte> <blacklist>false</blacklist> <Point> <coordinates>-0.597854,47.50112,0</coordinates> </Point> </Placemark> <Placemark> <id>855</id> <name>Decheterie Thouarcé</name> <description>Route de Rablay sur Layon 49380 Thouarcé</description> <horaires>lundi, mardi : 9h-12h | Mercredi, samedi : 9h-12h et 14h-17h | Vendredi : 14h-17h | samedi aprèe-midi réservé aux particuliers</horaires> <type>PARTIC</type> <barriere>Inconnu</barriere> <compteOuvert>Inconnu</compteOuvert> <carte>Inconnu</carte> <blacklist>false</blacklist> <Point> <coordinates>-0.533383,47.277314,0</coordinates> </Point> </Placemark> <Placemark> <id>856</id> <name>Decheterie Cholet</name> <description>Rue d'Alembert 49280 Cholet</description> <horaires>Du lundi au Vendredi 13h30-18h30</horaires> <type>PARTIC</type> <barriere>Inconnu</barriere> <compteOuvert>Inconnu</compteOuvert> <carte>Inconnu</carte> <blacklist>false</blacklist> <Point> <coordinates>-0.91991,47.045117,0</coordinates> </Point> </Placemark> <Placemark> <id>857</id> <name>Decheterie Cholet</name> <description>Rue de la Blanchardière 49280 Cholet</description> <horaires>Du lundi au Vendredi 13h30-18h30</horaires> <type>PARTIC</type> <barriere>Inconnu</barriere> <compteOuvert>Inconnu</compteOuvert> <carte>Inconnu</carte> <blacklist>false</blacklist> <Point> <coordinates>-0.844118,47.068654,0</coordinates> </Point> </Placemark> <Placemark> <id>858</id> <name>Decheterie Valanjou</name> <description>la Croix de Bault 49670 Valanjou</description> <horaires>Lundi, mercredi, samedi : 9h-12h | vendredi : 14h-17h</horaires> <type>PARTIC</type> <barriere>Inconnu</barriere> <compteOuvert>Inconnu</compteOuvert> <carte>Inconnu</carte> <blacklist>false</blacklist> <Point> <coordinates>-0.597201,47.205402,0</coordinates> </Point> </Placemark> <Placemark> <id>859</id> <name>Decheterie Longué-Jumelles</name> <description>Bois de garennes 79500 MELLE</description> <horaires></horaires> <type>PARTIC</type> <barriere>Inconnu</barriere> <compteOuvert>Inconnu</compteOuvert> <carte>Inconnu</carte> <blacklist>false</blacklist> <Point> <coordinates>-0.090923,47.368912,0</coordinates> </Point> </Placemark> <Placemark> <id>860</id> <name>Decheterie Tigné</name> <description>Route de Martigné Briand 49540 Tigné</description> <horaires>lundi, mercredi : 9h-12h | samedi: 9h-12h et 14h-17h</horaires> <type>PARTIC</type> <barriere>Inconnu</barriere> <compteOuvert>Inconnu</compteOuvert> <carte>Inconnu</carte> <blacklist>false</blacklist> <Point> <coordinates>-0.436128,47.205994,0</coordinates> </Point> </Placemark> <Placemark> <id>861</id> <name>Decheterie Chazé-sur-Argos</name> <description>la Lande Noaillon 49500 Chazé-sur-Argos</description> <horaires>Du lundi au Vendredi 13h30-18h30</horaires> <type>PARTIC</type> <barriere>Inconnu</barriere> <compteOuvert>Inconnu</compteOuvert> <carte>Inconnu</carte> <blacklist>false</blacklist> <Point> <coordinates>-0.908562,47.603259,0</coordinates> </Point> </Placemark> <Placemark> <id>862</id> <name>Decheterie Beaupréau</name> <description>Zi Dyna Ouest 49600 Beaupréau</description> <horaires>Du lundi au Vendredi 13h30-18h30</horaires> <type>PARTIC</type> <barriere>Inconnu</barriere> <compteOuvert>Inconnu</compteOuvert> <carte>Inconnu</carte> <blacklist>false</blacklist> <Point> <coordinates>-0.999673,47.213626,0</coordinates> </Point> </Placemark> <Placemark> <id>863</id> <name>Decheterie Coron</name> <description>La Groux 49690 Coron</description> <horaires>Du lundi au Vendredi 13h30-18h30</horaires> <type>PARTIC</type> <barriere>Inconnu</barriere> <compteOuvert>Inconnu</compteOuvert> <carte>Inconnu</carte> <blacklist>false</blacklist> <Point> <coordinates>-0.643358,47.139352,0</coordinates> </Point> </Placemark> <Placemark> <id>864</id> <name>Decheterie La Jumellière</name> <description>Rue de la Rogerie 49120 La Jumellière</description> <horaires>Lundi, mercredi, samedi :14h-17h | vendredi : 9h-12h</horaires> <type>PARTIC</type> <barriere>Inconnu</barriere> <compteOuvert>Inconnu</compteOuvert> <carte>Inconnu</carte> <blacklist>false</blacklist> <Point> <coordinates>-0.730137,47.276941,0</coordinates> </Point> </Placemark> <Placemark> <id>865</id> <name>Decheterie Carentan</name> <description>les Rouges Terres 50500 Carentan</description> <horaires>Du lundi au Vendredi 13h30-18h30</horaires> <type>PARTIC</type> <barriere>Inconnu</barriere> <compteOuvert>Inconnu</compteOuvert> <carte>Inconnu</carte> <blacklist>false</blacklist> <Point> <coordinates>-1.278289,49.274202,0</coordinates> </Point> </Placemark> <Placemark> <id>866</id> <name>Decheterie Granville</name> <description>Mallouet 50400 Granville</description> <horaires>Du lundi au Vendredi 13h30-18h30</horaires> <type>PARTIC</type> <barriere>Inconnu</barriere> <compteOuvert>Inconnu</compteOuvert> <carte>Inconnu</carte> <blacklist>false</blacklist> <Point> <coordinates>-1.550358,48.824952,0</coordinates> </Point> </Placemark> <Placemark> <id>867</id> <name>Decheterie Moitiers-d'Allonne</name> <description>le Bosquet 50270 Moitiers-d'Allonne</description> <horaires>Du lundi au Vendredi 13h30-18h30</horaires> <type>PARTIC</type> <barriere>Inconnu</barriere> <compteOuvert>Inconnu</compteOuvert> <carte>Inconnu</carte> <blacklist>false</blacklist> <Point> <coordinates>-1.743842,49.403082,0</coordinates> </Point> </Placemark> <Placemark> <id>868</id> <name>Decheterie Pont-Hébert</name> <description>Chemin de la Tille 21130 PONT</description> <horaires>Horaire d'ete (01/04 au 30/09) Horaire d'hiver (01/10 au 31/03) fermeture à 16H45 : MARDI 8h30-11h45 MERCREDI 14h-17h45 JEUDI 14h-17h45 VENDREDI 8h30-11h45 SAMEDI 8h30-11h45.</horaires> <type>PARTIC</type> <barriere>Inconnu</barriere> <compteOuvert>Inconnu</compteOuvert> <carte>Inconnu</carte> <blacklist>false</blacklist> <Point> <coordinates>-1.122848,49.170134,0</coordinates> </Point> </Placemark> <Placemark> <id>869</id> <name>Decheterie Saint-Hilaire-du-Harcouët</name> <description>Z.I. Le Plô 11250 SAINT-HILAIRE</description> <horaires></horaires> <type>PARTIC</type> <barriere>Inconnu</barriere> <compteOuvert>Inconnu</compteOuvert> <carte>Inconnu</carte> <blacklist>false</blacklist> <Point> <coordinates>-1.107341,48.575425,0</coordinates> </Point> </Placemark> <Placemark> <id>870</id> <name>Decheterie Saint-James</name> <description>Route de Fougères 50240 Saint-James</description> <horaires>Du lundi au Vendredi 13h30-18h30</horaires> <type>PARTIC</type> <barriere>Inconnu</barriere> <compteOuvert>Inconnu</compteOuvert> <carte>Inconnu</carte> <blacklist>false</blacklist> <Point> <coordinates>-1.319122,48.511997,0</coordinates> </Point> </Placemark> <Placemark> <id>871</id> <name>Decheterie Sainte-Cécile</name> <description>Chemin du Moulin 50800 Sainte-Cécile</description> <horaires>jeudi : 14h-18h | samedi : 9h-12h et 14h-18h</horaires> <type>PARTIC</type> <barriere>Inconnu</barriere> <compteOuvert>Inconnu</compteOuvert> <carte>Inconnu</carte> <blacklist>false</blacklist> <Point> <coordinates>-1.193445,48.83084,0</coordinates> </Point> </Placemark> <Placemark> <id>872</id> <name>Decheterie Valognes</name> <description>la Fosse Premesnil 50700 Valognes</description> <horaires>Du lundi au Vendredi 13h30-18h30</horaires> <type>PARTIC</type> <barriere>Inconnu</barriere> <compteOuvert>Inconnu</compteOuvert> <carte>Inconnu</carte> <blacklist>false</blacklist> <Point> <coordinates>-1.505254,49.51688,0</coordinates> </Point> </Placemark> <Placemark> <id>873</id> <name>Decheterie Varouville</name> <description>Hameau les Renoufs 50330 Varouville</description> <horaires>Du lundi au Vendredi 13h30-18h30</horaires> <type>PARTIC</type> <barriere>Inconnu</barriere> <compteOuvert>Inconnu</compteOuvert> <carte>Inconnu</carte> <blacklist>false</blacklist> <Point> <coordinates>-1.386628,49.663928,0</coordinates> </Point> </Placemark> <Placemark> <id>874</id> <name>Decheterie Condé-sur-Vire</name> <description>Lieu dit Canvie 14500 Vire</description> <horaires>Les lundis, mardis, jeudis, vendredis, samedis : De 8h30 à 12h00 et de 14h00 à 18h00 Le mercredi : De 14h00 à 18h00 Attention : entrée du dernier véhicule 10 minutes avant la fermeture ! Fermée les dimanches et jours fériés.</horaires> <type>PARTIC</type> <barriere>Inconnu</barriere> <compteOuvert>Inconnu</compteOuvert> <carte>Inconnu</carte> <blacklist>false</blacklist> <Point> <coordinates>-0.998198,49.063576,0</coordinates> </Point> </Placemark> <Placemark> <id>875</id> <name>Decheterie Carquebut</name> <description>Rue de la Libération 50480 Carquebut</description> <horaires>Du lundi au Vendredi 13h30-18h30</horaires> <type>PARTIC</type> <barriere>Inconnu</barriere> <compteOuvert>Inconnu</compteOuvert> <carte>Inconnu</carte> <blacklist>false</blacklist> <Point> <coordinates>-1.324489,49.383086,0</coordinates> </Point> </Placemark> <Placemark> <id>876</id> <name>Decheterie Cherbourg-Octeville</name> <description>11 Chemin du Fort Neuf 50100 Cherbourg-Octeville</description> <horaires>Du lundi au Vendredi 13h30-18h30</horaires> <type>PARTIC</type> <barriere>Inconnu</barriere> <compteOuvert>Inconnu</compteOuvert> <carte>Inconnu</carte> <blacklist>false</blacklist> <Point> <coordinates>-1.660174,49.622759,0</coordinates> </Point> </Placemark> <Placemark> <id>877</id> <name>Decheterie Bricquebec</name> <description>les Chasses Crochues 50260 Bricquebec</description> <horaires>Du lundi au Vendredi 13h30-18h30</horaires> <type>PARTIC</type> <barriere>Inconnu</barriere> <compteOuvert>Inconnu</compteOuvert> <carte>Inconnu</carte> <blacklist>false</blacklist> <Point> <coordinates>-1.621518,49.486921,0</coordinates> </Point> </Placemark> <Placemark> <id>878</id> <name>Decheterie Anneville-en-Saire</name> <description>Route d'Asfeld 08190 AIRE</description> <horaires></horaires> <type>PARTIC</type> <barriere>Inconnu</barriere> <compteOuvert>Inconnu</compteOuvert> <carte>Inconnu</carte> <blacklist>false</blacklist> <Point> <coordinates>-1.288609,49.628533,0</coordinates> </Point> </Placemark> <Placemark> <id>879</id> <name>Decheterie Le Dézert</name> <description>Rd8 Carrefour le Flaurion 50620 Le Dézert</description> <horaires>Du lundi au Vendredi 13h30-18h30</horaires> <type>PARTIC</type> <barriere>Inconnu</barriere> <compteOuvert>Inconnu</compteOuvert> <carte>Inconnu</carte> <blacklist>false</blacklist> <Point> <coordinates>-1.144332,49.214298,0</coordinates> </Point> </Placemark> <Placemark> <id>880</id> <name>Decheterie Montviron</name> <description>Ancienne Gare de Montviron 50530 Montviron</description> <horaires>Du lundi au Vendredi 13h30-18h30</horaires> <type>PARTIC</type> <barriere>Inconnu</barriere> <compteOuvert>Inconnu</compteOuvert> <carte>Inconnu</carte> <blacklist>false</blacklist> <Point> <coordinates>-1.421804,48.742104,0</coordinates> </Point> </Placemark> <Placemark> <id>881</id> <name>Decheterie Mortain</name> <description>Zone de la Corbinière 50140 Mortain</description> <horaires>Du lundi au Vendredi 13h30-18h30</horaires> <type>PARTIC</type> <barriere>Inconnu</barriere> <compteOuvert>Inconnu</compteOuvert> <carte>Inconnu</carte> <blacklist>false</blacklist> <Point> <coordinates>-0.946793,48.6364,0</coordinates> </Point> </Placemark> <Placemark> <id>882</id> <name>Decheterie Pontorson</name> <description>Chemin de la Tille 21130 PONT</description> <horaires>Horaire d'ete (01/04 au 30/09) Horaire d'hiver (01/10 au 31/03) fermeture à 16H45 : MARDI 8h30-11h45 MERCREDI 14h-17h45 JEUDI 14h-17h45 VENDREDI 8h30-11h45 SAMEDI 8h30-11h45.</horaires> <type>PARTIC</type> <barriere>Inconnu</barriere> <compteOuvert>Inconnu</compteOuvert> <carte>Inconnu</carte> <blacklist>false</blacklist> <Point> <coordinates>-1.492101,48.559306,0</coordinates> </Point> </Placemark> <Placemark> <id>883</id> <name>Decheterie Portbail</name> <description>Route de Bricquebec 50580 Portbail</description> <horaires>Du lundi au Vendredi 13h30-18h30</horaires> <type>PARTIC</type> <barriere>Inconnu</barriere> <compteOuvert>Inconnu</compteOuvert> <carte>Inconnu</carte> <blacklist>false</blacklist> <Point> <coordinates>-1.698187,49.35092,0</coordinates> </Point> </Placemark> <Placemark> <id>884</id> <name>Decheterie Saint-Clair-sur-l'Elle</name> <description>Route de Vâtre 86330 SAINT-CLAIR</description> <horaires></horaires> <type>PARTIC</type> <barriere>Inconnu</barriere> <compteOuvert>Inconnu</compteOuvert> <carte>Inconnu</carte> <blacklist>false</blacklist> <Point> <coordinates>-1.043962,49.189147,0</coordinates> </Point> </Placemark> <Placemark> <id>885</id> <name>Decheterie Saint-Jean-de-la-Haize</name> <description>les Petites Planches 50300 Saint-Jean-de-la-Haize</description> <horaires>Du lundi au Vendredi 13h30-18h30</horaires> <type>PARTIC</type> <barriere>Inconnu</barriere> <compteOuvert>Inconnu</compteOuvert> <carte>Inconnu</carte> <blacklist>false</blacklist> <Point> <coordinates>-1.370039,48.701538,0</coordinates> </Point> </Placemark> <Placemark> <id>886</id> <name>Decheterie Saint-Lô</name> <description>606, Rue du Petit Candol 50000 Saint-Lô</description> <horaires>Du lundi au Vendredi 13h30-18h30</horaires> <type>PARTIC</type> <barriere>Inconnu</barriere> <compteOuvert>Inconnu</compteOuvert> <carte>Inconnu</carte> <blacklist>false</blacklist> <Point> <coordinates>-1.113704,49.097333,0</coordinates> </Point> </Placemark> <Placemark> <id>887</id> <name>Decheterie Tourlaville</name> <description>le Becquet de Haut 50110 Tourlaville</description> <horaires>Du lundi au Vendredi 13h30-18h30</horaires> <type>PARTIC</type> <barriere>Inconnu</barriere> <compteOuvert>Inconnu</compteOuvert> <carte>Inconnu</carte> <blacklist>false</blacklist> <Point> <coordinates>-1.561016,49.647675,0</coordinates> </Point> </Placemark> <Placemark> <id>888</id> <name>Decheterie Villedieu-les-Poêles</name> <description>le Cacquevel 50800 Villedieu-les-Poêles</description> <horaires>Du lundi au Vendredi 13h30-18h30</horaires> <type>PARTIC</type> <barriere>Inconnu</barriere> <compteOuvert>Inconnu</compteOuvert> <carte>Inconnu</carte> <blacklist>false</blacklist> <Point> <coordinates>-1.217547,48.852717,0</coordinates> </Point> </Placemark> <Placemark> <id>889</id> <name>Decheterie Gavray</name> <description>Lieu Dit la Provostière 50450 Gavray</description> <horaires>Du lundi au Vendredi 13h30-18h30</horaires> <type>PARTIC</type> <barriere>Inconnu</barriere> <compteOuvert>Inconnu</compteOuvert> <carte>Inconnu</carte> <blacklist>false</blacklist> <Point> <coordinates>-1.291512,48.907111,0</coordinates> </Point> </Placemark> <Placemark> <id>890</id> <name>Decheterie Brécey</name> <description>Terrain Communal des Merisiers 50670 Brécey</description> <horaires>Du lundi au Vendredi 13h30-18h30</horaires> <type>PARTIC</type> <barriere>Inconnu</barriere> <compteOuvert>Inconnu</compteOuvert> <carte>Inconnu</carte> <blacklist>false</blacklist> <Point> <coordinates>-1.162059,48.721821,0</coordinates> </Point> </Placemark> <Placemark> <id>891</id> <name>Decheterie Gréville-Hague</name> <description>Route de Beaumont Hague 50440 Gréville-Hague</description> <horaires>Du lundi au Vendredi 13h30-18h30</horaires> <type>PARTIC</type> <barriere>Inconnu</barriere> <compteOuvert>Inconnu</compteOuvert> <carte>Inconnu</carte> <blacklist>false</blacklist> <Point> <coordinates>-1.822485,49.66012,0</coordinates> </Point> </Placemark> <Placemark> <id>892</id> <name>Decheterie Gratot</name> <description>Lieu Dit la Belle Croix 50200 Gratot</description> <horaires>Du lundi au Vendredi 13h30-18h30</horaires> <type>PARTIC</type> <barriere>Inconnu</barriere> <compteOuvert>Inconnu</compteOuvert> <carte>Inconnu</carte> <blacklist>false</blacklist> <Point> <coordinates>-1.481471,49.057841,0</coordinates> </Point> </Placemark> <Placemark> <id>893</id> <name>Decheterie Ouville</name> <description>Lieu Dit la Butte Fumée 50210 Ouville</description> <horaires>Du lundi au Vendredi 13h30-18h30</horaires> <type>PARTIC</type> <barriere>Inconnu</barriere> <compteOuvert>Inconnu</compteOuvert> <carte>Inconnu</carte> <blacklist>false</blacklist> <Point> <coordinates>-1.361228,49.010866,0</coordinates> </Point> </Placemark> <Placemark> <id>894</id> <name>Decheterie Percy</name> <description>la Bergerie 50410 Percy</description> <horaires>Du lundi au Vendredi 13h30-18h30</horaires> <type>PARTIC</type> <barriere>Inconnu</barriere> <compteOuvert>Inconnu</compteOuvert> <carte>Inconnu</carte> <blacklist>false</blacklist> <Point> <coordinates>-1.168548,48.932175,0</coordinates> </Point> </Placemark> <Placemark> <id>895</id> <name>Decheterie Pieux</name> <description>Zone des Costils 50340 Pieux</description> <horaires>Du lundi au Vendredi 13h30-18h30</horaires> <type>PARTIC</type> <barriere>Inconnu</barriere> <compteOuvert>Inconnu</compteOuvert> <carte>Inconnu</carte> <blacklist>false</blacklist> <Point> <coordinates>-1.793611,49.514499,0</coordinates> </Point> </Placemark> <Placemark> <id>896</id> <name>Decheterie Querqueville</name> <description>Route de Beaumont 50460 Querqueville</description> <horaires>Du lundi au Vendredi 13h30-18h30</horaires> <type>PARTIC</type> <barriere>Inconnu</barriere> <compteOuvert>Inconnu</compteOuvert> <carte>Inconnu</carte> <blacklist>false</blacklist> <Point> <coordinates>-1.702205,49.655455,0</coordinates> </Point> </Placemark> <Placemark> <id>897</id> <name>Decheterie Saint-Martin-de-Bonfossé</name> <description>Lieu Dit Fuyragues 83560 Saint-Martin</description> <horaires>Mardi, Mercredi, Jeudi, Vendredi, Samedi : du 01/11 au 28/02 : 8h-12h du 01/03 au 31/10 : 7h45-12h</horaires> <type>PARTIC</type> <barriere>Inconnu</barriere> <compteOuvert>Inconnu</compteOuvert> <carte>Inconnu</carte> <blacklist>false</blacklist> <Point> <coordinates>-1.173432,49.063286,0</coordinates> </Point> </Placemark> <Placemark> <id>898</id> <name>Decheterie Tessy-sur-Vire</name> <description>Lieu dit Canvie 14500 Vire</description> <horaires>Les lundis, mardis, jeudis, vendredis, samedis : De 8h30 à 12h00 et de 14h00 à 18h00 Le mercredi : De 14h00 à 18h00 Attention : entrée du dernier véhicule 10 minutes avant la fermeture ! Fermée les dimanches et jours fériés.</horaires> <type>PARTIC</type> <barriere>Inconnu</barriere> <compteOuvert>Inconnu</compteOuvert> <carte>Inconnu</carte> <blacklist>false</blacklist> <Point> <coordinates>-1.077544,48.965082,0</coordinates> </Point> </Placemark> <Placemark> <id>899</id> <name>Decheterie Martinvast</name> <description>12 Rue Delauney 50690 Martinvast</description> <horaires>Du lundi au Vendredi 13h30-18h30</horaires> <type>PARTIC</type> <barriere>Inconnu</barriere> <compteOuvert>Inconnu</compteOuvert> <carte>Inconnu</carte> <blacklist>false</blacklist> <Point> <coordinates>-1.661566,49.603584,0</coordinates> </Point> </Placemark> <Placemark> <id>900</id> <name>Decheterie Le Teilleul</name> <description>la Rivière - Cd 36 50640 Le Teilleul</description> <horaires>Du lundi au Vendredi 13h30-18h30</horaires> <type>PARTIC</type> <barriere>Inconnu</barriere> <compteOuvert>Inconnu</compteOuvert> <carte>Inconnu</carte> <blacklist>false</blacklist> <Point> <coordinates>-0.842456,48.579763,0</coordinates> </Point> </Placemark> <Placemark> <id>901</id> <name>Decheterie Isigny-le-Buat</name> <description>la Butte 50540 Isigny-le-Buat</description> <horaires>Du lundi au Vendredi 13h30-18h30</horaires> <type>PARTIC</type> <barriere>Inconnu</barriere> <compteOuvert>Inconnu</compteOuvert> <carte>Inconnu</carte> <blacklist>false</blacklist> <Point> <coordinates>-1.171806,48.627646,0</coordinates> </Point> </Placemark> <Placemark> <id>902</id> <name>Decheterie Créances</name> <description>Créances 50710 Créances</description> <horaires>Du lundi au Vendredi 13h30-18h30</horaires> <type>PARTIC</type> <barriere>Inconnu</barriere> <compteOuvert>Inconnu</compteOuvert> <carte>Inconnu</carte> <blacklist>false</blacklist> <Point> <coordinates>-1.580875,49.20443,0</coordinates> </Point> </Placemark> <Placemark> <id>903</id> <name>Decheterie Le Ham</name> <description>Rue St Pierre 50310 Le Ham</description> <horaires>Du lundi au Vendredi 13h30-18h30</horaires> <type>PARTIC</type> <barriere>Inconnu</barriere> <compteOuvert>Inconnu</compteOuvert> <carte>Inconnu</carte> <blacklist>false</blacklist> <Point> <coordinates>-1.404552,49.460799,0</coordinates> </Point> </Placemark> <Placemark> <id>904</id> <name>Decheterie Périers</name> <description>Route de Carentan 50190 Périers</description> <horaires>Du lundi au Vendredi 13h30-18h30</horaires> <type>PARTIC</type> <barriere>Inconnu</barriere> <compteOuvert>Inconnu</compteOuvert> <carte>Inconnu</carte> <blacklist>false</blacklist> <Point> <coordinates>-1.402607,49.190849,0</coordinates> </Point> </Placemark> <Placemark> <id>905</id> <name>Decheterie Marigny</name> <description>Route de Saint-sauveur Lendelin 50570 Marigny</description> <horaires>Du lundi au Vendredi 13h30-18h30</horaires> <type>PARTIC</type> <barriere>Inconnu</barriere> <compteOuvert>Inconnu</compteOuvert> <carte>Inconnu</carte> <blacklist>false</blacklist> <Point> <coordinates>-1.250048,49.099399,0</coordinates> </Point> </Placemark> <Placemark> <id>906</id> <name>Decheterie Juvigny-le-Tertre</name> <description>Juvigny le Tertre 50520 Juvigny-le-Tertre</description> <horaires>Du lundi au Vendredi 13h30-18h30</horaires> <type>PARTIC</type> <barriere>Inconnu</barriere> <compteOuvert>Inconnu</compteOuvert> <carte>Inconnu</carte> <blacklist>false</blacklist> <Point> <coordinates>-1.027273,48.680093,0</coordinates> </Point> </Placemark> <Placemark> <id>907</id> <name>Decheterie La Haye-du-Puits</name> <description>Zi la Canurie 50250 La Haye-du-Puits</description> <horaires>Du lundi au Vendredi 13h30-18h30</horaires> <type>PARTIC</type> <barriere>Inconnu</barriere> <compteOuvert>Inconnu</compteOuvert> <carte>Inconnu</carte> <blacklist>false</blacklist> <Point> <coordinates>-1.53647,49.297985,0</coordinates> </Point> </Placemark> <Placemark> <id>908</id> <name>Decheterie Bréhal</name> <description>D13 (cerences-bréhal) 50290 Bréhal</description> <horaires>Du lundi au Vendredi 13h30-18h30</horaires> <type>PARTIC</type> <barriere>Inconnu</barriere> <compteOuvert>Inconnu</compteOuvert> <carte>Inconnu</carte> <blacklist>false</blacklist> <Point> <coordinates>-1.494504,48.902678,0</coordinates> </Point> </Placemark> <Placemark> <id>909</id> <name>Decheterie Hyenville</name> <description>Rd 76 50660 Hyenville</description> <horaires>Du lundi au Vendredi 13h30-18h30</horaires> <type>PARTIC</type> <barriere>Inconnu</barriere> <compteOuvert>Inconnu</compteOuvert> <carte>Inconnu</carte> <blacklist>false</blacklist> <Point> <coordinates>-1.489292,48.990639,0</coordinates> </Point> </Placemark> <Placemark> <id>910</id> <name>Decheterie Rauville-la-Place</name> <description>Rauville la Place 50390 Rauville-la-Place</description> <horaires>Du lundi au Vendredi 13h30-18h30</horaires> <type>PARTIC</type> <barriere>Inconnu</barriere> <compteOuvert>Inconnu</compteOuvert> <carte>Inconnu</carte> <blacklist>false</blacklist> <Point> <coordinates>-1.523287,49.393309,0</coordinates> </Point> </Placemark> <Placemark> <id>911</id> <name>Decheterie Saint-Ovin</name> <description>la Paumerie 50300 Saint-Ovin</description> <horaires>Du lundi au Vendredi 13h30-18h30</horaires> <type>PARTIC</type> <barriere>Inconnu</barriere> <compteOuvert>Inconnu</compteOuvert> <carte>Inconnu</carte> <blacklist>false</blacklist> <Point> <coordinates>-1.274684,48.670184,0</coordinates> </Point> </Placemark> <Placemark> <id>912</id> <name>Decheterie Sourdeval</name> <description>Za de l'Yeurseult 50150 Sourdeval</description> <horaires>Du lundi au Vendredi 13h30-18h30</horaires> <type>PARTIC</type> <barriere>Inconnu</barriere> <compteOuvert>Inconnu</compteOuvert> <carte>Inconnu</carte> <blacklist>false</blacklist> <Point> <coordinates>-0.924565,48.727212,0</coordinates> </Point> </Placemark> <Placemark> <id>913</id> <name>Decheterie Aulnay-sur-Marne</name> <description>Déchèterie de Aulnay 51150 Aulnay-sur-Marne</description> <horaires>Du lundi au Vendredi 13h30-18h30</horaires> <type>PARTIC</type> <barriere>Inconnu</barriere> <compteOuvert>Inconnu</compteOuvert> <carte>Inconnu</carte> <blacklist>false</blacklist> <Point> <coordinates>4.21493,49.000896,0</coordinates> </Point> </Placemark> <Placemark> <id>914</id> <name>Decheterie Brimont</name> <description>Départementale 966 51220 Brimont</description> <horaires>Du lundi au Vendredi 13h30-18h30</horaires> <type>PARTIC</type> <barriere>Inconnu</barriere> <compteOuvert>Inconnu</compteOuvert> <carte>Inconnu</carte> <blacklist>false</blacklist> <Point> <coordinates>4.033184,49.347548,0</coordinates> </Point> </Placemark> <Placemark> <id>915</id> <name>Decheterie Châtillon-sur-Marne</name> <description>Route 51700 Châtillon-sur-Marne</description> <horaires>Du lundi au Vendredi 13h30-18h30</horaires> <type>PARTIC</type> <barriere>Inconnu</barriere> <compteOuvert>Inconnu</compteOuvert> <carte>Inconnu</carte> <blacklist>false</blacklist> <Point> <coordinates>3.766139,49.097506,0</coordinates> </Point> </Placemark> <Placemark> <id>916</id> <name>Decheterie Damery</name> <description>Place Lambert 51480 Damery</description> <horaires>Du lundi au Vendredi 13h30-18h30</horaires> <type>PARTIC</type> <barriere>Inconnu</barriere> <compteOuvert>Inconnu</compteOuvert> <carte>Inconnu</carte> <blacklist>false</blacklist> <Point> <coordinates>3.853791,49.074974,0</coordinates> </Point> </Placemark> <Placemark> <id>917</id> <name>Decheterie Juvigny</name> <description>Route des Grandes Loges 51150 Juvigny</description> <horaires>Du lundi au Vendredi 13h30-18h30</horaires> <type>PARTIC</type> <barriere>Inconnu</barriere> <compteOuvert>Inconnu</compteOuvert> <carte>Inconnu</carte> <blacklist>false</blacklist> <Point> <coordinates>4.267351,49.022997,0</coordinates> </Point> </Placemark> <Placemark> <id>918</id> <name>Decheterie Livry-Louvercy</name> <description>Route de Bouy 51400 Livry-Louvercy</description> <horaires>Du lundi au Vendredi 13h30-18h30</horaires> <type>PARTIC</type> <barriere>Inconnu</barriere> <compteOuvert>Inconnu</compteOuvert> <carte>Inconnu</carte> <blacklist>false</blacklist> <Point> <coordinates>4.320786,49.10357,0</coordinates> </Point> </Placemark> <Placemark> <id>919</id> <name>Decheterie Mairy-sur-Marne</name> <description>Déchèterie de Mairy 51240 Mairy-sur-Marne</description> <horaires>Du lundi au Vendredi 13h30-18h30</horaires> <type>PARTIC</type> <barriere>Inconnu</barriere> <compteOuvert>Inconnu</compteOuvert> <carte>Inconnu</carte> <blacklist>false</blacklist> <Point> <coordinates>4.399853,48.88083,0</coordinates> </Point> </Placemark> <Placemark> <id>920</id> <name>Decheterie Montmirail</name> <description>LA BAUSSERIE 72320 MONTMIRAIL</description> <horaires>Lundi, Mercredi, Vendredi, Samedi</horaires> <type>PARTIC</type> <barriere>Inconnu</barriere> <compteOuvert>Inconnu</compteOuvert> <carte>Inconnu</carte> <blacklist>false</blacklist> <Point> <coordinates>3.553597,48.841265,0</coordinates> </Point> </Placemark> <Placemark> <id>921</id> <name>Decheterie Reims</name> <description>Rue de l'Escaut 51100 Reims</description> <horaires>Du lundi au Vendredi 13h30-18h30</horaires> <type>PARTIC</type> <barriere>Inconnu</barriere> <compteOuvert>Inconnu</compteOuvert> <carte>Inconnu</carte> <blacklist>false</blacklist> <Point> <coordinates>4.068529,49.246388,0</coordinates> </Point> </Placemark> <Placemark> <id>922</id> <name>Decheterie Reims</name> <description>Impasse de la Chaufferie 51100 Reims</description> <horaires>Du lundi au Vendredi 13h30-18h30</horaires> <type>PARTIC</type> <barriere>Inconnu</barriere> <compteOuvert>Inconnu</compteOuvert> <carte>Inconnu</carte> <blacklist>false</blacklist> <Point> <coordinates>4.017885,49.220028,0</coordinates> </Point> </Placemark> <Placemark> <id>923</id> <name>Decheterie Saron-sur-Aube</name> <description>route 51260 Saron-sur-Aube</description> <horaires>Lundi : 9h30-12h30 | Jeudi : 16h-19h | Samedi : 15h-19h et jusqu'au 28 juillet : 9h-12h | Dimanche les Semaines impaires 9h30-11h30</horaires> <type>PARTIC</type> <barriere>Inconnu</barriere> <compteOuvert>Inconnu</compteOuvert> <carte>Inconnu</carte> <blacklist>false</blacklist> <Point> <coordinates>3.736903,48.56496,0</coordinates> </Point> </Placemark> <Placemark> <id>924</id> <name>Decheterie Sézanne</name> <description>ZI L'Ormelot 51120 Sézanne</description> <horaires>Lundi : 14h-18h30 | mardi au vendredi : 9h-12h et 13h30-18h30 | Samedi : 9h-12h et 13h30-17h</horaires> <type>PARTIC</type> <barriere>Inconnu</barriere> <compteOuvert>Inconnu</compteOuvert> <carte>Inconnu</carte> <blacklist>false</blacklist> <Point> <coordinates>3.733541,48.712929,0</coordinates> </Point> </Placemark> <Placemark> <id>925</id> <name>Decheterie Valmy</name> <description>Avenue de la Gare 51800 Valmy</description> <horaires>Mardi, Jeudi et Samedi : 14h00 - 18h00 | Mercredi et Vendredi : 9h00 - 12h00</horaires> <type>PARTIC</type> <barriere>Inconnu</barriere> <compteOuvert>Inconnu</compteOuvert> <carte>Inconnu</carte> <blacklist>false</blacklist> <Point> <coordinates>4.796469,49.077775,0</coordinates> </Point> </Placemark> <Placemark> <id>926</id> <name>Decheterie Vatry</name> <description>Vatry 51320 Vatry</description> <horaires>Du lundi au Vendredi 13h30-18h30</horaires> <type>PARTIC</type> <barriere>Inconnu</barriere> <compteOuvert>Inconnu</compteOuvert> <carte>Inconnu</carte> <blacklist>false</blacklist> <Point> <coordinates>4.224331,48.780784,0</coordinates> </Point> </Placemark> <Placemark> <id>927</id> <name>Decheterie Vaudesincourt</name> <description>Lieu dit "la Forêt 51600 Vaudesincourt</description> <horaires>Mardi : 14h00 - 18h00 | Samedi : 9h00 - 12h00</horaires> <type>PARTIC</type> <barriere>Inconnu</barriere> <compteOuvert>Inconnu</compteOuvert> <carte>Inconnu</carte> <blacklist>false</blacklist> <Point> <coordinates>4.409102,49.224359,0</coordinates> </Point> </Placemark> <Placemark> <id>928</id> <name>Decheterie Châlons-en-Champagne</name> <description>Chemin des Grèves 51000 Châlons-en-Champagne</description> <horaires>Du lundi au Vendredi 13h30-18h30</horaires> <type>PARTIC</type> <barriere>Inconnu</barriere> <compteOuvert>Inconnu</compteOuvert> <carte>Inconnu</carte> <blacklist>false</blacklist> <Point> <coordinates>4.342037,48.963407,0</coordinates> </Point> </Placemark> <Placemark> <id>929</id> <name>Decheterie Esternay</name> <description>route 51310 Esternay</description> <horaires>Du lundi au Vendredi 13h30-18h30</horaires> <type>PARTIC</type> <barriere>Inconnu</barriere> <compteOuvert>Inconnu</compteOuvert> <carte>Inconnu</carte> <blacklist>false</blacklist> <Point> <coordinates>3.541956,48.720559,0</coordinates> </Point> </Placemark> <Placemark> <id>930</id> <name>Decheterie Fèrebrianges</name> <description>Rue Courte Soupe 51270 Fèrebrianges</description> <horaires>Du lundi au Vendredi 13h30-18h30</horaires> <type>PARTIC</type> <barriere>Inconnu</barriere> <compteOuvert>Inconnu</compteOuvert> <carte>Inconnu</carte> <blacklist>false</blacklist> <Point> <coordinates>3.836093,48.87429,0</coordinates> </Point> </Placemark> <Placemark> <id>931</id> <name>Decheterie Fismes</name> <description>Rue des trois moulins 51170 Fismes</description> <horaires>Du lundi au Vendredi 13h30-18h30</horaires> <type>PARTIC</type> <barriere>Inconnu</barriere> <compteOuvert>Inconnu</compteOuvert> <carte>Inconnu</carte> <blacklist>false</blacklist> <Point> <coordinates>3.691328,49.310626,0</coordinates> </Point> </Placemark> <Placemark> <id>932</id> <name>Decheterie Huiron</name> <description>Rd 2 51300 Huiron</description> <horaires>Du lundi au Vendredi 13h30-18h30</horaires> <type>PARTIC</type> <barriere>Inconnu</barriere> <compteOuvert>Inconnu</compteOuvert> <carte>Inconnu</carte> <blacklist>false</blacklist> <Point> <coordinates>4.552036,48.703516,0</coordinates> </Point> </Placemark> <Placemark> <id>933</id> <name>Decheterie Mourmelon-le-Grand</name> <description>Rue Marouchwski 51400 Mourmelon-le-Grand</description> <horaires>Du lundi au Vendredi 13h30-18h30</horaires> <type>PARTIC</type> <barriere>Inconnu</barriere> <compteOuvert>Inconnu</compteOuvert> <carte>Inconnu</carte> <blacklist>false</blacklist> <Point> <coordinates>4.367185,49.144818,0</coordinates> </Point> </Placemark> <Placemark> <id>934</id> <name>Decheterie Pargny-sur-Saulx</name> <description>route de Velleminfroy 70240 SAULX</description> <horaires>Lundi, Mercredi, Vendredi, Samedi - du 01/03 au 31/10 : 8h45-12h/14h-18h - du 01/11 au 29/02 : 9h-12h/13h30/16h30</horaires> <type>PARTIC</type> <barriere>Inconnu</barriere> <compteOuvert>Inconnu</compteOuvert> <carte>Inconnu</carte> <blacklist>false</blacklist> <Point> <coordinates>4.842514,48.760128,0</coordinates> </Point> </Placemark> <Placemark> <id>935</id> <name>Decheterie Pogny</name> <description>Déchèterie de Pogny 51240 Pogny</description> <horaires>Du lundi au Vendredi 13h30-18h30</horaires> <type>PARTIC</type> <barriere>Inconnu</barriere> <compteOuvert>Inconnu</compteOuvert> <carte>Inconnu</carte> <blacklist>false</blacklist> <Point> <coordinates>4.480066,48.855444,0</coordinates> </Point> </Placemark> <Placemark> <id>936</id> <name>Decheterie Saint-Hilaire-le-Grand</name> <description>Z.I. Le Plô 11250 SAINT-HILAIRE</description> <horaires></horaires> <type>PARTIC</type> <barriere>Inconnu</barriere> <compteOuvert>Inconnu</compteOuvert> <carte>Inconnu</carte> <blacklist>false</blacklist> <Point> <coordinates>4.459085,49.167184,0</coordinates> </Point> </Placemark> <Placemark> <id>937</id> <name>Decheterie Saint-Jean-sur-Tourbe</name> <description>Rue du Pont 51600 Saint-Jean-sur-Tourbe</description> <horaires>Du lundi au Vendredi 13h30-18h30</horaires> <type>PARTIC</type> <barriere>Inconnu</barriere> <compteOuvert>Inconnu</compteOuvert> <carte>Inconnu</carte> <blacklist>false</blacklist> <Point> <coordinates>4.684961,49.128596,0</coordinates> </Point> </Placemark> <Placemark> <id>938</id> <name>Decheterie Sommepy-Tahure</name> <description>Route de Ste Marie A Py 51600 Sommepy-Tahure</description> <horaires>Du lundi au Vendredi 13h30-18h30</horaires> <type>PARTIC</type> <barriere>Inconnu</barriere> <compteOuvert>Inconnu</compteOuvert> <carte>Inconnu</carte> <blacklist>false</blacklist> <Point> <coordinates>4.549358,49.245758,0</coordinates> </Point> </Placemark> <Placemark> <id>939</id> <name>Decheterie Suippes</name> <description>Chemin de Châlons 51600 Suippes</description> <horaires>Eté (15/04 au 15/10) | Lundi et jeudi : 9h00 - 12h00 | Mercredi et vendredi : 15h00 - 19h00 | Samedi : 9h00 - 12h00 et 14h00 - 18h00 |</horaires> <type>PARTIC</type> <barriere>Inconnu</barriere> <compteOuvert>Inconnu</compteOuvert> <carte>Inconnu</carte> <blacklist>false</blacklist> <Point> <coordinates>4.528483,49.123306,0</coordinates> </Point> </Placemark> <Placemark> <id>940</id> <name>Decheterie Warmeriville</name> <description>Route du Mesnil 51110 Warmeriville</description> <horaires>du 1/10 au 31/03 : | Lundi, Mercredi, Jeudi et Samedi : 13 h à 17 h | Mardi et Vendredi : 9 h à 12 h | du 1/04 au 30/09 : Lundi, Mercredi, Jeudi et Samedi : 14 h à 18 h | Mardi et Vendredi : 9 h à 12 h</horaires> <type>PARTIC</type> <barriere>Inconnu</barriere> <compteOuvert>Inconnu</compteOuvert> <carte>Inconnu</carte> <blacklist>false</blacklist> <Point> <coordinates>4.242398,49.356482,0</coordinates> </Point> </Placemark> <Placemark> <id>941</id> <name>Decheterie Witry-lès-Reims</name> <description>Route de Fresnes les Reims 51420 Witry-lès-Reims</description> <horaires>Lundi, Mercredi et Jeudi : 14 h à 18 h | Mardi : 9 h à 12 h et 14 h à 18 h | Vendredi : 9 h à 12 h et 13 h 30 à 18 h | Samedi : 9 h à 12 h 30 et 13 h à 18 h</horaires> <type>PARTIC</type> <barriere>Inconnu</barriere> <compteOuvert>Inconnu</compteOuvert> <carte>Inconnu</carte> <blacklist>false</blacklist> <Point> <coordinates>4.118027,49.296619,0</coordinates> </Point> </Placemark> <Placemark> <id>942</id> <name>Decheterie Connantre</name> <description>Déchèterie de Connantre 51230 Connantre</description> <horaires>Du lundi au Vendredi 13h30-18h30</horaires> <type>PARTIC</type> <barriere>Inconnu</barriere> <compteOuvert>Inconnu</compteOuvert> <carte>Inconnu</carte> <blacklist>false</blacklist> <Point> <coordinates>3.897095,48.71407,0</coordinates> </Point> </Placemark> <Placemark> <id>943</id> <name>Decheterie Arrigny</name> <description>Rue de Saint Rémy 51290 Arrigny</description> <horaires>Du lundi au Vendredi 13h30-18h30</horaires> <type>PARTIC</type> <barriere>Inconnu</barriere> <compteOuvert>Inconnu</compteOuvert> <carte>Inconnu</carte> <blacklist>false</blacklist> <Point> <coordinates>4.696795,48.62534,0</coordinates> </Point> </Placemark> <Placemark> <id>944</id> <name>Decheterie Mareuil-le-Port</name> <description>Chemin de Maison Rouge 51700 Mareuil-le-Port</description> <horaires>Du lundi au Vendredi 13h30-18h30</horaires> <type>PARTIC</type> <barriere>Inconnu</barriere> <compteOuvert>Inconnu</compteOuvert> <carte>Inconnu</carte> <blacklist>false</blacklist> <Point> <coordinates>3.737852,49.084904,0</coordinates> </Point> </Placemark> <Placemark> <id>945</id> <name>Decheterie Magenta</name> <description>Rue de la Tête à l'Ane 51200 Magenta</description> <horaires>Du lundi au Vendredi 13h30-18h30</horaires> <type>PARTIC</type> <barriere>Inconnu</barriere> <compteOuvert>Inconnu</compteOuvert> <carte>Inconnu</carte> <blacklist>false</blacklist> <Point> <coordinates>3.961185,49.058956,0</coordinates> </Point> </Placemark> <Placemark> <id>946</id> <name>Decheterie Courtisols</name> <description>Rue de Marsen 51460 Courtisols</description> <horaires>Du lundi au Vendredi 13h30-18h30</horaires> <type>PARTIC</type> <barriere>Inconnu</barriere> <compteOuvert>Inconnu</compteOuvert> <carte>Inconnu</carte> <blacklist>false</blacklist> <Point> <coordinates>4.518982,48.982441,0</coordinates> </Point> </Placemark> <Placemark> <id>947</id> <name>Decheterie Cuperly</name> <description>Route de Vadenay 51400 Cuperly</description> <horaires>Du lundi au Vendredi 13h30-18h30</horaires> <type>PARTIC</type> <barriere>Inconnu</barriere> <compteOuvert>Inconnu</compteOuvert> <carte>Inconnu</carte> <blacklist>false</blacklist> <Point> <coordinates>4.421155,49.061503,0</coordinates> </Point> </Placemark> <Placemark> <id>948</id> <name>Decheterie Condé-sur-Marne</name> <description>Route de Tours sur Marne 51150 Condé-sur-Marne</description> <horaires>Du lundi au Vendredi 13h30-18h30</horaires> <type>PARTIC</type> <barriere>Inconnu</barriere> <compteOuvert>Inconnu</compteOuvert> <carte>Inconnu</carte> <blacklist>false</blacklist> <Point> <coordinates>4.176702,49.044784,0</coordinates> </Point> </Placemark> <Placemark> <id>949</id> <name>Decheterie Bussy-le-Château</name> <description>Route de St Remy 51600 Bussy-le-Château</description> <horaires>Du lundi au Vendredi 13h30-18h30</horaires> <type>PARTIC</type> <barriere>Inconnu</barriere> <compteOuvert>Inconnu</compteOuvert> <carte>Inconnu</carte> <blacklist>false</blacklist> <Point> <coordinates>4.546588,49.05889,0</coordinates> </Point> </Placemark> <Placemark> <id>950</id> <name>Decheterie Fère-Champenoise</name> <description>Rue Pierre Curie 51230 Fère-Champenoise</description> <horaires>Du lundi au Vendredi 13h30-18h30</horaires> <type>PARTIC</type> <barriere>Inconnu</barriere> <compteOuvert>Inconnu</compteOuvert> <carte>Inconnu</carte> <blacklist>false</blacklist> <Point> <coordinates>3.98959,48.76346,0</coordinates> </Point> </Placemark> <Placemark> <id>951</id> <name>Decheterie Dizy</name> <description>Rue des Gouttes d'Or 51200 Dizy</description> <horaires>Du lundi au Vendredi 13h30-18h30</horaires> <type>PARTIC</type> <barriere>Inconnu</barriere> <compteOuvert>Inconnu</compteOuvert> <carte>Inconnu</carte> <blacklist>false</blacklist> <Point> <coordinates>3.970912,49.06478,0</coordinates> </Point> </Placemark> <Placemark> <id>952</id> <name>Decheterie Hermonville</name> <description>Route de Reims 51220 Hermonville</description> <horaires>Du lundi au Vendredi 13h30-18h30</horaires> <type>PARTIC</type> <barriere>Inconnu</barriere> <compteOuvert>Inconnu</compteOuvert> <carte>Inconnu</carte> <blacklist>false</blacklist> <Point> <coordinates>3.919725,49.331956,0</coordinates> </Point> </Placemark> <Placemark> <id>953</id> <name>Decheterie Rilly-la-Montagne</name> <description>Chemin du Pérou 44620 LA MONTAGNE</description> <horaires>10h-18h Fermeture les jours fériés</horaires> <type>PARTIC</type> <barriere>Inconnu</barriere> <compteOuvert>Inconnu</compteOuvert> <carte>Inconnu</carte> <blacklist>false</blacklist> <Point> <coordinates>4.047328,49.159676,0</coordinates> </Point> </Placemark> <Placemark> <id>954</id> <name>Decheterie Saint-Brice-Courcelles</name> <description>ZI chemin des marais 51370 Saint-Brice-Courcelles</description> <horaires></horaires> <type>PARTIC</type> <barriere>Inconnu</barriere> <compteOuvert>Inconnu</compteOuvert> <carte>Inconnu</carte> <blacklist>false</blacklist> <Point> <coordinates>3.994101,49.281302,0</coordinates> </Point> </Placemark> <Placemark> <id>955</id> <name>Decheterie Sainte-Menehould</name> <description>Zone Industrielle 51800 Sainte-Menehould</description> <horaires>Lundi, mardi et vendredi : 15h00 - 19h00 | Mercredi : 9h00 - 12h30 et 15h00 - 19h00 | Samedi : 9h00 - 12h30 et 14h00 - 19h00 |</horaires> <type>PARTIC</type> <barriere>Inconnu</barriere> <compteOuvert>Inconnu</compteOuvert> <carte>Inconnu</carte> <blacklist>false</blacklist> <Point> <coordinates>4.906657,49.08519,0</coordinates> </Point> </Placemark> <Placemark> <id>956</id> <name>Decheterie Sillery</name> <description>Route de Chalons en Champagne 51500 Sillery</description> <horaires>Toute l'année : Lundi et Dimanche : 9h-12h | Mardi et Jeudi : 14h-18h | Mercredi, Vendredi et Samedi : 9h-12h et 14h-18h</horaires> <type>PARTIC</type> <barriere>Inconnu</barriere> <compteOuvert>Inconnu</compteOuvert> <carte>Inconnu</carte> <blacklist>false</blacklist> <Point> <coordinates>4.146564,49.192496,0</coordinates> </Point> </Placemark> <Placemark> <id>957</id> <name>Decheterie Thiéblemont-Farémont</name> <description>Rd 538 51300 Thiéblemont-Farémont</description> <horaires>Du lundi au Vendredi 13h30-18h30</horaires> <type>PARTIC</type> <barriere>Inconnu</barriere> <compteOuvert>Inconnu</compteOuvert> <carte>Inconnu</carte> <blacklist>false</blacklist> <Point> <coordinates>4.743816,48.689749,0</coordinates> </Point> </Placemark> <Placemark> <id>958</id> <name>Decheterie Tilloy-et-Bellay</name> <description>Route de St Rémy Sur Bussy 51460 Tilloy-et-Bellay</description> <horaires>Mercredi : 11h15 - 13h15 | Samedi : 9h45 - 11h15</horaires> <type>PARTIC</type> <barriere>Inconnu</barriere> <compteOuvert>Inconnu</compteOuvert> <carte>Inconnu</carte> <blacklist>false</blacklist> <Point> <coordinates>4.609804,49.019113,0</coordinates> </Point> </Placemark> <Placemark> <id>959</id> <name>Decheterie Tinqueux</name> <description>7 Rue Marcel Dassault 51430 Tinqueux</description> <horaires>Toute l'année : du Lundi au Samedi : 9h-19h | Fermetures exceptionnelles à 17h les 24/12 et 31/12</horaires> <type>PARTIC</type> <barriere>Inconnu</barriere> <compteOuvert>Inconnu</compteOuvert> <carte>Inconnu</carte> <blacklist>false</blacklist> <Point> <coordinates>3.982477,49.259267,0</coordinates> </Point> </Placemark> <Placemark> <id>960</id> <name>Decheterie Villers-Marmery</name> <description>Route des Petites Loges 51380 Villers-Marmery</description> <horaires>Lundi : 14 h à 18 h | Mercredi, Jeudi et Vendredi : 9 h à 12 h | Samedi : 9 h à 12 h et 14 h à 18 h</horaires> <type>PARTIC</type> <barriere>Inconnu</barriere> <compteOuvert>Inconnu</compteOuvert> <carte>Inconnu</carte> <blacklist>false</blacklist> <Point> <coordinates>4.207446,49.138551,0</coordinates> </Point> </Placemark> <Placemark> <id>961</id> <name>Decheterie Muizon</name> <description>MUIZON 51140 Muizon</description> <horaires>Du lundi au Vendredi 13h30-18h30</horaires> <type>PARTIC</type> <barriere>Inconnu</barriere> <compteOuvert>Inconnu</compteOuvert> <carte>Inconnu</carte> <blacklist>false</blacklist> <Point> <coordinates>3.895116,49.277851,0</coordinates> </Point> </Placemark> <Placemark> <id>962</id> <name>Decheterie Écueil</name> <description>route 51500 Écueil</description> <horaires>Du lundi au Vendredi 13h30-18h30</horaires> <type>PARTIC</type> <barriere>Inconnu</barriere> <compteOuvert>Inconnu</compteOuvert> <carte>Inconnu</carte> <blacklist>false</blacklist> <Point> <coordinates>3.965062,49.188399,0</coordinates> </Point> </Placemark> <Placemark> <id>963</id> <name>Decheterie Beine-Nauroy</name> <description>Route de Nogent l'Abesse 51490 Beine-Nauroy</description> <horaires>Du lundi au Vendredi 13h30-18h30</horaires> <type>PARTIC</type> <barriere>Inconnu</barriere> <compteOuvert>Inconnu</compteOuvert> <carte>Inconnu</carte> <blacklist>false</blacklist> <Point> <coordinates>4.206837,49.249628,0</coordinates> </Point> </Placemark> <Placemark> <id>964</id> <name>Decheterie Mareuil-sur-Ay</name> <description>Lieu dit Les Champs Boisard 51160 Mareuil-sur-Ay</description> <horaires>Du lundi au Vendredi 13h30-18h30</horaires> <type>PARTIC</type> <barriere>Inconnu</barriere> <compteOuvert>Inconnu</compteOuvert> <carte>Inconnu</carte> <blacklist>false</blacklist> <Point> <coordinates>4.041516,49.041289,0</coordinates> </Point> </Placemark> <Placemark> <id>965</id> <name>Decheterie Jonchery-sur-Vesle</name> <description>Avenue Saguet 51140 Jonchery-sur-Vesle</description> <horaires>Du lundi au Vendredi 13h30-18h30</horaires> <type>PARTIC</type> <barriere>Inconnu</barriere> <compteOuvert>Inconnu</compteOuvert> <carte>Inconnu</carte> <blacklist>false</blacklist> <Point> <coordinates>3.809696,49.285199,0</coordinates> </Point> </Placemark> <Placemark> <id>966</id> <name>Decheterie Bazancourt</name> <description>Chemin de la Gare de Pomacle 51110 Bazancourt</description> <horaires>Du lundi au Vendredi 13h30-18h30</horaires> <type>PARTIC</type> <barriere>Inconnu</barriere> <compteOuvert>Inconnu</compteOuvert> <carte>Inconnu</carte> <blacklist>false</blacklist> <Point> <coordinates>4.163996,49.355489,0</coordinates> </Point> </Placemark> <Placemark> <id>967</id> <name>Decheterie Givry-en-Argonne</name> <description>Zi Saint-pierre 51330 Givry-en-Argonne</description> <horaires>Du lundi au Vendredi 13h30-18h30</horaires> <type>PARTIC</type> <barriere>Inconnu</barriere> <compteOuvert>Inconnu</compteOuvert> <carte>Inconnu</carte> <blacklist>false</blacklist> <Point> <coordinates>4.889263,48.937887,0</coordinates> </Point> </Placemark> <Placemark> <id>968</id> <name>Decheterie Pierry</name> <description>Pierry 51200 Pierry</description> <horaires>Du lundi au Vendredi 13h30-18h30</horaires> <type>PARTIC</type> <barriere>Inconnu</barriere> <compteOuvert>Inconnu</compteOuvert> <carte>Inconnu</carte> <blacklist>false</blacklist> <Point> <coordinates>3.967877,49.015539,0</coordinates> </Point> </Placemark> <Placemark> <id>969</id> <name>Decheterie Pontfaverger-Moronvilliers</name> <description>Chemin de la Tille 21130 PONT</description> <horaires>Horaire d'ete (01/04 au 30/09) Horaire d'hiver (01/10 au 31/03) fermeture à 16H45 : MARDI 8h30-11h45 MERCREDI 14h-17h45 JEUDI 14h-17h45 VENDREDI 8h30-11h45 SAMEDI 8h30-11h45.</horaires> <type>PARTIC</type> <barriere>Inconnu</barriere> <compteOuvert>Inconnu</compteOuvert> <carte>Inconnu</carte> <blacklist>false</blacklist> <Point> <coordinates>4.33468,49.300011,0</coordinates> </Point> </Placemark> <Placemark> <id>970</id> <name>Decheterie Somsois</name> <description>Rd 55 51290 Somsois</description> <horaires>Du lundi au Vendredi 13h30-18h30</horaires> <type>PARTIC</type> <barriere>Inconnu</barriere> <compteOuvert>Inconnu</compteOuvert> <carte>Inconnu</carte> <blacklist>false</blacklist> <Point> <coordinates>4.510123,48.593014,0</coordinates> </Point> </Placemark> <Placemark> <id>971</id> <name>Decheterie Tours-sur-Marne</name> <description>8 rue de l’Aviation 37100 Tours</description> <horaires>lundi fermée mardi au samedi 9h - 12h30 • 13h30 - 17h45 dimanche 9h - 12h30</horaires> <type>PARTIC</type> <barriere>Inconnu</barriere> <compteOuvert>Inconnu</compteOuvert> <carte>Inconnu</carte> <blacklist>false</blacklist> <Point> <coordinates>4.140981,49.069983,0</coordinates> </Point> </Placemark> <Placemark> <id>972</id> <name>Decheterie Vanault-les-Dames</name> <description>Za d'Ault 80460 AULT</description> <horaires>lundi : 14h-18h autres jours : 9h-12h/14h-18h</horaires> <type>PARTIC</type> <barriere>Inconnu</barriere> <compteOuvert>Inconnu</compteOuvert> <carte>Inconnu</carte> <blacklist>false</blacklist> <Point> <coordinates>4.760375,48.839017,0</coordinates> </Point> </Placemark> <Placemark> <id>973</id> <name>Decheterie Villers-en-Argonne</name> <description>Rue Traversière 51800 Villers-en-Argonne</description> <horaires>Du lundi au Vendredi 13h30-18h30</horaires> <type>PARTIC</type> <barriere>Inconnu</barriere> <compteOuvert>Inconnu</compteOuvert> <carte>Inconnu</carte> <blacklist>false</blacklist> <Point> <coordinates>4.943318,49.023694,0</coordinates> </Point> </Placemark> <Placemark> <id>974</id> <name>Decheterie Vitry-le-François</name> <description>Zi de Vitry-marolles - Rue de l'Europe 51300 Vitry-le-François</description> <horaires>du 01/04 au 30/09 : Du lundi au vendredi : 10h00 - 12h00 et 14h00 - 18h00 | Samedi : 9h00 - 18h00 | Dimanche : 9h00 - 12h00 | 01/10 au 31/03 : Du lundi au vendredi : 10h00 - 12h00 et 14h00 - 17h00 | Samedi : 9h00 - 17h00 | Dimanche : 9h00 - 12h00</horaires> <type>PARTIC</type> <barriere>Inconnu</barriere> <compteOuvert>Inconnu</compteOuvert> <carte>Inconnu</carte> <blacklist>false</blacklist> <Point> <coordinates>4.618762,48.730301,0</coordinates> </Point> </Placemark> <Placemark> <id>975</id> <name>Decheterie Voipreux</name> <description>Route du Petit Voipreux 51130 Voipreux</description> <horaires>du 1/10 au 31/03 : 14 h à 17 h | Mardi et jeudi : 9 h à 12 h | Samedi : 10 h à 12 h et de 14 h à 17 h | du 1/04 au 30/09 : 14 h à 19 h | Mardi et jeudi : 9 h à 12 h | Samedi : 10 h à 12 h et de 14 h à 1</horaires> <type>PARTIC</type> <barriere>Inconnu</barriere> <compteOuvert>Inconnu</compteOuvert> <carte>Inconnu</carte> <blacklist>false</blacklist> <Point> <coordinates>4.051389,48.895684,0</coordinates> </Point> </Placemark> <Placemark> <id>976</id> <name>Decheterie Ballots</name> <description>ZA Route de Craon 53350 Ballots</description> <horaires>Mardi de 13 h 30 à 17 h 30 Jeudi 9 h 00 à 12 h 00 Samedi 10 h 00 à 12 h 00 et de 13 h 30 à 17 h 30</horaires> <type>PARTIC</type> <barriere>Inconnu</barriere> <compteOuvert>Inconnu</compteOuvert> <carte>Inconnu</carte> <blacklist>false</blacklist> <Point> <coordinates>-1.044185,47.891388,0</coordinates> </Point> </Placemark> <Placemark> <id>977</id> <name>Decheterie Ambrières-les-Vallées</name> <description>La Vallée 53300 Ambrières-les-Vallées</description> <horaires>Du lundi au Vendredi 13h30-18h30</horaires> <type>PARTIC</type> <barriere>Inconnu</barriere> <compteOuvert>Inconnu</compteOuvert> <carte>Inconnu</carte> <blacklist>false</blacklist> <Point> <coordinates>-0.646419,48.42229,0</coordinates> </Point> </Placemark> <Placemark> <id>978</id> <name>Decheterie Azé</name> <description>Zi Belletourne 53200 Azé</description> <horaires>Du lundi au Vendredi 13h30-18h30</horaires> <type>PARTIC</type> <barriere>Inconnu</barriere> <compteOuvert>Inconnu</compteOuvert> <carte>Inconnu</carte> <blacklist>false</blacklist> <Point> <coordinates>-0.684111,47.837848,0</coordinates> </Point> </Placemark> <Placemark> <id>979</id> <name>Decheterie Entrammes</name> <description>Ateliers Municipaux 53260 Entrammes</description> <horaires>Du lundi au Vendredi 13h30-18h30</horaires> <type>PARTIC</type> <barriere>Inconnu</barriere> <compteOuvert>Inconnu</compteOuvert> <carte>Inconnu</carte> <blacklist>false</blacklist> <Point> <coordinates>-0.70825,48.004519,0</coordinates> </Point> </Placemark> <Placemark> <id>980</id> <name>Decheterie Bais</name> <description>Route de Mayenne 53160 BAIS</description> <horaires>Du 01/11 au 31/03 : lundi, mercredi, vendredi : 13h30-17h samedi : 9h-12h/13h30-18hsamedi : 9h-12h/13h30-18h Du 01/04 au 31/10 : lundi, mercredi, vendredi : 13h30-18h samedi : 9h-12h/13h30-17h</horaires> <type>PARTIC</type> <barriere>Inconnu</barriere> <compteOuvert>Inconnu</compteOuvert> <carte>Inconnu</carte> <blacklist>false</blacklist> <Point> <coordinates>-0.372817,48.259758,0</coordinates> </Point> </Placemark> <Placemark> <id>981</id> <name>Decheterie Bazougers</name> <description>Za du Clos Macé 53170 Bazougers</description> <horaires>Mercredi : 14h-17h Samedi : 9h-12h</horaires> <type>PARTIC</type> <barriere>Inconnu</barriere> <compteOuvert>Inconnu</compteOuvert> <carte>Inconnu</carte> <blacklist>false</blacklist> <Point> <coordinates>-0.587482,48.012894,0</coordinates> </Point> </Placemark> <Placemark> <id>982</id> <name>Decheterie Bierné</name> <description>Bierne 53290 Bierné</description> <horaires>Du lundi au Vendredi 13h30-18h30</horaires> <type>PARTIC</type> <barriere>Inconnu</barriere> <compteOuvert>Inconnu</compteOuvert> <carte>Inconnu</carte> <blacklist>false</blacklist> <Point> <coordinates>-0.544582,47.807548,0</coordinates> </Point> </Placemark> <Placemark> <id>983</id> <name>Decheterie Bouère</name> <description>Route de Saint Brice 53290 Bouère</description> <horaires>Mercredi : 9h-12h Samedi : 14h-17h</horaires> <type>PARTIC</type> <barriere>Inconnu</barriere> <compteOuvert>Inconnu</compteOuvert> <carte>Inconnu</carte> <blacklist>false</blacklist> <Point> <coordinates>-0.471948,47.860697,0</coordinates> </Point> </Placemark> <Placemark> <id>984</id> <name>Decheterie Chammes</name> <description>Usine de Traitement le Bois du Montil 53270 CHAMMES</description> <horaires>Lundi, Mercredi, Vendredi, Samedi 13h30-17h sauf le samedi:9h-12h 13h30-17h Du 01/04 au 31/10, fermeture à 18h</horaires> <type>PARTIC</type> <barriere>Inconnu</barriere> <compteOuvert>Inconnu</compteOuvert> <carte>Inconnu</carte> <blacklist>false</blacklist> <Point> <coordinates>-0.412451,48.097643,0</coordinates> </Point> </Placemark> <Placemark> <id>985</id> <name>Decheterie Cossé-le-Vivien</name> <description>Za les Platanes 53230 Cossé-le-Vivien</description> <horaires>Du lundi au Vendredi 13h30-18h30</horaires> <type>PARTIC</type> <barriere>Inconnu</barriere> <compteOuvert>Inconnu</compteOuvert> <carte>Inconnu</carte> <blacklist>false</blacklist> <Point> <coordinates>-0.917029,47.937204,0</coordinates> </Point> </Placemark> <Placemark> <id>986</id> <name>Decheterie Craon</name> <description>Chemin des Carteries 53400 CRAON</description> <horaires>Lundi, mercredi, jeudi, vendredi: 13h30-17h30 Mardi:9h-12h Samedi:9h-12h 13h30-17h30</horaires> <type>PARTIC</type> <barriere>Inconnu</barriere> <compteOuvert>Inconnu</compteOuvert> <carte>Inconnu</carte> <blacklist>false</blacklist> <Point> <coordinates>-0.975127,47.845638,0</coordinates> </Point> </Placemark> <Placemark> <id>987</id> <name>Decheterie Ernée</name> <description>Ancienne Gare, Route de Montaudin 53500 Ernée</description> <horaires>lundi, mercredi : 14h -18h vendredi : 14h-18h samedi : 10h 12h/13h30-17h30</horaires> <type>PARTIC</type> <barriere>Inconnu</barriere> <compteOuvert>Inconnu</compteOuvert> <carte>Inconnu</carte> <blacklist>false</blacklist> <Point> <coordinates>-0.942187,48.309138,0</coordinates> </Point> </Placemark> <Placemark> <id>988</id> <name>Decheterie Gorron</name> <description>ZA route de Fougère 53120 Gorron</description> <horaires></horaires> <type>PARTIC</type> <barriere>Inconnu</barriere> <compteOuvert>Inconnu</compteOuvert> <carte>Inconnu</carte> <blacklist>false</blacklist> <Point> <coordinates>-0.828289,48.410827,0</coordinates> </Point> </Placemark> <Placemark> <id>989</id> <name>Decheterie Javron-les-Chapelles</name> <description>le Roc Rocade Nord 53250 JAVRON-LES-CHAPELLES</description> <horaires>Lundi, Mardi, Mercredi, Vendredi, Samedi 14h-17h</horaires> <type>PARTIC</type> <barriere>Inconnu</barriere> <compteOuvert>Inconnu</compteOuvert> <carte>Inconnu</carte> <blacklist>false</blacklist> <Point> <coordinates>-0.334836,48.423476,0</coordinates> </Point> </Placemark> <Placemark> <id>990</id> <name>Decheterie Le Ribay</name> <description>le Petit Ricordeau 53640 Le Ribay</description> <horaires>Lundi, mercredi : 14h-16h30 Samedi : 9h-12h30</horaires> <type>PARTIC</type> <barriere>Inconnu</barriere> <compteOuvert>Inconnu</compteOuvert> <carte>Inconnu</carte> <blacklist>false</blacklist> <Point> <coordinates>-0.446659,48.358465,0</coordinates> </Point> </Placemark> <Placemark> <id>991</id> <name>Decheterie Louverné</name> <description>Route de la Chapelle Anthenaise 53950 Louverné</description> <horaires>Du lundi au Vendredi 13h30-18h30</horaires> <type>PARTIC</type> <barriere>Inconnu</barriere> <compteOuvert>Inconnu</compteOuvert> <carte>Inconnu</carte> <blacklist>false</blacklist> <Point> <coordinates>-0.703771,48.123489,0</coordinates> </Point> </Placemark> <Placemark> <id>992</id> <name>Decheterie Martigné-sur-Mayenne</name> <description>route de Lucey 73170 Yenne</description> <horaires>Lundi : 14h à 17h30 (19h en été) mardi : 9h à 12h mercredi : 14h à 17h30 (19h en été) vendredi : 14h à 17h30 (19h en été) samedi : 9h à 12h et 14h à 17h30 (19h en été)</horaires> <type>PARTIC</type> <barriere>Inconnu</barriere> <compteOuvert>Inconnu</compteOuvert> <carte>Inconnu</carte> <blacklist>false</blacklist> <Point> <coordinates>-0.66418,48.190699,0</coordinates> </Point> </Placemark> <Placemark> <id>993</id> <name>Decheterie Montsurs</name> <description>Za de l'Antinière 53150 Montsurs</description> <horaires>Du lundi au Vendredi 13h30-18h30</horaires> <type>PARTIC</type> <barriere>Inconnu</barriere> <compteOuvert>Inconnu</compteOuvert> <carte>Inconnu</carte> <blacklist>false</blacklist> <Point> <coordinates>-0.546783,48.121702,0</coordinates> </Point> </Placemark> <Placemark> <id>994</id> <name>Decheterie Parigné-sur-Braye</name> <description>Zone de la Lande Ouverte 53100 Parigné sur Braye</description> <horaires>Lundi, Mardi, Mercredi, Jeudi, Vendredi, Samedi Hiver : lundi au samedi : 09h30-11h45 et 13h30-17h30 Eté : fermeture le soir à 18h</horaires> <type>PARTIC</type> <barriere>Inconnu</barriere> <compteOuvert>Inconnu</compteOuvert> <carte>Inconnu</carte> <blacklist>false</blacklist> <Point> <coordinates>-0.654734,48.306625,0</coordinates> </Point> </Placemark> <Placemark> <id>995</id> <name>Decheterie Quelaines-Saint-Gault</name> <description>53360 QUELAINES-SAINT-GAULT</description> <horaires>Lundi: 13h30-17h Mercredi: 9h-12h Samedi:10h-12h 13h30-17h30</horaires> <type>PARTIC</type> <barriere>Inconnu</barriere> <compteOuvert>Inconnu</compteOuvert> <carte>Inconnu</carte> <blacklist>false</blacklist> <Point> <coordinates>-0.802216,47.919866,0</coordinates> </Point> </Placemark> <Placemark> <id>996</id> <name>Decheterie Renazé</name> <description>Chemin de la Malvalière 53800 Renazé</description> <horaires>Du lundi au Vendredi 13h30-18h30</horaires> <type>PARTIC</type> <barriere>Inconnu</barriere> <compteOuvert>Inconnu</compteOuvert> <carte>Inconnu</carte> <blacklist>false</blacklist> <Point> <coordinates>-1.043925,47.793153,0</coordinates> </Point> </Placemark> <Placemark> <id>997</id> <name>Decheterie Villaines-la-Juhel</name> <description>Villaines-la-juhel 53700 Villaines-la-Juhel</description> <horaires>Du lundi au samedi : 8h30 - 12h00 et 13h45 - 17h00</horaires> <type>PARTIC</type> <barriere>Inconnu</barriere> <compteOuvert>Inconnu</compteOuvert> <carte>Inconnu</carte> <blacklist>false</blacklist> <Point> <coordinates>-0.27082,48.338065,0</coordinates> </Point> </Placemark> <Placemark> <id>998</id> <name>Decheterie Meslay-du-Maine</name> <description>Route du Bignon La Gare 53170 MESLAY-DU-MAINE</description> <horaires>Lundi, samedi : 9h-12h/14h-17h Mercredi : 14h-17h</horaires> <type>PARTIC</type> <barriere>Inconnu</barriere> <compteOuvert>Inconnu</compteOuvert> <carte>Inconnu</carte> <blacklist>false</blacklist> <Point> <coordinates>-0.539759,47.950119,0</coordinates> </Point> </Placemark> <Placemark> <id>999</id> <name>Decheterie Oisseau</name> <description>53300 Oisseau</description> <horaires>Lundi et mercredi: 10h-12h Samedi: 10h-12h/14h-17h</horaires> <type>PARTIC</type> <barriere>Inconnu</barriere> <compteOuvert>Inconnu</compteOuvert> <carte>Inconnu</carte> <blacklist>false</blacklist> <Point> <coordinates>-0.677781,48.353763,0</coordinates> </Point> </Placemark> <Placemark> <id>1000</id> <name>Decheterie Laval</name> <description>Zone des Touches Boulevard Ampère 53000 Laval</description> <horaires>Lundi au Samedi de 9h à 12h et de 14h à 19h, Dimanche de 9h à 12h</horaires> <type>PARTIC</type> <barriere>Inconnu</barriere> <compteOuvert>Inconnu</compteOuvert> <carte>Inconnu</carte> <blacklist>false</blacklist> <Point> <coordinates>-0.739786,48.083155,0</coordinates> </Point> </Placemark> <Placemark> <id>1001</id> <name>Decheterie Évron</name> <description>Zone Industrielle des Maltières 53600 Évron</description> <horaires>Du lundi au Vendredi 13h30-18h30</horaires> <type>PARTIC</type> <barriere>Inconnu</barriere> <compteOuvert>Inconnu</compteOuvert> <carte>Inconnu</carte> <blacklist>false</blacklist> <Point> <coordinates>-0.404772,48.163755,0</coordinates> </Point> </Placemark> <Placemark> <id>1002</id> <name>Decheterie Cuillé</name> <description>Zone Artisanale 53540 Cuillé</description> <horaires>Du lundi au Vendredi 13h30-18h30</horaires> <type>PARTIC</type> <barriere>Inconnu</barriere> <compteOuvert>Inconnu</compteOuvert> <carte>Inconnu</carte> <blacklist>false</blacklist> <Point> <coordinates>-1.114127,47.969697,0</coordinates> </Point> </Placemark> <Placemark> <id>1003</id> <name>Decheterie Montjean</name> <description>Route de la Gravelle 53320 Montjean</description> <horaires>Lundi, mardi, vendredi:13h30-18h Mercredi, samedi:9h30-12h 13h30-18h</horaires> <type>PARTIC</type> <barriere>Inconnu</barriere> <compteOuvert>Inconnu</compteOuvert> <carte>Inconnu</carte> <blacklist>false</blacklist> <Point> <coordinates>-0.968915,48.01312,0</coordinates> </Point> </Placemark> <Placemark> <id>1004</id> <name>Decheterie Changé</name> <description>Les Hêtres 53810 Changé</description> <horaires>Du lundi au Vendredi 13h30-18h30</horaires> <type>PARTIC</type> <barriere>Inconnu</barriere> <compteOuvert>Inconnu</compteOuvert> <carte>Inconnu</carte> <blacklist>false</blacklist> <Point> <coordinates>-0.844522,48.125546,0</coordinates> </Point> </Placemark> <Placemark> <id>1005</id> <name>Decheterie Louvigné</name> <description>Route d'Argentré 53210 Louvigné</description> <horaires>Lundi, vendredi : 9h30 à 12h, Mercredi, jeudi : 14h à 18h, Samedi : 9h à 12h et 14h à 18h</horaires> <type>PARTIC</type> <barriere>Inconnu</barriere> <compteOuvert>Inconnu</compteOuvert> <carte>Inconnu</carte> <blacklist>false</blacklist> <Point> <coordinates>-0.626016,48.06756,0</coordinates> </Point> </Placemark> <Placemark> <id>1006</id> <name>Decheterie Lassay-les-Châteaux</name> <description>ZA route de Couterne 53110 Lassay-les-Châteaux</description> <horaires>Du lundi au Vendredi 13h30-18h30</horaires> <type>PARTIC</type> <barriere>Inconnu</barriere> <compteOuvert>Inconnu</compteOuvert> <carte>Inconnu</carte> <blacklist>false</blacklist> <Point> <coordinates>-0.482944,48.443843,0</coordinates> </Point> </Placemark> <Placemark> <id>1007</id> <name>Decheterie La Pallu</name> <description>la Cofinière 53140 PALLU</description> <horaires>Lundi, Mercredi, Samedi 10h-12h</horaires> <type>PARTIC</type> <barriere>Inconnu</barriere> <compteOuvert>Inconnu</compteOuvert> <carte>Inconnu</carte> <blacklist>false</blacklist> <Point> <coordinates>-0.280248,48.502929,0</coordinates> </Point> </Placemark> <Placemark> <id>1008</id> <name>Decheterie Ballée</name> <description>Rue du Bois Aux Moines 53340 Ballée</description> <horaires>Mercredi et samedi : 9h-12h</horaires> <type>PARTIC</type> <barriere>Inconnu</barriere> <compteOuvert>Inconnu</compteOuvert> <carte>Inconnu</carte> <blacklist>false</blacklist> <Point> <coordinates>-0.41329,47.930962,0</coordinates> </Point> </Placemark> <Placemark> <id>1009</id> <name>Decheterie Montigné-le-Brillant</name> <description>Route d'Ahuillé 53970 Montigné-le-Brillant</description> <horaires>Lundi : 14h à 17h30, Mercredi, jeudi : 9h30 à 12h, Vendredi : 14h à 18h, Samedi : 9h à 12h et de 14h à 18h</horaires> <type>PARTIC</type> <barriere>Inconnu</barriere> <compteOuvert>Inconnu</compteOuvert> <carte>Inconnu</carte> <blacklist>false</blacklist> <Point> <coordinates>-0.83288,48.019187,0</coordinates> </Point> </Placemark> <Placemark> <id>1010</id> <name>Decheterie Andouillé</name> <description>Za de la Malardrerie 53240 Andouillé</description> <horaires>Du lundi au Vendredi 13h30-18h30</horaires> <type>PARTIC</type> <barriere>Inconnu</barriere> <compteOuvert>Inconnu</compteOuvert> <carte>Inconnu</carte> <blacklist>false</blacklist> <Point> <coordinates>-0.793932,48.173934,0</coordinates> </Point> </Placemark> <Placemark> <id>1011</id> <name>Decheterie Chailland</name> <description>Chailland 53420 Chailland</description> <horaires>Du lundi au Vendredi 13h30-18h30</horaires> <type>PARTIC</type> <barriere>Inconnu</barriere> <compteOuvert>Inconnu</compteOuvert> <carte>Inconnu</carte> <blacklist>false</blacklist> <Point> <coordinates>-0.895871,48.224716,0</coordinates> </Point> </Placemark> <Placemark> <id>1012</id> <name>Decheterie Bonchamp-lès-Laval</name> <description>Zone des Touches Boulevard Ampère 53000 Laval</description> <horaires>Lundi au Samedi de 9h à 12h et de 14h à 19h, Dimanche de 9h à 12h</horaires> <type>PARTIC</type> <barriere>Inconnu</barriere> <compteOuvert>Inconnu</compteOuvert> <carte>Inconnu</carte> <blacklist>false</blacklist> <Point> <coordinates>-0.702282,48.088041,0</coordinates> </Point> </Placemark> <Placemark> <id>1013</id> <name>Decheterie Saint-Aignan-sur-Roë</name> <description>Route de la forêt 32290 Aignan</description> <horaires>Lundi, Mercredi, Jeudi, Vendredi, Samedi Tous les jours de 9h30-12h30</horaires> <type>PARTIC</type> <barriere>Inconnu</barriere> <compteOuvert>Inconnu</compteOuvert> <carte>Inconnu</carte> <blacklist>false</blacklist> <Point> <coordinates>-1.142956,47.839679,0</coordinates> </Point> </Placemark> <Placemark> <id>1014</id> <name>Decheterie Pré-en-Pail</name> <description>le Pré Vert 53140 Pré-en-Pail</description> <horaires>Du lundi au Vendredi 13h30-18h30</horaires> <type>PARTIC</type> <barriere>Inconnu</barriere> <compteOuvert>Inconnu</compteOuvert> <carte>Inconnu</carte> <blacklist>false</blacklist> <Point> <coordinates>-0.189177,48.462211,0</coordinates> </Point> </Placemark> <Placemark> <id>1015</id> <name>Decheterie L'Huisserie</name> <description>Za le Grand Chemin 53970 L'HUISSERIE</description> <horaires>Lundi, vendredi de 14 h à 18 h, Mercredi, samedi de 9h à 12h et de 14h à 18h</horaires> <type>PARTIC</type> <barriere>Inconnu</barriere> <compteOuvert>Inconnu</compteOuvert> <carte>Inconnu</carte> <blacklist>false</blacklist> <Point> <coordinates>-0.772321,48.030694,0</coordinates> </Point> </Placemark> <Placemark> <id>1016</id> <name>Decheterie Port-Brillet</name> <description>Route de Brulatte 53410 PORT-BRILLET</description> <horaires>Lundi, Mardi, Mercredi, Jeudi, Vendredi, Samedi 9h30-12h /13h30-18h sauf le mardi : 9h30-12h</horaires> <type>PARTIC</type> <barriere>Inconnu</barriere> <compteOuvert>Inconnu</compteOuvert> <carte>Inconnu</carte> <blacklist>false</blacklist> <Point> <coordinates>-0.971747,48.107733,0</coordinates> </Point> </Placemark> <Placemark> <id>1017</id> <name>Decheterie Saint-Berthevin</name> <description>Zone de Chatelier 53940 Saint Berthevin</description> <horaires>Lundi, mercredi : 9h à 12h et de 14h à 18h, Mardi, jeudi : 14h à 18h, Vendredi, samedi : 9h à 12h et 14h à 19h Dimanche : 9h à 12h</horaires> <type>PARTIC</type> <barriere>Inconnu</barriere> <compteOuvert>Inconnu</compteOuvert> <carte>Inconnu</carte> <blacklist>false</blacklist> <Point> <coordinates>-0.847698,48.074709,0</coordinates> </Point> </Placemark> <Placemark> <id>1018</id> <name>Decheterie Saint-Fraimbault-de-Prières</name> <description>Za d'Ault 80460 AULT</description> <horaires>lundi : 14h-18h autres jours : 9h-12h/14h-18h</horaires> <type>PARTIC</type> <barriere>Inconnu</barriere> <compteOuvert>Inconnu</compteOuvert> <carte>Inconnu</carte> <blacklist>false</blacklist> <Point> <coordinates>-0.558448,48.332477,0</coordinates> </Point> </Placemark> <Placemark> <id>1019</id> <name>Decheterie Saint-Mars-sur-la-Futaie</name> <description>Route de Landivy 53220 SAINT-MARS-SUR-LA-FUTAIE</description> <horaires>Lundi : 10h-12h Mardi, jeudi : 14h-18h Samedi : 10h-12h 14h-18h Fermeture à 17h30 du 01/11 au 31/01</horaires> <type>PARTIC</type> <barriere>Inconnu</barriere> <compteOuvert>Inconnu</compteOuvert> <carte>Inconnu</carte> <blacklist>false</blacklist> <Point> <coordinates>-1.016005,48.435035,0</coordinates> </Point> </Placemark> <Placemark> <id>1020</id> <name>Decheterie Saint-Pierre-des-Nids</name> <description>Rue des Mines 59171 ERRE</description> <horaires>Eté (01/03 au 28/02) : Lundi au samedi : 9 h-12h / 13h-19h dimanche: 9h-12h Hiver (01/11 au 28/02) : Lundi au samedi : 9 h-12h / 13h-17h dimanche: 9h-12h</horaires> <type>PARTIC</type> <barriere>Inconnu</barriere> <compteOuvert>Inconnu</compteOuvert> <carte>Inconnu</carte> <blacklist>false</blacklist> <Point> <coordinates>-0.080812,48.403827,0</coordinates> </Point> </Placemark> <Placemark> <id>1021</id> <name>Decheterie Villiers-Charlemagne</name> <description>La Trappe aux Loups 79460 MAGNE</description> <horaires></horaires> <type>PARTIC</type> <barriere>Inconnu</barriere> <compteOuvert>Inconnu</compteOuvert> <carte>Inconnu</carte> <blacklist>false</blacklist> <Point> <coordinates>-0.684498,47.922714,0</coordinates> </Point> </Placemark> <Placemark> <id>1022</id> <name>Decheterie Allaire</name> <description>Route d'Asfeld 08190 AIRE</description> <horaires></horaires> <type>PARTIC</type> <barriere>Inconnu</barriere> <compteOuvert>Inconnu</compteOuvert> <carte>Inconnu</carte> <blacklist>false</blacklist> <Point> <coordinates>-2.163583,47.626014,0</coordinates> </Point> </Placemark> <Placemark> <id>1023</id> <name>Decheterie Arradon</name> <description>Chemin de Talhouarcn 56610 ARRADON</description> <horaires>lundi,mercredi,jeudi,vendredi 9h30-12h/14h30-18h30 samedi : 9h30-12h45 / 13h30-18h30</horaires> <type>PARTIC</type> <barriere>Inconnu</barriere> <compteOuvert>Inconnu</compteOuvert> <carte>Inconnu</carte> <blacklist>false</blacklist> <Point> <coordinates>-2.863089,47.630043,0</coordinates> </Point> </Placemark> <Placemark> <id>1024</id> <name>Decheterie Belz</name> <description>Kerdonnerch 56550 Belz</description> <horaires>Du lundi au Vendredi 13h30-18h30</horaires> <type>PARTIC</type> <barriere>Inconnu</barriere> <compteOuvert>Inconnu</compteOuvert> <carte>Inconnu</carte> <blacklist>false</blacklist> <Point> <coordinates>-3.169788,47.670106,0</coordinates> </Point> </Placemark> <Placemark> <id>1025</id> <name>Decheterie Carentoir</name> <description>ZA l'Epine 56910 Carentoir</description> <horaires>Hiver: 14h-16h30 sauf le samedi: 9h-12h30 14h-18h Eté: 214h-17h30 sauf le samedi 9h-12h30 14h-18h</horaires> <type>PARTIC</type> <barriere>Inconnu</barriere> <compteOuvert>Inconnu</compteOuvert> <carte>Inconnu</carte> <blacklist>false</blacklist> <Point> <coordinates>-2.139778,47.805244,0</coordinates> </Point> </Placemark> <Placemark> <id>1026</id> <name>Decheterie Carnac</name> <description>ZA de Montauban 56340 CARNAC</description> <horaires>Hiver:9h-12h 14h-17h30 fermeture le mardi et dimanche Eté: 8h30-12h 13h-18h Juillet et Aout: ouverture le dimanche matin (9h-12h)</horaires> <type>PARTIC</type> <barriere>Inconnu</barriere> <compteOuvert>Inconnu</compteOuvert> <carte>Inconnu</carte> <blacklist>false</blacklist> <Point> <coordinates>-3.057158,47.589171,0</coordinates> </Point> </Placemark> <Placemark> <id>1027</id> <name>Decheterie Caudan</name> <description>ZI Lann Sevelin 56850 CAUDAN</description> <horaires>lundi au vendredi: Hiver: 9h30-12h 13h30-18h, samedi 9h30-12h30 13h30-18h Eté:9h30-12h 13h30-19h, samedi 9h30-12h30 13h30-19h Dimanche: 9h30-12h</horaires> <type>PARTIC</type> <barriere>Inconnu</barriere> <compteOuvert>Inconnu</compteOuvert> <carte>Inconnu</carte> <blacklist>false</blacklist> <Point> <coordinates>-3.344041,47.787408,0</coordinates> </Point> </Placemark> <Placemark> <id>1028</id> <name>Decheterie Cléguer</name> <description>Cleguer 56620 Cléguer</description> <horaires>Du lundi au Vendredi 13h30-18h30</horaires> <type>PARTIC</type> <barriere>Inconnu</barriere> <compteOuvert>Inconnu</compteOuvert> <carte>Inconnu</carte> <blacklist>false</blacklist> <Point> <coordinates>-3.381631,47.851371,0</coordinates> </Point> </Placemark> <Placemark> <id>1029</id> <name>Decheterie Cléguérec</name> <description>Z.A. de Bann Er Lann 56480 Cléguérec</description> <horaires>Du lundi au Vendredi 13h30-18h30</horaires> <type>PARTIC</type> <barriere>Inconnu</barriere> <compteOuvert>Inconnu</compteOuvert> <carte>Inconnu</carte> <blacklist>false</blacklist> <Point> <coordinates>-3.056277,48.127013,0</coordinates> </Point> </Placemark> <Placemark> <id>1030</id> <name>Decheterie Gourin</name> <description>ZA de Guerneac'h 56110 GOURIN</description> <horaires>14h-17h30 sauf le samedi: 10h-12h 13h-18h30</horaires> <type>PARTIC</type> <barriere>Inconnu</barriere> <compteOuvert>Inconnu</compteOuvert> <carte>Inconnu</carte> <blacklist>false</blacklist> <Point> <coordinates>-3.590937,48.157944,0</coordinates> </Point> </Placemark> <Placemark> <id>1031</id> <name>Decheterie Gueltas</name> <description>Branguily 56920 Gueltas</description> <horaires>Du lundi au Vendredi 13h30-18h30</horaires> <type>PARTIC</type> <barriere>Inconnu</barriere> <compteOuvert>Inconnu</compteOuvert> <carte>Inconnu</carte> <blacklist>false</blacklist> <Point> <coordinates>-2.81658,48.096957,0</coordinates> </Point> </Placemark> <Placemark> <id>1032</id> <name>Decheterie Guidel</name> <description>Traourec 56520 Guidel</description> <horaires>Du lundi au Vendredi 13h30-18h30</horaires> <type>PARTIC</type> <barriere>Inconnu</barriere> <compteOuvert>Inconnu</compteOuvert> <carte>Inconnu</carte> <blacklist>false</blacklist> <Point> <coordinates>-3.488993,47.780771,0</coordinates> </Point> </Placemark> <Placemark> <id>1033</id> <name>Decheterie Guillac</name> <description>la Ville Meno 56800 Guillac</description> <horaires>Du lundi au Vendredi 13h30-18h30</horaires> <type>PARTIC</type> <barriere>Inconnu</barriere> <compteOuvert>Inconnu</compteOuvert> <carte>Inconnu</carte> <blacklist>false</blacklist> <Point> <coordinates>-2.482774,47.927096,0</coordinates> </Point> </Placemark> <Placemark> <id>1034</id> <name>Decheterie ile-aux-Moines</name> <description>56780 ILE-AUX-MOINES</description> <horaires>lundi : 14h-17h jeudi et samedi : 9h30-12h30</horaires> <type>PARTIC</type> <barriere>Inconnu</barriere> <compteOuvert>Inconnu</compteOuvert> <carte>Inconnu</carte> <blacklist>false</blacklist> <Point> <coordinates>-2.850286,47.593712,0</coordinates> </Point> </Placemark> <Placemark> <id>1035</id> <name>Decheterie Lorient</name> <description>Za la Cardonnière 56100 Lorient</description> <horaires>été : du lundi au vendredi : 9h30-12h et 13h30-19h ; samedi : 9h-12h30 et 13h30-19h ; dimanche : 9h30-12h hiver : du lundi au vendredi : 9h30-12h et 13h30-18h ; samedi : 9h-12h30 et 13h30-18h ; dimanche : 9h30-12h</horaires> <type>PARTIC</type> <barriere>Inconnu</barriere> <compteOuvert>Inconnu</compteOuvert> <carte>Inconnu</carte> <blacklist>false</blacklist> <Point> <coordinates>-3.358784,47.733449,0</coordinates> </Point> </Placemark> <Placemark> <id>1036</id> <name>Decheterie Lorient</name> <description>Za la Cardonnière 56100 Lorient</description> <horaires>été : du lundi au vendredi : 9h30-12h et 13h30-19h ; samedi : 9h-12h30 et 13h30-19h ; dimanche : 9h30-12h hiver : du lundi au vendredi : 9h30-12h et 13h30-18h ; samedi : 9h-12h30 et 13h30-18h ; dimanche : 9h30-12h</horaires> <type>PARTIC</type> <barriere>Inconnu</barriere> <compteOuvert>Inconnu</compteOuvert> <carte>Inconnu</carte> <blacklist>false</blacklist> <Point> <coordinates>-3.40156,47.770527,0</coordinates> </Point> </Placemark> <Placemark> <id>1037</id> <name>Decheterie Melrand</name> <description>Route de Bieuzy les Eaux 56310 MELRAND</description> <horaires>Lundi et samedi: 9h mercredi: 13h45</horaires> <type>PARTIC</type> <barriere>Inconnu</barriere> <compteOuvert>Inconnu</compteOuvert> <carte>Inconnu</carte> <blacklist>false</blacklist> <Point> <coordinates>-3.097366,47.981198,0</coordinates> </Point> </Placemark> <Placemark> <id>1038</id> <name>Decheterie Muzillac</name> <description>Kerbodo 56190 Muzillac</description> <horaires>fermé mardi sinon 9h-12h30 13h30-17h</horaires> <type>PARTIC</type> <barriere>Inconnu</barriere> <compteOuvert>Inconnu</compteOuvert> <carte>Inconnu</carte> <blacklist>false</blacklist> <tarifs><tarif><id>30</id><fkDecheterie>1038</fkDecheterie><matiere>null</matiere><prix>null</prix></tarif></tarifs><Point> <coordinates>-2.514304,47.56177,0</coordinates> </Point> </Placemark> <Placemark> <id>1039</id> <name>Decheterie Neulliac</name> <description>56300 Neulliac</description> <horaires>- lundi et mercredi de 14h à 18h - samedi de 9h à 12h et de 14h à 18h</horaires> <type>PARTIC</type> <barriere>Inconnu</barriere> <compteOuvert>Inconnu</compteOuvert> <carte>Inconnu</carte> <blacklist>false</blacklist> <Point> <coordinates>-2.984194,48.135679,0</coordinates> </Point> </Placemark> <Placemark> <id>1040</id> <name>Decheterie Nivillac</name> <description>Le Lin 56130 NIVILLAC</description> <horaires>de 09h à 12h et de 13h45 à 17h30 sauf jeudi de 09h à 12h</horaires> <type>PARTIC</type> <barriere>Inconnu</barriere> <compteOuvert>Inconnu</compteOuvert> <carte>Inconnu</carte> <blacklist>false</blacklist> <Point> <coordinates>-2.212908,47.549887,0</coordinates> </Point> </Placemark> <Placemark> <id>1041</id> <name>Decheterie Noyal-Pontivy</name> <description>Chemin de la Tille 21130 PONT</description> <horaires>Horaire d'ete (01/04 au 30/09) Horaire d'hiver (01/10 au 31/03) fermeture à 16H45 : MARDI 8h30-11h45 MERCREDI 14h-17h45 JEUDI 14h-17h45 VENDREDI 8h30-11h45 SAMEDI 8h30-11h45.</horaires> <type>PARTIC</type> <barriere>Inconnu</barriere> <compteOuvert>Inconnu</compteOuvert> <carte>Inconnu</carte> <blacklist>false</blacklist> <Point> <coordinates>-2.875723,48.070593,0</coordinates> </Point> </Placemark> <Placemark> <id>1042</id> <name>Decheterie Péaule</name> <description>Thera 56130 Péaule</description> <horaires>Du lundi au Vendredi 13h30-18h30</horaires> <type>PARTIC</type> <barriere>Inconnu</barriere> <compteOuvert>Inconnu</compteOuvert> <carte>Inconnu</carte> <blacklist>false</blacklist> <Point> <coordinates>-2.34047,47.568924,0</coordinates> </Point> </Placemark> <Placemark> <id>1043</id> <name>Decheterie Pénestin</name> <description>Barge 56760 Pénestin</description> <horaires>Du lundi au Vendredi 13h30-18h30</horaires> <type>PARTIC</type> <barriere>Inconnu</barriere> <compteOuvert>Inconnu</compteOuvert> <carte>Inconnu</carte> <blacklist>false</blacklist> <Point> <coordinates>-2.434892,47.47466,0</coordinates> </Point> </Placemark> <Placemark> <id>1044</id> <name>Decheterie Ploemeur</name> <description>Kerdroual Route de Larmor 56270 Ploemeur</description> <horaires>Du lundi au Vendredi 13h30-18h30</horaires> <type>PARTIC</type> <barriere>Inconnu</barriere> <compteOuvert>Inconnu</compteOuvert> <carte>Inconnu</carte> <blacklist>false</blacklist> <Point> <coordinates>-3.414286,47.728851,0</coordinates> </Point> </Placemark> <Placemark> <id>1045</id> <name>Decheterie Ploeren</name> <description>Route de Mériadec 56880 Ploeren</description> <horaires>Du lundi au Vendredi 13h30-18h30</horaires> <type>PARTIC</type> <barriere>Inconnu</barriere> <compteOuvert>Inconnu</compteOuvert> <carte>Inconnu</carte> <blacklist>false</blacklist> <Point> <coordinates>-2.869157,47.663784,0</coordinates> </Point> </Placemark> <Placemark> <id>1046</id> <name>Decheterie Plouay</name> <description>Zi de Restavy 56240 Plouay</description> <horaires>Du lundi au Vendredi 13h30-18h30</horaires> <type>PARTIC</type> <barriere>Inconnu</barriere> <compteOuvert>Inconnu</compteOuvert> <carte>Inconnu</carte> <blacklist>false</blacklist> <Point> <coordinates>-3.361536,47.911034,0</coordinates> </Point> </Placemark> <Placemark> <id>1047</id> <name>Decheterie Plumelin</name> <description>Breneuh 56500 Plumelin</description> <horaires>Du lundi au Vendredi 13h30-18h30</horaires> <type>PARTIC</type> <barriere>Inconnu</barriere> <compteOuvert>Inconnu</compteOuvert> <carte>Inconnu</carte> <blacklist>false</blacklist> <Point> <coordinates>-2.859297,47.869935,0</coordinates> </Point> </Placemark> <Placemark> <id>1048</id> <name>Decheterie Plouray</name> <description>Rue le Rostrenen 56770 Plouray</description> <horaires>Du lundi au Vendredi 13h30-18h30</horaires> <type>PARTIC</type> <barriere>Inconnu</barriere> <compteOuvert>Inconnu</compteOuvert> <carte>Inconnu</carte> <blacklist>false</blacklist> <Point> <coordinates>-3.38789,48.147609,0</coordinates> </Point> </Placemark> <Placemark> <id>1049</id> <name>Decheterie Questembert</name> <description>Pa de Kervault Est 56230 Questembert</description> <horaires>Du lundi au Vendredi 13h30-18h30</horaires> <type>PARTIC</type> <barriere>Inconnu</barriere> <compteOuvert>Inconnu</compteOuvert> <carte>Inconnu</carte> <blacklist>false</blacklist> <Point> <coordinates>-2.436777,47.665396,0</coordinates> </Point> </Placemark> <Placemark> <id>1050</id> <name>Decheterie Saint-Jean-Brévelay</name> <description>Brenolo 56660 Saint-Jean-Brévelay</description> <horaires>Du lundi au Vendredi 13h30-18h30</horaires> <type>PARTIC</type> <barriere>Inconnu</barriere> <compteOuvert>Inconnu</compteOuvert> <carte>Inconnu</carte> <blacklist>false</blacklist> <Point> <coordinates>-2.686039,47.844285,0</coordinates> </Point> </Placemark> <Placemark> <id>1051</id> <name>Decheterie Sainte-Anne-d'Auray</name> <description>Lescrezan 56400 Sainte-Anne-d'Auray</description> <horaires>9h-12 13h30-17h30</horaires> <type>PARTIC</type> <barriere>Inconnu</barriere> <compteOuvert>Inconnu</compteOuvert> <carte>Inconnu</carte> <blacklist>false</blacklist> <Point> <coordinates>-2.935023,47.697282,0</coordinates> </Point> </Placemark> <Placemark> <id>1052</id> <name>Decheterie Theix</name> <description>Bonnervo 56450 Theix</description> <horaires>du lundi au vendredi : 9h-12h30 / 13h30-18h30 | samedi : 9h-18h30 | dimanche : 9h - 12h30</horaires> <type>PARTIC</type> <barriere>Inconnu</barriere> <compteOuvert>Inconnu</compteOuvert> <carte>Inconnu</carte> <blacklist>false</blacklist> <Point> <coordinates>-2.682736,47.648975,0</coordinates> </Point> </Placemark> <Placemark> <id>1053</id> <name>Decheterie Pluméliau</name> <description>Kerledorze 56930 Pluméliau</description> <horaires>Du lundi au Vendredi 13h30-18h30</horaires> <type>PARTIC</type> <barriere>Inconnu</barriere> <compteOuvert>Inconnu</compteOuvert> <carte>Inconnu</carte> <blacklist>false</blacklist> <Point> <coordinates>-2.996168,47.933014,0</coordinates> </Point> </Placemark> <Placemark> <id>1054</id> <name>Decheterie Guiscriff</name> <description>56560 GUISCRIFF</description> <horaires>le mercredi de 13h à 17h d'octobre à mars le mercredi de 15 h à 19 h d'avril à septembre le samedi de 9 h à 12 h toute l'année</horaires> <type>PARTIC</type> <barriere>Inconnu</barriere> <compteOuvert>Inconnu</compteOuvert> <carte>Inconnu</carte> <blacklist>false</blacklist> <Point> <coordinates>-3.65339,48.04599,0</coordinates> </Point> </Placemark> <Placemark> <id>1055</id> <name>Decheterie Ploërmel</name> <description>Zi du Bois Vert, Rue Bernard Perrot 56800 Ploërmel</description> <horaires>Du lundi au Vendredi 13h30-18h30</horaires> <type>PARTIC</type> <barriere>Inconnu</barriere> <compteOuvert>Inconnu</compteOuvert> <carte>Inconnu</carte> <blacklist>false</blacklist> <Point> <coordinates>-2.368978,47.932236,0</coordinates> </Point> </Placemark> <Placemark> <id>1056</id> <name>Decheterie Porcaro</name> <description>la Lande de la Fontanelle 56380 Porcaro</description> <horaires>Du lundi au Vendredi 13h30-18h30</horaires> <type>PARTIC</type> <barriere>Inconnu</barriere> <compteOuvert>Inconnu</compteOuvert> <carte>Inconnu</carte> <blacklist>false</blacklist> <Point> <coordinates>-2.215506,47.910892,0</coordinates> </Point> </Placemark> <Placemark> <id>1057</id> <name>Decheterie ile-d'Arz</name> <description>Le Billic 56840 ILE-D'ARZ</description> <horaires>mardi et vendredi : 9h30-13h30 samedi : 14h30-16h30</horaires> <type>PARTIC</type> <barriere>Inconnu</barriere> <compteOuvert>Inconnu</compteOuvert> <carte>Inconnu</carte> <blacklist>false</blacklist> <Point> <coordinates>-2.802022,47.594293,0</coordinates> </Point> </Placemark> <Placemark> <id>1058</id> <name>Decheterie Le Palais</name> <description>Chubiguer 56360 Le Palais</description> <horaires>octobre - mars : 9h-12h et 14h-17h30 | avril - septembre : 8h-12h et 14h-18h</horaires> <type>PARTIC</type> <barriere>Inconnu</barriere> <compteOuvert>Inconnu</compteOuvert> <carte>Inconnu</carte> <blacklist>false</blacklist> <Point> <coordinates>-3.200876,47.352806,0</coordinates> </Point> </Placemark> <Placemark> <id>1059</id> <name>Decheterie Moréac</name> <description>Rue de Keramours 56500 Moréac</description> <horaires>Du lundi au Vendredi 13h30-18h30</horaires> <type>PARTIC</type> <barriere>Inconnu</barriere> <compteOuvert>Inconnu</compteOuvert> <carte>Inconnu</carte> <blacklist>false</blacklist> <Point> <coordinates>-2.817469,47.917043,0</coordinates> </Point> </Placemark> <Placemark> <id>1060</id> <name>Decheterie Le Faouët</name> <description>Za Pont-Min Est 56320 Le Faouët</description> <horaires>Du lundi au Vendredi 13h30-18h30</horaires> <type>PARTIC</type> <barriere>Inconnu</barriere> <compteOuvert>Inconnu</compteOuvert> <carte>Inconnu</carte> <blacklist>false</blacklist> <Point> <coordinates>-3.477803,48.031876,0</coordinates> </Point> </Placemark> <Placemark> <id>1061</id> <name>Decheterie Ruffiac</name> <description>la Lande des Arches 56140 Ruffiac</description> <horaires>Du lundi au Vendredi 13h30-18h30</horaires> <type>PARTIC</type> <barriere>Inconnu</barriere> <compteOuvert>Inconnu</compteOuvert> <carte>Inconnu</carte> <blacklist>false</blacklist> <Point> <coordinates>-2.313161,47.83254,0</coordinates> </Point> </Placemark> <Placemark> <id>1062</id> <name>Decheterie Le Guerno</name> <description>Rue Saint Michel 56190 Le Guerno</description> <horaires>Du lundi au Vendredi 13h30-18h30</horaires> <type>PARTIC</type> <barriere>Inconnu</barriere> <compteOuvert>Inconnu</compteOuvert> <carte>Inconnu</carte> <blacklist>false</blacklist> <Point> <coordinates>-2.417035,47.579751,0</coordinates> </Point> </Placemark> <Placemark> <id>1063</id> <name>Decheterie Guilliers</name> <description>56490 GUILLIERS</description> <horaires>lundi, jeudi : 8h30-18h samedi : 8h30-17h30</horaires> <type>PARTIC</type> <barriere>Inconnu</barriere> <compteOuvert>Inconnu</compteOuvert> <carte>Inconnu</carte> <blacklist>false</blacklist> <Point> <coordinates>-2.464982,48.071976,0</coordinates> </Point> </Placemark> <Placemark> <id>1064</id> <name>Decheterie Elven</name> <description>ZA de Lamboux 56250 ELVEN</description> <horaires>toute l'année: Lundi, mercredi, jeudi et vendredi :9h30-12h / 14h30-18h30 samedi : 9h30-12h45 /13h30-18h30 fermé les mardi et dimanche</horaires> <type>PARTIC</type> <barriere>Inconnu</barriere> <compteOuvert>Inconnu</compteOuvert> <carte>Inconnu</carte> <blacklist>false</blacklist> <Point> <coordinates>-2.593324,47.721661,0</coordinates> </Point> </Placemark> <Placemark> <id>1065</id> <name>Decheterie Riantec</name> <description>Zi de Villemarin 56670 Riantec</description> <horaires>Du lundi au Vendredi 13h30-18h30</horaires> <type>PARTIC</type> <barriere>Inconnu</barriere> <compteOuvert>Inconnu</compteOuvert> <carte>Inconnu</carte> <blacklist>false</blacklist> <Point> <coordinates>-3.320927,47.723808,0</coordinates> </Point> </Placemark> <Placemark> <id>1066</id> <name>Decheterie Languidic</name> <description>ZA de Lanveur 56440 LANGUIDIC</description> <horaires>9h30-12h 13h30-18h</horaires> <type>PARTIC</type> <barriere>Inconnu</barriere> <compteOuvert>Inconnu</compteOuvert> <carte>Inconnu</carte> <blacklist>false</blacklist> <Point> <coordinates>-3.170066,47.837672,0</coordinates> </Point> </Placemark> <Placemark> <id>1067</id> <name>Decheterie Quiberon</name> <description>le Mario 56170 Quiberon</description> <horaires>Du lundi au Vendredi 13h30-18h30</horaires> <type>PARTIC</type> <barriere>Inconnu</barriere> <compteOuvert>Inconnu</compteOuvert> <carte>Inconnu</carte> <blacklist>false</blacklist> <Point> <coordinates>-3.125854,47.497045,0</coordinates> </Point> </Placemark> <Placemark> <id>1068</id> <name>Decheterie Groix</name> <description>Kerbas 56590 Groix</description> <horaires>Du lundi au Vendredi 13h30-18h30</horaires> <type>PARTIC</type> <barriere>Inconnu</barriere> <compteOuvert>Inconnu</compteOuvert> <carte>Inconnu</carte> <blacklist>false</blacklist> <Point> <coordinates>-3.474194,47.636568,0</coordinates> </Point> </Placemark> <Placemark> <id>1069</id> <name>Decheterie Crach</name> <description>Le Sclegen 56950 CRACH</description> <horaires>9h-12h 13h30-17h30</horaires> <type>PARTIC</type> <barriere>Inconnu</barriere> <compteOuvert>Inconnu</compteOuvert> <carte>Inconnu</carte> <blacklist>false</blacklist> <Point> <coordinates>-2.987599,47.650587,0</coordinates> </Point> </Placemark> <Placemark> <id>1070</id> <name>Decheterie Merlevenez</name> <description>Za de Bellevue 56700 MERLEVENEZ</description> <horaires>9h-12h 14h-18h samedi 9h12/13h30-17h30</horaires> <type>PARTIC</type> <barriere>Inconnu</barriere> <compteOuvert>Inconnu</compteOuvert> <carte>Inconnu</carte> <blacklist>false</blacklist> <Point> <coordinates>-3.222424,47.738513,0</coordinates> </Point> </Placemark> <Placemark> <id>1071</id> <name>Decheterie Hennebont</name> <description>Kerpotence 56700 HENNEBONT</description> <horaires>Eté: 9h30-12h 14h-18h Hiver: 9h30-12h 13h30-19h</horaires> <type>PARTIC</type> <barriere>Inconnu</barriere> <compteOuvert>Inconnu</compteOuvert> <carte>Inconnu</carte> <blacklist>false</blacklist> <Point> <coordinates>-3.24105,47.815346,0</coordinates> </Point> </Placemark> <Placemark> <id>1072</id> <name>Decheterie Naizin</name> <description>Gouëh Glass 56500 Naizin</description> <horaires>10H12H 14H30-18H sauf le vendredi 14h30-18h</horaires> <type>PARTIC</type> <barriere>Inconnu</barriere> <compteOuvert>Inconnu</compteOuvert> <carte>Inconnu</carte> <blacklist>false</blacklist> <Point> <coordinates>-2.872374,47.977887,0</coordinates> </Point> </Placemark> <Placemark> <id>1073</id> <name>Decheterie Locmaria-Grand-Champ</name> <description>Kerherve 56390 LOCMARIA-GRAND-CHAMP</description> <horaires></horaires> <type>PARTIC</type> <barriere>Inconnu</barriere> <compteOuvert>Inconnu</compteOuvert> <carte>Inconnu</carte> <blacklist>false</blacklist> <Point> <coordinates>-2.802617,47.774039,0</coordinates> </Point> </Placemark> <Placemark> <id>1074</id> <name>Decheterie Pontivy</name> <description>Chemin de la Tille 21130 PONT</description> <horaires>Horaire d'ete (01/04 au 30/09) Horaire d'hiver (01/10 au 31/03) fermeture à 16H45 : MARDI 8h30-11h45 MERCREDI 14h-17h45 JEUDI 14h-17h45 VENDREDI 8h30-11h45 SAMEDI 8h30-11h45.</horaires> <type>PARTIC</type> <barriere>Inconnu</barriere> <compteOuvert>Inconnu</compteOuvert> <carte>Inconnu</carte> <blacklist>false</blacklist> <Point> <coordinates>-2.968309,48.035314,0</coordinates> </Point> </Placemark> <Placemark> <id>1075</id> <name>Decheterie Saint-Avé</name> <description>Zi de Kermelin 56890 Saint-Avé</description> <horaires>Du lundi au Vendredi 13h30-18h30</horaires> <type>PARTIC</type> <barriere>Inconnu</barriere> <compteOuvert>Inconnu</compteOuvert> <carte>Inconnu</carte> <blacklist>false</blacklist> <Point> <coordinates>-2.732764,47.678457,0</coordinates> </Point> </Placemark> <Placemark> <id>1076</id> <name>Decheterie Réguiny</name> <description>Reguiny 56500 Réguiny</description> <horaires>Du lundi au Vendredi 13h30-18h30</horaires> <type>PARTIC</type> <barriere>Inconnu</barriere> <compteOuvert>Inconnu</compteOuvert> <carte>Inconnu</carte> <blacklist>false</blacklist> <Point> <coordinates>-2.728084,47.982812,0</coordinates> </Point> </Placemark> <Placemark> <id>1077</id> <name>Decheterie Bréhan</name> <description>Za le Haut du Bois 56580 Bréhan</description> <horaires>Du lundi au Vendredi 13h30-18h30</horaires> <type>PARTIC</type> <barriere>Inconnu</barriere> <compteOuvert>Inconnu</compteOuvert> <carte>Inconnu</carte> <blacklist>false</blacklist> <Point> <coordinates>-2.692834,48.050344,0</coordinates> </Point> </Placemark> <Placemark> <id>1078</id> <name>Decheterie Bubry</name> <description>Lann Vihan 56310 Bubry</description> <horaires>Du lundi au Vendredi 13h30-18h30</horaires> <type>PARTIC</type> <barriere>Inconnu</barriere> <compteOuvert>Inconnu</compteOuvert> <carte>Inconnu</carte> <blacklist>false</blacklist> <Point> <coordinates>-3.1925,47.953822,0</coordinates> </Point> </Placemark> <Placemark> <id>1079</id> <name>Decheterie Guémené-sur-Scorff</name> <description>Za du Pre Rulan 56160 Guémené-sur-Scorff</description> <horaires>Du lundi au Vendredi 13h30-18h30</horaires> <type>PARTIC</type> <barriere>Inconnu</barriere> <compteOuvert>Inconnu</compteOuvert> <carte>Inconnu</carte> <blacklist>false</blacklist> <Point> <coordinates>-3.21097,48.064226,0</coordinates> </Point> </Placemark> <Placemark> <id>1080</id> <name>Decheterie Arzon</name> <description>Zone du Rédo 56640 ARZON</description> <horaires>lundi au samedi: 9h-12h, 14h-18h dimanche: 9h-12h</horaires> <type>PARTIC</type> <barriere>Inconnu</barriere> <compteOuvert>Inconnu</compteOuvert> <carte>Inconnu</carte> <blacklist>false</blacklist> <Point> <coordinates>-2.88341,47.546222,0</coordinates> </Point> </Placemark> <Placemark> <id>1081</id> <name>Decheterie Quéven</name> <description>Route de Gestel 56530 Quéven</description> <horaires>Du lundi au Vendredi 13h30-18h30</horaires> <type>PARTIC</type> <barriere>Inconnu</barriere> <compteOuvert>Inconnu</compteOuvert> <carte>Inconnu</carte> <blacklist>false</blacklist> <Point> <coordinates>-3.424985,47.79144,0</coordinates> </Point> </Placemark> <Placemark> <id>1082</id> <name>Decheterie Limerzel</name> <description>L'epine 56220 LIMERZEL</description> <horaires></horaires> <type>PARTIC</type> <barriere>Inconnu</barriere> <compteOuvert>Inconnu</compteOuvert> <carte>Inconnu</carte> <blacklist>false</blacklist> <Point> <coordinates>-2.367455,47.672192,0</coordinates> </Point> </Placemark> <Placemark> <id>1083</id> <name>Decheterie Le Croisty</name> <description>Rue des Sports 56540 Le Croisty</description> <horaires>14h-17h30</horaires> <type>PARTIC</type> <barriere>Inconnu</barriere> <compteOuvert>Inconnu</compteOuvert> <carte>Inconnu</carte> <blacklist>false</blacklist> <Point> <coordinates>-3.366718,48.067491,0</coordinates> </Point> </Placemark> <Placemark> <id>1084</id> <name>Decheterie Pluvigner</name> <description>Place Saint-Michel 56330 Pluvigner</description> <horaires>Du lundi au Vendredi 13h30-18h30</horaires> <type>PARTIC</type> <barriere>Inconnu</barriere> <compteOuvert>Inconnu</compteOuvert> <carte>Inconnu</carte> <blacklist>false</blacklist> <Point> <coordinates>-3.014739,47.754337,0</coordinates> </Point> </Placemark> <Placemark> <id>1085</id> <name>Decheterie Saint-Gildas-de-Rhuys</name> <description>Reisceux 56730 Saint-Gildas-de-Rhuys</description> <horaires>Du lundi au Vendredi 13h30-18h30</horaires> <type>PARTIC</type> <barriere>Inconnu</barriere> <compteOuvert>Inconnu</compteOuvert> <carte>Inconnu</carte> <blacklist>false</blacklist> <Point> <coordinates>-2.812873,47.501029,0</coordinates> </Point> </Placemark> <Placemark> <id>1086</id> <name>Decheterie Saint-Vincent-sur-Oust</name> <description>79500 SAINT VINCENT</description> <horaires></horaires> <type>PARTIC</type> <barriere>Inconnu</barriere> <compteOuvert>Inconnu</compteOuvert> <carte>Inconnu</carte> <blacklist>false</blacklist> <Point> <coordinates>-2.138316,47.683719,0</coordinates> </Point> </Placemark> <Placemark> <id>1087</id> <name>Decheterie Sarzeau</name> <description>Boderin 56370 Sarzeau</description> <horaires>Du lundi au samedi: 9h-12h 14h-18h | dimanche: 9h-12h</horaires> <type>PARTIC</type> <barriere>Inconnu</barriere> <compteOuvert>Inconnu</compteOuvert> <carte>Inconnu</carte> <blacklist>false</blacklist> <Point> <coordinates>-2.70875,47.523933,0</coordinates> </Point> </Placemark> <Placemark> <id>1088</id> <name>Decheterie Sérent</name> <description>Za du Gros Chêne 56460 Sérent</description> <horaires>Lundi: 13h30-18h | mercredi, vendredi, samedi:9h-12h 13h30-18h</horaires> <type>PARTIC</type> <barriere>Inconnu</barriere> <compteOuvert>Inconnu</compteOuvert> <carte>Inconnu</carte> <blacklist>false</blacklist> <Point> <coordinates>-2.440305,47.820331,0</coordinates> </Point> </Placemark> <Placemark> <id>1089</id> <name>Decheterie Vannes</name> <description>Rue Jean Perrin 56000 Vannes</description> <horaires>Lundi, mardi, mercredi, vendredi et samedi : 9h30-13h00 et 14h00-18h00 | Jeudi : 9h30-13h</horaires> <type>PARTIC</type> <barriere>Inconnu</barriere> <compteOuvert>Inconnu</compteOuvert> <carte>Inconnu</carte> <blacklist>false</blacklist> <Point> <coordinates>-2.745976,47.642143,0</coordinates> </Point> </Placemark> <Placemark> <id>1090</id> <name>Decheterie Abbécourt</name> <description>Chemin de Brunehaut 60430 Abbécourt</description> <horaires>Du lundi au Vendredi 13h30-18h30</horaires> <type>PARTIC</type> <barriere>Inconnu</barriere> <compteOuvert>Inconnu</compteOuvert> <carte>Inconnu</carte> <blacklist>false</blacklist> <Point> <coordinates>2.143236,49.35255,0</coordinates> </Point> </Placemark> <Placemark> <id>1091</id> <name>Decheterie Creil</name> <description>Parc Alata 60100 Creil</description> <horaires>Du lundi au Vendredi 13h30-18h30</horaires> <type>PARTIC</type> <barriere>Inconnu</barriere> <compteOuvert>Inconnu</compteOuvert> <carte>Inconnu</carte> <blacklist>false</blacklist> <Point> <coordinates>2.497803,49.257724,0</coordinates> </Point> </Placemark> <Placemark> <id>1092</id> <name>Decheterie Laboissière-en-Thelle</name> <description>Lieu Dit la Roquette 60570 Laboissière-en-Thelle</description> <horaires>Du lundi au Vendredi 13h30-18h30</horaires> <type>PARTIC</type> <barriere>Inconnu</barriere> <compteOuvert>Inconnu</compteOuvert> <carte>Inconnu</carte> <blacklist>false</blacklist> <Point> <coordinates>2.147656,49.282631,0</coordinates> </Point> </Placemark> <Placemark> <id>1093</id> <name>Decheterie Laigneville</name> <description>Rue Pierre et Marie Curie 60290 Laigneville</description> <horaires>Du lundi au Vendredi 13h30-18h30</horaires> <type>PARTIC</type> <barriere>Inconnu</barriere> <compteOuvert>Inconnu</compteOuvert> <carte>Inconnu</carte> <blacklist>false</blacklist> <Point> <coordinates>2.449241,49.293603,0</coordinates> </Point> </Placemark> <Placemark> <id>1094</id> <name>Decheterie Lamorlaye</name> <description>Route de la Seigneurerie 60260 Lamorlaye</description> <horaires>Du lundi au Vendredi 13h30-18h30</horaires> <type>PARTIC</type> <barriere>Inconnu</barriere> <compteOuvert>Inconnu</compteOuvert> <carte>Inconnu</carte> <blacklist>false</blacklist> <Point> <coordinates>2.423518,49.150382,0</coordinates> </Point> </Placemark> <Placemark> <id>1095</id> <name>Decheterie Le Plessis-Belleville</name> <description>ZI du Pain Perdu 69220 Belleville</description> <horaires>Du 06/10/2007 au 31/12/2008En saison estivale de mai à septembre : ouvert du lundi au vendredi de 14h à 19h et le samedi de 9h à 12h et de 13h30 à 18h. En basse saison d'octobre à avril : ouvert du lundi au vendredi de 14h à 18h30 et le samedi de 9h à 12h et de 13h30 à 17h. Fermé les jours fériés.</horaires> <type>PARTIC</type> <barriere>Inconnu</barriere> <compteOuvert>Inconnu</compteOuvert> <carte>Inconnu</carte> <blacklist>false</blacklist> <Point> <coordinates>2.753254,49.10226,0</coordinates> </Point> </Placemark> <Placemark> <id>1096</id> <name>Decheterie Liancourt-Saint-Pierre</name> <description>Rue des Mines 59171 ERRE</description> <horaires>Eté (01/03 au 28/02) : Lundi au samedi : 9 h-12h / 13h-19h dimanche: 9h-12h Hiver (01/11 au 28/02) : Lundi au samedi : 9 h-12h / 13h-17h dimanche: 9h-12h</horaires> <type>PARTIC</type> <barriere>Inconnu</barriere> <compteOuvert>Inconnu</compteOuvert> <carte>Inconnu</carte> <blacklist>false</blacklist> <Point> <coordinates>1.905743,49.21632,0</coordinates> </Point> </Placemark> <Placemark> <id>1097</id> <name>Decheterie Thourotte</name> <description>Rue des Amours 60150 Thourotte</description> <horaires>Du lundi au Vendredi 13h30-18h30</horaires> <type>PARTIC</type> <barriere>Inconnu</barriere> <compteOuvert>Inconnu</compteOuvert> <carte>Inconnu</carte> <blacklist>false</blacklist> <Point> <coordinates>2.875246,49.472335,0</coordinates> </Point> </Placemark> <Placemark> <id>1098</id> <name>Decheterie Verberie</name> <description>Route de Saint Sauveur 60410 Verberie</description> <horaires>Du mardi au samedi: 9h-12h/14h-18h | Dimanche: 9h-12h</horaires> <type>PARTIC</type> <barriere>Inconnu</barriere> <compteOuvert>Inconnu</compteOuvert> <carte>Inconnu</carte> <blacklist>false</blacklist> <Point> <coordinates>2.758545,49.320321,0</coordinates> </Point> </Placemark> <Placemark> <id>1099</id> <name>Decheterie Villers-Saint-Paul</name> <description>Rue Frédéric et Irène Joliot Curie 60870 Villers-Saint-Paul</description> <horaires>Du mardi au samedi: 9h-12h/14h-18h | Dimanche: 9h-12h</horaires> <type>PARTIC</type> <barriere>Inconnu</barriere> <compteOuvert>Inconnu</compteOuvert> <carte>Inconnu</carte> <blacklist>false</blacklist> <Point> <coordinates>2.501397,49.281515,0</coordinates> </Point> </Placemark> <Placemark> <id>1100</id> <name>Decheterie Crèvecoeur-le-Grand</name> <description>Route de Breteuil 60360 Crèvecoeur-le-Grand</description> <horaires>Du lundi au Vendredi 13h30-18h30</horaires> <type>PARTIC</type> <barriere>Inconnu</barriere> <compteOuvert>Inconnu</compteOuvert> <carte>Inconnu</carte> <blacklist>false</blacklist> <Point> <coordinates>2.092983,49.609056,0</coordinates> </Point> </Placemark> <Placemark> <id>1101</id> <name>Decheterie Auneuil</name> <description>Rue de la Sablière 60390 Auneuil</description> <horaires>Du lundi au Vendredi 13h30-18h30</horaires> <type>PARTIC</type> <barriere>Inconnu</barriere> <compteOuvert>Inconnu</compteOuvert> <carte>Inconnu</carte> <blacklist>false</blacklist> <Point> <coordinates>1.994856,49.381684,0</coordinates> </Point> </Placemark> <Placemark> <id>1102</id> <name>Decheterie Brenouille</name> <description>Allée des Artisans 60870 Brenouille</description> <horaires>Du lundi au Vendredi 13h30-18h30</horaires> <type>PARTIC</type> <barriere>Inconnu</barriere> <compteOuvert>Inconnu</compteOuvert> <carte>Inconnu</carte> <blacklist>false</blacklist> <Point> <coordinates>2.577554,49.306357,0</coordinates> </Point> </Placemark> <Placemark> <id>1103</id> <name>Decheterie Compiègne</name> <description>12, Avenue de Flandres Dunkerque 60200 Compiègne</description> <horaires>Du lundi au Vendredi 13h30-18h30</horaires> <type>PARTIC</type> <barriere>Inconnu</barriere> <compteOuvert>Inconnu</compteOuvert> <carte>Inconnu</carte> <blacklist>false</blacklist> <Point> <coordinates>2.796336,49.385438,0</coordinates> </Point> </Placemark> <Placemark> <id>1104</id> <name>Decheterie Compiègne</name> <description>50 Route de Choisy au Bac 60200 Compiègne</description> <horaires>Du lundi au Vendredi 13h30-18h30</horaires> <type>PARTIC</type> <barriere>Inconnu</barriere> <compteOuvert>Inconnu</compteOuvert> <carte>Inconnu</carte> <blacklist>false</blacklist> <Point> <coordinates>2.853532,49.428414,0</coordinates> </Point> </Placemark> <Placemark> <id>1105</id> <name>Decheterie Barbery</name> <description>Rue de Meaux 60810 Barbery</description> <horaires>Du lundi au Vendredi 13h30-18h30</horaires> <type>PARTIC</type> <barriere>Inconnu</barriere> <compteOuvert>Inconnu</compteOuvert> <carte>Inconnu</carte> <blacklist>false</blacklist> <Point> <coordinates>2.679861,49.215556,0</coordinates> </Point> </Placemark> <Placemark> <id>1106</id> <name>Decheterie Grémévillers</name> <description>Rd 150 Hameau de Fretoy 60380 Grémévillers</description> <horaires>Du lundi au Vendredi 13h30-18h30</horaires> <type>PARTIC</type> <barriere>Inconnu</barriere> <compteOuvert>Inconnu</compteOuvert> <carte>Inconnu</carte> <blacklist>false</blacklist> <Point> <coordinates>1.897833,49.552935,0</coordinates> </Point> </Placemark> <Placemark> <id>1107</id> <name>Decheterie Guiscard</name> <description>Chemin du Fond d'Acq 60640 Guiscard</description> <horaires>Du lundi au Vendredi 13h30-18h30</horaires> <type>PARTIC</type> <barriere>Inconnu</barriere> <compteOuvert>Inconnu</compteOuvert> <carte>Inconnu</carte> <blacklist>false</blacklist> <Point> <coordinates>3.055965,49.662228,0</coordinates> </Point> </Placemark> <Placemark> <id>1108</id> <name>Decheterie La Neuville-Roy</name> <description>Lieu Dit la Sucrerie 60190 La Neuville-Roy</description> <horaires>Du lundi au Vendredi 13h30-18h30</horaires> <type>PARTIC</type> <barriere>Inconnu</barriere> <compteOuvert>Inconnu</compteOuvert> <carte>Inconnu</carte> <blacklist>false</blacklist> <Point> <coordinates>2.566293,49.492172,0</coordinates> </Point> </Placemark> <Placemark> <id>1109</id> <name>Decheterie Lachapelle-aux-Pots</name> <description>Rue de la Prairie 60650 Lachapelle-aux-Pots</description> <horaires>Du lundi au Vendredi 13h30-18h30</horaires> <type>PARTIC</type> <barriere>Inconnu</barriere> <compteOuvert>Inconnu</compteOuvert> <carte>Inconnu</carte> <blacklist>false</blacklist> <Point> <coordinates>1.903462,49.442529,0</coordinates> </Point> </Placemark> <Placemark> <id>1110</id> <name>Decheterie Le Mesnil-en-Thelle</name> <description>Rd 924 60530 Le Mesnil-en-Thelle</description> <horaires>Du lundi au Vendredi 13h30-18h30</horaires> <type>PARTIC</type> <barriere>Inconnu</barriere> <compteOuvert>Inconnu</compteOuvert> <carte>Inconnu</carte> <blacklist>false</blacklist> <Point> <coordinates>2.277333,49.165842,0</coordinates> </Point> </Placemark> <Placemark> <id>1111</id> <name>Decheterie Longueil-Sainte-Marie</name> <description>Za la Lande du Guenet 35600 Sainte-Marie</description> <horaires>Lundi : 14 h - 17 h 30 Mardi : 14 h - 17 h 30 Mercredi : 14 h - 17 h 30 Jeudi : 14 h - 17 h 30 Vendredi : 14 h - 17 h 30 Samedi : 9 h 30 - 12 h et 14 h - 17 h 30</horaires> <type>PARTIC</type> <barriere>Inconnu</barriere> <compteOuvert>Inconnu</compteOuvert> <carte>Inconnu</carte> <blacklist>false</blacklist> <Point> <coordinates>2.712459,49.370444,0</coordinates> </Point> </Placemark> <Placemark> <id>1112</id> <name>Decheterie Morienval</name> <description>Route de Pierrefonds 60127 Morienval</description> <horaires>Du lundi au Vendredi 13h30-18h30</horaires> <type>PARTIC</type> <barriere>Inconnu</barriere> <compteOuvert>Inconnu</compteOuvert> <carte>Inconnu</carte> <blacklist>false</blacklist> <Point> <coordinates>2.92461,49.303084,0</coordinates> </Point> </Placemark> <Placemark> <id>1113</id> <name>Decheterie Plailly</name> <description>Route de Survilliers 60128 Plailly</description> <horaires>Du lundi au Vendredi 13h30-18h30</horaires> <type>PARTIC</type> <barriere>Inconnu</barriere> <compteOuvert>Inconnu</compteOuvert> <carte>Inconnu</carte> <blacklist>false</blacklist> <Point> <coordinates>2.559592,49.101981,0</coordinates> </Point> </Placemark> <Placemark> <id>1114</id> <name>Decheterie Ressons-sur-Matz</name> <description>60 490 Ressons sur Matz 60490 Ressons-sur-Matz</description> <horaires>Du lundi au Vendredi 13h30-18h30</horaires> <type>PARTIC</type> <barriere>Inconnu</barriere> <compteOuvert>Inconnu</compteOuvert> <carte>Inconnu</carte> <blacklist>false</blacklist> <Point> <coordinates>2.740677,49.533513,0</coordinates> </Point> </Placemark> <Placemark> <id>1115</id> <name>Decheterie Ribécourt-Dreslincourt</name> <description>Zac de la Grérie 60170 Ribécourt-Dreslincourt</description> <horaires>Du lundi au Vendredi 13h30-18h30</horaires> <type>PARTIC</type> <barriere>Inconnu</barriere> <compteOuvert>Inconnu</compteOuvert> <carte>Inconnu</carte> <blacklist>false</blacklist> <Point> <coordinates>2.924474,49.517049,0</coordinates> </Point> </Placemark> <Placemark> <id>1116</id> <name>Decheterie Saint-Just-en-Chaussée</name> <description>18340 Saint-Just</description> <horaires>1/11 au 31/03 : lundi, samedi : 9h-12h 14h-17h mercredi, vendredi : 14h-17h 1/04 au 30/10 : lundi, samedi : 9h-12h 15h-18h mercredi, vendredi : 15h-18h</horaires> <type>PARTIC</type> <barriere>Inconnu</barriere> <compteOuvert>Inconnu</compteOuvert> <carte>Inconnu</carte> <blacklist>false</blacklist> <Point> <coordinates>2.432635,49.500747,0</coordinates> </Point> </Placemark> <Placemark> <id>1117</id> <name>Decheterie Saint-Leu-d'Esserent</name> <description>Zi du Renoir Rue Marcel Paul 60340 Saint-Leu-d'Esserent</description> <horaires>Du lundi au Vendredi 13h30-18h30</horaires> <type>PARTIC</type> <barriere>Inconnu</barriere> <compteOuvert>Inconnu</compteOuvert> <carte>Inconnu</carte> <blacklist>false</blacklist> <Point> <coordinates>2.435714,49.230087,0</coordinates> </Point> </Placemark> <Placemark> <id>1118</id> <name>Decheterie Sérifontaine</name> <description>Rue du 8 Mai 1945 60590 Sérifontaine</description> <horaires>Hiver 18/10-29/03 : Mardi, Vendredi, Samedi 9h-12h/13h30-17h30 | Eté 30/03-17/10 : Mardi, Mercredi, Vendredi, Samedi 9h-12h/13h30-18h</horaires> <type>PARTIC</type> <barriere>Inconnu</barriere> <compteOuvert>Inconnu</compteOuvert> <carte>Inconnu</carte> <blacklist>false</blacklist> <Point> <coordinates>1.763714,49.36224,0</coordinates> </Point> </Placemark> <Placemark> <id>1119</id> <name>Decheterie Villers-Saint-Sépulcre</name> <description>Chemin du Marais 60134 Villers-Saint-Sépulcre</description> <horaires>Hiver de novembre à février : Lundi 9h-12h/14h-17h | Mardi, Mercredi, Jeudi, Vendredi 14h-17h | Samedi 9h30-12h30/14h-18h | Eté de mars à octobre : Lundi 9h-12h/14h-18h | Mardi, Mercredi, Jeudi, Vendredi 14h-18h | Samedi 9h30-12h30/14h-18h</horaires> <type>PARTIC</type> <barriere>Inconnu</barriere> <compteOuvert>Inconnu</compteOuvert> <carte>Inconnu</carte> <blacklist>false</blacklist> <Point> <coordinates>2.223423,49.36079,0</coordinates> </Point> </Placemark> <Placemark> <id>1120</id> <name>Decheterie Lassigny</name> <description>route de Savigny Les Chagnats 18260 Assigny</description> <horaires>Lundi, mercredi et samedi 01/10 au 31/03 : 8h-12 14h-17h 01/04 au 30/09 : 8h-12h 14h-19h</horaires> <type>PARTIC</type> <barriere>Inconnu</barriere> <compteOuvert>Inconnu</compteOuvert> <carte>Inconnu</carte> <blacklist>false</blacklist> <Point> <coordinates>2.850467,49.59313,0</coordinates> </Point> </Placemark> <Placemark> <id>1121</id> <name>Decheterie Bornel</name> <description>Za d'Outreville 60540 Bornel</description> <horaires>Du lundi au Vendredi 13h30-18h30</horaires> <type>PARTIC</type> <barriere>Inconnu</barriere> <compteOuvert>Inconnu</compteOuvert> <carte>Inconnu</carte> <blacklist>false</blacklist> <Point> <coordinates>2.225633,49.20471,0</coordinates> </Point> </Placemark> <Placemark> <id>1122</id> <name>Decheterie Beauvais</name> <description>17 Rue Joseph Cugnot 60155 Beauvais</description> <horaires>Du lundi au Vendredi 13h30-18h30</horaires> <type>PARTIC</type> <barriere>Inconnu</barriere> <compteOuvert>Inconnu</compteOuvert> <carte>Inconnu</carte> <blacklist>false</blacklist> <Point> <coordinates>2.12285,49.42268,0</coordinates> </Point> </Placemark> <Placemark> <id>1123</id> <name>Decheterie Crépy-en-Valois</name> <description>Route de Lévignen 60800 Crépy-en-Valois</description> <horaires>Du lundi au Vendredi 13h30-18h30</horaires> <type>PARTIC</type> <barriere>Inconnu</barriere> <compteOuvert>Inconnu</compteOuvert> <carte>Inconnu</carte> <blacklist>false</blacklist> <Point> <coordinates>2.899376,49.219001,0</coordinates> </Point> </Placemark> <Placemark> <id>1124</id> <name>Decheterie Breteuil</name> <description>Departementale 55 Le Clos Fouquet 27160 Breteuil</description> <horaires>Hiver : du 01/11 au 28/02 Lundi, mercr, vend, sam: 9h30-11h15/14h-17h45 Jeudi : 16-17h45 Dim: 9h30-11h15 Eté 31/03 au 31/10 Lundi, mercr, vend: 9-11h45/15h-18h45 Jeudi : 15-18h45 Sam : 9-11h45/14-18h45 Dim : 9h30</horaires> <type>PARTIC</type> <barriere>Inconnu</barriere> <compteOuvert>Inconnu</compteOuvert> <carte>Inconnu</carte> <blacklist>false</blacklist> <Point> <coordinates>2.318234,49.626783,0</coordinates> </Point> </Placemark> <Placemark> <id>1125</id> <name>Decheterie Betz</name> <description>Rue Bauxis Lagrave 60620 Betz</description> <horaires>Du lundi au Vendredi 13h30-18h30</horaires> <type>PARTIC</type> <barriere>Inconnu</barriere> <compteOuvert>Inconnu</compteOuvert> <carte>Inconnu</carte> <blacklist>false</blacklist> <Point> <coordinates>2.966308,49.153828,0</coordinates> </Point> </Placemark> <Placemark> <id>1126</id> <name>Decheterie Bulles</name> <description>Chemin de Dupille 60130 Bulles</description> <horaires>Du lundi au Vendredi 13h30-18h30</horaires> <type>PARTIC</type> <barriere>Inconnu</barriere> <compteOuvert>Inconnu</compteOuvert> <carte>Inconnu</carte> <blacklist>false</blacklist> <Point> <coordinates>2.32538,49.464932,0</coordinates> </Point> </Placemark> <Placemark> <id>1127</id> <name>Decheterie Bury</name> <description>Zac du Bois Noir 60250 Bury</description> <horaires>Du lundi au Vendredi 13h30-18h30</horaires> <type>PARTIC</type> <barriere>Inconnu</barriere> <compteOuvert>Inconnu</compteOuvert> <carte>Inconnu</carte> <blacklist>false</blacklist> <Point> <coordinates>2.332619,49.314798,0</coordinates> </Point> </Placemark> <Placemark> <id>1128</id> <name>Decheterie Hermes</name> <description>Rue du Moulin de l'Isle 60370 Hermes</description> <horaires>Du lundi au Vendredi 13h30-18h30</horaires> <type>PARTIC</type> <barriere>Inconnu</barriere> <compteOuvert>Inconnu</compteOuvert> <carte>Inconnu</carte> <blacklist>false</blacklist> <Point> <coordinates>2.262772,49.351229,0</coordinates> </Point> </Placemark> <Placemark> <id>1129</id> <name>Decheterie Neuilly-en-Thelle</name> <description>Za de la Croix de Guerre 60530 Neuilly-en-Thelle</description> <horaires>Du lundi au Vendredi 13h30-18h30</horaires> <type>PARTIC</type> <barriere>Inconnu</barriere> <compteOuvert>Inconnu</compteOuvert> <carte>Inconnu</carte> <blacklist>false</blacklist> <Point> <coordinates>2.292243,49.230103,0</coordinates> </Point> </Placemark> <Placemark> <id>1130</id> <name>Decheterie Noyon</name> <description>Chemin des Prêtres 60400 Noyon</description> <horaires>Du lundi au Vendredi 13h30-18h30</horaires> <type>PARTIC</type> <barriere>Inconnu</barriere> <compteOuvert>Inconnu</compteOuvert> <carte>Inconnu</carte> <blacklist>false</blacklist> <Point> <coordinates>3.019494,49.577352,0</coordinates> </Point> </Placemark> <Placemark> <id>1131</id> <name>Decheterie Sainte-Geneviève</name> <description>Zi de Sainte Geneviève 60730 Sainte-Geneviève</description> <horaires>Hiver (du 1/11 au 31/03) | Lundi : 14h à 18h | Mercredi : 9h à 13h | Samedi : 9h à 12h-14h à 18h | Eté (du 1/04 au 31/10) | Lundi : 14h à 19h | Mercredi : 9h à 13h | Samedi : 9h à 12h-14h à 19h</horaires> <type>PARTIC</type> <barriere>Inconnu</barriere> <compteOuvert>Inconnu</compteOuvert> <carte>Inconnu</carte> <blacklist>false</blacklist> <Point> <coordinates>2.207354,49.2788,0</coordinates> </Point> </Placemark> <Placemark> <id>1132</id> <name>Decheterie Breuil-le-Sec</name> <description>143 Rue des Sables 60600 Breuil-le-Sec</description> <horaires>Du lundi au Vendredi 13h30-18h30</horaires> <type>PARTIC</type> <barriere>Inconnu</barriere> <compteOuvert>Inconnu</compteOuvert> <carte>Inconnu</carte> <blacklist>false</blacklist> <Point> <coordinates>2.457837,49.382188,0</coordinates> </Point> </Placemark> <Placemark> <id>1133</id> <name>Decheterie Bailleul-sur-Thérain</name> <description>Rue de Lille 59270 Bailleul</description> <horaires>Eté (01/04 au 31/10): Lundi,mercredi, jeudi, vendredi et samedi : 10H - 12H / 14H - 18H30 Dimanche : 10H - 12H Hiver (01/11 au 31/03): Lundi,mercredi, jeudi, vendredi et samedi : 10H - 12H / 14H - 17H</horaires> <type>PARTIC</type> <barriere>Inconnu</barriere> <compteOuvert>Inconnu</compteOuvert> <carte>Inconnu</carte> <blacklist>false</blacklist> <Point> <coordinates>2.249938,49.391324,0</coordinates> </Point> </Placemark> <Placemark> <id>1134</id> <name>Decheterie Attichy</name> <description>Za Rue des Sucens 60350 Attichy</description> <horaires>Du lundi au Vendredi 13h30-18h30</horaires> <type>PARTIC</type> <barriere>Inconnu</barriere> <compteOuvert>Inconnu</compteOuvert> <carte>Inconnu</carte> <blacklist>false</blacklist> <Point> <coordinates>3.043302,49.40514,0</coordinates> </Point> </Placemark> <Placemark> <id>1135</id> <name>Decheterie Froissy</name> <description>Zi, Rue des Champs 60480 Froissy</description> <horaires>Du lundi au Vendredi 13h30-18h30</horaires> <type>PARTIC</type> <barriere>Inconnu</barriere> <compteOuvert>Inconnu</compteOuvert> <carte>Inconnu</carte> <blacklist>false</blacklist> <Point> <coordinates>2.232999,49.563156,0</coordinates> </Point> </Placemark> <Placemark> <id>1136</id> <name>Decheterie Feuquières</name> <description>Zi du Moulin Renard 60960 Feuquières</description> <horaires>Du lundi au Vendredi 13h30-18h30</horaires> <type>PARTIC</type> <barriere>Inconnu</barriere> <compteOuvert>Inconnu</compteOuvert> <carte>Inconnu</carte> <blacklist>false</blacklist> <Point> <coordinates>1.8581,49.652886,0</coordinates> </Point> </Placemark> <Placemark> <id>1137</id> <name>Decheterie Ansauvillers</name> <description>Route de Gannes 60120 Ansauvillers</description> <horaires>Du lundi au Vendredi 13h30-18h30</horaires> <type>PARTIC</type> <barriere>Inconnu</barriere> <compteOuvert>Inconnu</compteOuvert> <carte>Inconnu</carte> <blacklist>false</blacklist> <Point> <coordinates>2.392747,49.567191,0</coordinates> </Point> </Placemark> <Placemark> <id>1138</id> <name>Decheterie Estrées-Saint-Denis</name> <description>Route de Rémy 60190 Estrées-Saint-Denis</description> <horaires>Du lundi au Vendredi 13h30-18h30</horaires> <type>PARTIC</type> <barriere>Inconnu</barriere> <compteOuvert>Inconnu</compteOuvert> <carte>Inconnu</carte> <blacklist>false</blacklist> <Point> <coordinates>2.653262,49.430416,0</coordinates> </Point> </Placemark> <Placemark> <id>1139</id> <name>Decheterie Clairoix</name> <description>la Grande Couture 60200 Clairoix</description> <horaires>Du lundi au Vendredi 13h30-18h30</horaires> <type>PARTIC</type> <barriere>Inconnu</barriere> <compteOuvert>Inconnu</compteOuvert> <carte>Inconnu</carte> <blacklist>false</blacklist> <Point> <coordinates>2.833598,49.440953,0</coordinates> </Point> </Placemark> <Placemark> <id>1140</id> <name>Decheterie Maignelay-Montigny</name> <description>Route de la Croix de Coivrel 60420 Maignelay-Montigny</description> <horaires>Du lundi au Vendredi 13h30-18h30</horaires> <type>PARTIC</type> <barriere>Inconnu</barriere> <compteOuvert>Inconnu</compteOuvert> <carte>Inconnu</carte> <blacklist>false</blacklist> <Point> <coordinates>2.532516,49.554241,0</coordinates> </Point> </Placemark> <Placemark> <id>1141</id> <name>Decheterie Saint-Germer-de-Fly</name> <description>Rd 22 Vers le Coudray St Germer 60850 Saint-Germer-de-Fly</description> <horaires>Du lundi au Vendredi 13h30-18h30</horaires> <type>PARTIC</type> <barriere>Inconnu</barriere> <compteOuvert>Inconnu</compteOuvert> <carte>Inconnu</carte> <blacklist>false</blacklist> <Point> <coordinates>1.805564,49.420324,0</coordinates> </Point> </Placemark> <Placemark> <id>1142</id> <name>Decheterie Velennes</name> <description>Chemin du Tour de Ville 60510 Velennes</description> <horaires>Lundi : 14h-17h | Mercredi : 14h-17h30 | Samedi : 14h-17h</horaires> <type>PARTIC</type> <barriere>Inconnu</barriere> <compteOuvert>Inconnu</compteOuvert> <carte>Inconnu</carte> <blacklist>false</blacklist> <Point> <coordinates>2.187862,49.472629,0</coordinates> </Point> </Placemark> <Placemark> <id>1143</id> <name>Decheterie Annoeullin</name> <description>Rue Condorcet 59112 ANNOEULLIN</description> <horaires>Lundi au samedi : 9h - 11h45 / 13h - 18h45 dimanche : 9h - 11h45 Hiver : Lundi au samedi : 9h - 11h45 / 13h - 16h45 dimanche : 9h - 11h45</horaires> <type>PARTIC</type> <barriere>Inconnu</barriere> <compteOuvert>Inconnu</compteOuvert> <carte>Inconnu</carte> <blacklist>false</blacklist> <Point> <coordinates>2.938968,50.528874,0</coordinates> </Point> </Placemark> <Placemark> <id>1144</id> <name>Decheterie Arleux</name> <description>Avenue de la Gare 59151 Arleux</description> <horaires>Eté (01/04 au 30/09) : Lundi au samedi: 8h30-11h45/13h3-17h45 Dimanche: 8h30-11h45 Hiver (01/10 au 31/03) : Lundi au samedi: 8h30-11h45/13h30-16h45 Dimanche: 8h30-11h45</horaires> <type>PARTIC</type> <barriere>Inconnu</barriere> <compteOuvert>Inconnu</compteOuvert> <carte>Inconnu</carte> <blacklist>false</blacklist> <Point> <coordinates>3.119253,50.287869,0</coordinates> </Point> </Placemark> <Placemark> <id>1145</id> <name>Decheterie Aulnoye-Aymeries</name> <description>Rue la Fontaine 59620 AULNOYE-AYMERIES</description> <horaires>Eté (01/03 au 31/10): lundi, mardi, jeudi et vendredi : 14h - 18h45 mercredi et samedi : 9h - 18h45 dimanche: 9h - 11h45 Hiver : lundi, mardi, jeudi et vendredi : 13h - 17h45 mercredi et samedi : 8h - 17h45 dimanche: 9h-11h45</horaires> <type>PARTIC</type> <barriere>Inconnu</barriere> <compteOuvert>Inconnu</compteOuvert> <carte>Inconnu</carte> <blacklist>false</blacklist> <Point> <coordinates>3.82796,50.20867,0</coordinates> </Point> </Placemark> <Placemark> <id>1146</id> <name>Decheterie Bailleul</name> <description>Rue de Lille 59270 Bailleul</description> <horaires>Eté (01/04 au 31/10): Lundi,mercredi, jeudi, vendredi et samedi : 10H - 12H / 14H - 18H30 Dimanche : 10H - 12H Hiver (01/11 au 31/03): Lundi,mercredi, jeudi, vendredi et samedi : 10H - 12H / 14H - 17H</horaires> <type>PARTIC</type> <barriere>Inconnu</barriere> <compteOuvert>Inconnu</compteOuvert> <carte>Inconnu</carte> <blacklist>false</blacklist> <Point> <coordinates>2.735958,50.723083,0</coordinates> </Point> </Placemark> <Placemark> <id>1147</id> <name>Decheterie Beauvois-en-Cambrésis</name> <description>Cv N° 5 59157 Beauvois-en-Cambrésis</description> <horaires>Du lundi au Vendredi 13h30-18h30</horaires> <type>PARTIC</type> <barriere>Inconnu</barriere> <compteOuvert>Inconnu</compteOuvert> <carte>Inconnu</carte> <blacklist>false</blacklist> <Point> <coordinates>3.378212,50.150375,0</coordinates> </Point> </Placemark> <Placemark> <id>1148</id> <name>Decheterie Bierné</name> <description>Za du Bieren Dyck 59380 Bierné</description> <horaires>Du lundi au Vendredi 13h30-18h30</horaires> <type>PARTIC</type> <barriere>Inconnu</barriere> <compteOuvert>Inconnu</compteOuvert> <carte>Inconnu</carte> <blacklist>false</blacklist> <Point> <coordinates>2.414739,50.956939,0</coordinates> </Point> </Placemark> <Placemark> <id>1149</id> <name>Decheterie Bray-Dunes</name> <description>Rue Pierre Decocq 59123 BRAY-DUNES</description> <horaires>Été (du 1er mars au 31 octobre) : Lundi au samedi : 8h30 - 12h15 / 13h45h - 18h30 Dimanche : 8h30 - 12h15 Hiver (du 01 novembre au 28 février) Lundi au samedi: 8h30-12h15 / 13h45-17h30 Dimanche: 8h30-12h15</horaires> <type>PARTIC</type> <barriere>Inconnu</barriere> <compteOuvert>Inconnu</compteOuvert> <carte>Inconnu</carte> <blacklist>false</blacklist> <Point> <coordinates>2.5216,51.062295,0</coordinates> </Point> </Placemark> <Placemark> <id>1150</id> <name>Decheterie Cambrai</name> <description>Rue du champ de tir 59400 CAMBRAI</description> <horaires>Eté (01/04 au 30/09): Lundi/Jeudi/Samedi : 9h - 19h Mardi : 9h - 14h Dimanche : 9h - 12h Hiver (01/10 au 30/09) : Lundi/Jeudi/Samedi : 8h30 - 18h30 Mardi: 8h30 - 13h30 Dimanche : 9h - 12h</horaires> <type>PARTIC</type> <barriere>Inconnu</barriere> <compteOuvert>Inconnu</compteOuvert> <carte>Inconnu</carte> <blacklist>false</blacklist> <Point> <coordinates>3.211218,50.172507,0</coordinates> </Point> </Placemark> <Placemark> <id>1151</id> <name>Decheterie Cappelle-Brouck</name> <description>Route de Lynck 59630 Cappelle-Brouck</description> <horaires>Lundi et samedi : 9h - 12h Mercredi et vendredi : 14h - 17h</horaires> <type>PARTIC</type> <barriere>Inconnu</barriere> <compteOuvert>Inconnu</compteOuvert> <carte>Inconnu</carte> <blacklist>false</blacklist> <Point> <coordinates>2.232139,50.899077,0</coordinates> </Point> </Placemark> <Placemark> <id>1152</id> <name>Decheterie Fourmies</name> <description>Rue Marceau Batteux 59610 FOURMIES</description> <horaires>Eté (01/04 au 31/10): Lundi au vendredi : 14 h - 19 h (sauf mardi : fermé) samedi : 9 h - 19 h dimanche : 9 h - 12 h Hiver (01/11 au 31/03) : Lundi au vendredi : 13 h - 18 h (sauf mardi : fermé) samedi : 8 h - 18 h dimanche : 9 h - 12 h</horaires> <type>PARTIC</type> <barriere>Inconnu</barriere> <compteOuvert>Inconnu</compteOuvert> <carte>Inconnu</carte> <blacklist>false</blacklist> <Point> <coordinates>4.031096,50.020994,0</coordinates> </Point> </Placemark> <Placemark> <id>1153</id> <name>Decheterie La Chapelle-d'Armentières</name> <description>Z.I La Houssoye 59930 La Chapelle-d'Armentières</description> <horaires>lundi: 10h30 - 18h | mardi au samedi: 7h30 - 18h | dimanche et jour fériés: 8h - 13h</horaires> <type>PARTIC</type> <barriere>Inconnu</barriere> <compteOuvert>Inconnu</compteOuvert> <carte>Inconnu</carte> <blacklist>false</blacklist> <Point> <coordinates>2.898495,50.656706,0</coordinates> </Point> </Placemark> <Placemark> <id>1154</id> <name>Decheterie Landrecies</name> <description>Zone Artisanale de Landrecies 59550 LANDRECIES</description> <horaires>Lundi: 14h-18h Mardi: 14h-17h mercredi: 9h-12h/14h-17h Vendredi: 13h-19h Samedi : 9h-12h/12h-19h</horaires> <type>PARTIC</type> <barriere>Inconnu</barriere> <compteOuvert>Inconnu</compteOuvert> <carte>Inconnu</carte> <blacklist>false</blacklist> <Point> <coordinates>3.675442,50.127152,0</coordinates> </Point> </Placemark> <Placemark> <id>1155</id> <name>Decheterie Le Quesnoy</name> <description>Zone d'Activités les Prés du Roy 59530 le Quesnoy</description> <horaires>Lundi : 14h - 18h Mardi et mercredi : 10h - 12h / 14h - 18h Vendredi - samedi : 9h - 12h / 14h - 18h</horaires> <type>PARTIC</type> <barriere>Inconnu</barriere> <compteOuvert>Inconnu</compteOuvert> <carte>Inconnu</carte> <blacklist>false</blacklist> <Point> <coordinates>3.635551,50.254835,0</coordinates> </Point> </Placemark> <Placemark> <id>1156</id> <name>Decheterie Le Cateau-Cambrésis</name> <description>Rue de Fesmy 59360 Le Cateau-Cambrésis</description> <horaires>Du lundi au Vendredi 13h30-18h30</horaires> <type>PARTIC</type> <barriere>Inconnu</barriere> <compteOuvert>Inconnu</compteOuvert> <carte>Inconnu</carte> <blacklist>false</blacklist> <Point> <coordinates>3.549484,50.098759,0</coordinates> </Point> </Placemark> <Placemark> <id>1157</id> <name>Decheterie Marcoing</name> <description>Route de Marcoing - RD 56 59159 MARCOING</description> <horaires>Eté (01/04 au 30/09) : Lundi / Mercredi / Vendredi : 11h-19h Samedi : 9h-19h Hiver (01/10 au 31/03): Lundi / Mercredi / Vendredi : 8h30-13h30 Samedi: 10h-18h</horaires> <type>PARTIC</type> <barriere>Inconnu</barriere> <compteOuvert>Inconnu</compteOuvert> <carte>Inconnu</carte> <blacklist>false</blacklist> <Point> <coordinates>3.195143,50.130003,0</coordinates> </Point> </Placemark> <Placemark> <id>1158</id> <name>Decheterie Neuville-Saint-Rémy</name> <description>Z.I les Alouettes 14570 Saint-Rémy</description> <horaires></horaires> <type>PARTIC</type> <barriere>Inconnu</barriere> <compteOuvert>Inconnu</compteOuvert> <carte>Inconnu</carte> <blacklist>false</blacklist> <Point> <coordinates>3.23119,50.188606,0</coordinates> </Point> </Placemark> <Placemark> <id>1159</id> <name>Decheterie Poix-du-Nord</name> <description>Rue Henri Roland 59218 POIX-DU-NORD</description> <horaires>Lundi : 14h-18h Mardi et jeudi : 10h - 12h / 14h - 18h Vendredi - samedi : 9h - 12h / 14h - 18h</horaires> <type>PARTIC</type> <barriere>Inconnu</barriere> <compteOuvert>Inconnu</compteOuvert> <carte>Inconnu</carte> <blacklist>false</blacklist> <Point> <coordinates>3.608116,50.196307,0</coordinates> </Point> </Placemark> <Placemark> <id>1160</id> <name>Decheterie Quesnoy-sur-Deule</name> <description>Rue de Lille 59890 QUESNOY-SUR-DEULE</description> <horaires>Lundi : 10h30 - 18h mardi au samedi : 7h30 - 18h dimanche et jours fériés : 8h - 13h</horaires> <type>PARTIC</type> <barriere>Inconnu</barriere> <compteOuvert>Inconnu</compteOuvert> <carte>Inconnu</carte> <blacklist>false</blacklist> <Point> <coordinates>3.00375,50.704632,0</coordinates> </Point> </Placemark> <Placemark> <id>1161</id> <name>Decheterie Roubaix</name> <description>Rue de Leers 59100 ROUBAIX</description> <horaires>Lundi : 10h30 - 18h mardi au samedi : 7h30 - 18h dimanche et jours fériés : 8h - 13h</horaires> <type>PARTIC</type> <barriere>Inconnu</barriere> <compteOuvert>Inconnu</compteOuvert> <carte>Inconnu</carte> <blacklist>false</blacklist> <Point> <coordinates>3.212316,50.688924,0</coordinates> </Point> </Placemark> <Placemark> <id>1162</id> <name>Decheterie Tourcoing</name> <description>Rue Armand Carrel Z.I Est 59200 TOURCOING</description> <horaires>Lundi : 10h30 - 18h mardi au samedi : 7h30 - 18h dimanche et jours fériés : 8h - 13h</horaires> <type>PARTIC</type> <barriere>Inconnu</barriere> <compteOuvert>Inconnu</compteOuvert> <carte>Inconnu</carte> <blacklist>false</blacklist> <Point> <coordinates>3.187867,50.731482,0</coordinates> </Point> </Placemark> <Placemark> <id>1163</id> <name>Decheterie Valenciennes</name> <description>Rue de la Bleue du Nord 59300 VALENCIENNES</description> <horaires>Eté (1er avril - 30 septembre) : lundi au samedi: 9h - 12h / 14h - 18h dimanche: 9h-12h Hiver (1er octobre - 31 mars) : lundi au samedi: 9h - 12h / 13h - 17h dimanche: 9h-12h</horaires> <type>PARTIC</type> <barriere>Inconnu</barriere> <compteOuvert>Inconnu</compteOuvert> <carte>Inconnu</carte> <blacklist>false</blacklist> <Point> <coordinates>3.543812,50.373585,0</coordinates> </Point> </Placemark> <Placemark> <id>1164</id> <name>Decheterie Vieux-Condé</name> <description>Rue César Dewasmes 59690 Vieux-Condé</description> <horaires>Eté (1er avril - 30 septembre) lundi au samedi: 9 - 12h / 14 - 18h dimanche: 9h-12h Hiver (1er octobre - 31 mars) lundi au samedi: 9 - 12h / 13 - 17h dimanche: 9h-12h</horaires> <type>PARTIC</type> <barriere>Inconnu</barriere> <compteOuvert>Inconnu</compteOuvert> <carte>Inconnu</carte> <blacklist>false</blacklist> <Point> <coordinates>3.5751676,50.4510182,0</coordinates> </Point> </Placemark> <Placemark> <id>1165</id> <name>Decheterie Beuvrages</name> <description>Rue Georges Mortuaire 59192 BEUVRAGES</description> <horaires>Eté/Hiver Lundi et samedi : 9h - 19h Mardi au vendredi : 15h - 19h Dimanche : 9h - 12h</horaires> <type>PARTIC</type> <barriere>Inconnu</barriere> <compteOuvert>Inconnu</compteOuvert> <carte>Inconnu</carte> <blacklist>false</blacklist> <Point> <coordinates>3.509624,50.389805,0</coordinates> </Point> </Placemark> <Placemark> <id>1166</id> <name>Decheterie Bavay</name> <description>Les Petits Cailloux 59570 BAVAY</description> <horaires>Été (01/04 au 31/10) : lundi/mercredi/vendredi : 13 h-19h mardi/jeudi : 9 h-13h samedi : 9 h -12h / 13 h-19h Hiver (01/11 au 31/03): lundi/mercredi/vendredi : 13h-18h mardi/jeudi : 9 h-13h samedi : 9 h -12h / 13 h-19h</horaires> <type>PARTIC</type> <barriere>Inconnu</barriere> <compteOuvert>Inconnu</compteOuvert> <carte>Inconnu</carte> <blacklist>false</blacklist> <Point> <coordinates>3.806107,50.301001,0</coordinates> </Point> </Placemark> <Placemark> <id>1167</id> <name>Decheterie Caudry</name> <description>Rue de la sucrerie 59540 CAUDRY</description> <horaires>été (01/03 au 31/10): Lundi au samedi : 9 h -12h /13h-19h dimanche:9h-12h hiver (01/11 au 28/02): Lundi au samedi : 9 h -12h /13h-17h dimanche:9h-12h</horaires> <type>PARTIC</type> <barriere>Inconnu</barriere> <compteOuvert>Inconnu</compteOuvert> <carte>Inconnu</carte> <blacklist>false</blacklist> <Point> <coordinates>3.418413,50.108488,0</coordinates> </Point> </Placemark> <Placemark> <id>1168</id> <name>Decheterie Douchy-les-Mines</name> <description>Route de Lourches 59282 DOUCHY-LES-MINES</description> <horaires>Eté (1er mars au 31 octobre) Lundi au samedi : 9h - 12h / 13h - 19h Dimanche : 9h - 12h Hiver (01/11 au 28/02): Lundi au samedi : 9h - 12h / 13h - 17h Dimanche : 9h - 12h</horaires> <type>PARTIC</type> <barriere>Inconnu</barriere> <compteOuvert>Inconnu</compteOuvert> <carte>Inconnu</carte> <blacklist>false</blacklist> <Point> <coordinates>3.374752,50.308549,0</coordinates> </Point> </Placemark> <Placemark> <id>1169</id> <name>Decheterie Bermerain</name> <description>Rue du Tordoir 59213 Bermerain</description> <horaires>Du lundi au Vendredi 13h30-18h30</horaires> <type>PARTIC</type> <barriere>Inconnu</barriere> <compteOuvert>Inconnu</compteOuvert> <carte>Inconnu</carte> <blacklist>false</blacklist> <Point> <coordinates>3.536302,50.244532,0</coordinates> </Point> </Placemark> <Placemark> <id>1170</id> <name>Decheterie Fromelles</name> <description>Bois de garennes 79500 MELLE</description> <horaires></horaires> <type>PARTIC</type> <barriere>Inconnu</barriere> <compteOuvert>Inconnu</compteOuvert> <carte>Inconnu</carte> <blacklist>false</blacklist> <Point> <coordinates>2.845408,50.60909,0</coordinates> </Point> </Placemark> <Placemark> <id>1171</id> <name>Decheterie Genech</name> <description>Route de Genech 59242 GENECH</description> <horaires>Eté (1er avril au 30 septembre) : Lundi au samedi : 9h - 12h / 13h - 19h Dimanche : 9h - 12h Hiver : Lundi au samedi : 9h - 12h / 13h - 17h Dimanche : 9h - 12h</horaires> <type>PARTIC</type> <barriere>Inconnu</barriere> <compteOuvert>Inconnu</compteOuvert> <carte>Inconnu</carte> <blacklist>false</blacklist> <Point> <coordinates>3.200974,50.53414,0</coordinates> </Point> </Placemark> <Placemark> <id>1172</id> <name>Decheterie Gravelines</name> <description>Route des Enrochements 59820 GRAVELINES</description> <horaires>Eté (du 1er mars au 31 octobre) : Lundi au samedi : 8h30 - 12h15 / 13h45 - 18h30 Dimanche : 8h30 - 12h15 Hiver (du 01 novembre au 28 février) : Lundi au samedi: 8h30 - 12h15 / 13h45 - 17h30 Dimanche: 8h30-12h15</horaires> <type>PARTIC</type> <barriere>Inconnu</barriere> <compteOuvert>Inconnu</compteOuvert> <carte>Inconnu</carte> <blacklist>false</blacklist> <Point> <coordinates>2.130528,51.003236,0</coordinates> </Point> </Placemark> <Placemark> <id>1173</id> <name>Decheterie Iwuy</name> <description>Route de Rieux 59141 Iwuy</description> <horaires>Du lundi au Vendredi 13h30-18h30</horaires> <type>PARTIC</type> <barriere>Inconnu</barriere> <compteOuvert>Inconnu</compteOuvert> <carte>Inconnu</carte> <blacklist>false</blacklist> <Point> <coordinates>3.328407,50.222444,0</coordinates> </Point> </Placemark> <Placemark> <id>1174</id> <name>Decheterie La Madeleine</name> <description>Rue George Pompidou 59110 La Madeleine</description> <horaires>Du lundi au Samedi de 10h30 à 18h00 et le dimanche de 8h00 à 13h00.</horaires> <type>PARTIC</type> <barriere>Inconnu</barriere> <compteOuvert>Inconnu</compteOuvert> <carte>Inconnu</carte> <blacklist>false</blacklist> <Point> <coordinates>3.06272,50.661387,0</coordinates> </Point> </Placemark> <Placemark> <id>1175</id> <name>Decheterie Maubeuge</name> <description>Prés du Pont Rouge 59600 MAUBEUGE</description> <horaires>Eté (01/03 au 31/10): Lundi-Samedi : 9h - 18h45 Dimanche: 9h - 11h45 Hiver (01/11 au 28/02): Lundi-Samedi : 8h - 17h45 Dimanche: 9h-11h45</horaires> <type>PARTIC</type> <barriere>Inconnu</barriere> <compteOuvert>Inconnu</compteOuvert> <carte>Inconnu</carte> <blacklist>false</blacklist> <Point> <coordinates>3.997167,50.277568,0</coordinates> </Point> </Placemark> <Placemark> <id>1176</id> <name>Decheterie Onnaing</name> <description>Rue des entrepôts 59264 ONNAING</description> <horaires>Eté (1er avril - 30 septembre) lundi au samedi: 9 - 12h / 14 - 18h dimanche: 9h-12h Hiver (1er octobre - 31 mars) lundi au samedi: 9 - 12h / 13 - 17h dimanche: 9h-12h</horaires> <type>PARTIC</type> <barriere>Inconnu</barriere> <compteOuvert>Inconnu</compteOuvert> <carte>Inconnu</carte> <blacklist>false</blacklist> <Point> <coordinates>3.60307,50.394894,0</coordinates> </Point> </Placemark> <Placemark> <id>1177</id> <name>Decheterie Saint-Aubert</name> <description>Route de Villers en Cauchies 59188 SAINT-AUBERT</description> <horaires>Eté (1er mars au 31 octobre) : Lundi au samedi : 9h - 12h / 13h - 19h Dimanche : 9h - 12h Hiver : Lundi au samedi : 9h - 12h / 13h - 17h Dimanche : 9h - 12h</horaires> <type>PARTIC</type> <barriere>Inconnu</barriere> <compteOuvert>Inconnu</compteOuvert> <carte>Inconnu</carte> <blacklist>false</blacklist> <Point> <coordinates>3.412405,50.214596,0</coordinates> </Point> </Placemark> <Placemark> <id>1178</id> <name>Decheterie Seclin</name> <description>Rue de Lorival 59113 Seclin</description> <horaires>lundi: 10h30 - 18h | mardi au samedi: 7h30 - 18h | dimanche et jour fériés: 8h - 13h</horaires> <type>PARTIC</type> <barriere>Inconnu</barriere> <compteOuvert>Inconnu</compteOuvert> <carte>Inconnu</carte> <blacklist>false</blacklist> <Point> <coordinates>3.032193,50.560373,0</coordinates> </Point> </Placemark> <Placemark> <id>1179</id> <name>Decheterie Thun-l'Évêque</name> <description>Rd 61 59141 Thun-l'Évêque</description> <horaires>Lundi, mercredi et vendredi : 13h30 - 18h | Jeudi: 9h-13h | samedi : 9h - 12h / 14h - 18h</horaires> <type>PARTIC</type> <barriere>Inconnu</barriere> <compteOuvert>Inconnu</compteOuvert> <carte>Inconnu</carte> <blacklist>false</blacklist> <Point> <coordinates>3.281106,50.225028,0</coordinates> </Point> </Placemark> <Placemark> <id>1180</id> <name>Decheterie Mons-en-Baroeul</name> <description>Rue du Chemin de la Mare 59370 Mons-en-Baroeul</description> <horaires>Du lundi au Vendredi 13h30-18h30</horaires> <type>PARTIC</type> <barriere>Inconnu</barriere> <compteOuvert>Inconnu</compteOuvert> <carte>Inconnu</carte> <blacklist>false</blacklist> <Point> <coordinates>3.124595,50.647875,0</coordinates> </Point> </Placemark> <Placemark> <id>1181</id> <name>Decheterie Marquillies</name> <description>601 rue Faulx 59274 MARQUILLIES</description> <horaires>Lundi: 10h30 - 18h Mardi au samedi: 7h30 - 18h Dimanche et jours fériés: 8h - 13h</horaires> <type>PARTIC</type> <barriere>Inconnu</barriere> <compteOuvert>Inconnu</compteOuvert> <carte>Inconnu</carte> <blacklist>false</blacklist> <Point> <coordinates>2.864884,50.563349,0</coordinates> </Point> </Placemark> <Placemark> <id>1182</id> <name>Decheterie Avesnelles</name> <description>Rue poncheau 59440 AVESNELLES</description> <horaires>Eté (01/03 au 31/10): : Lundi 13h à19h - Mardi au Vendredi 14hà19h - Samedi 9h à 19h - Dimanche 9h à 12h Hiver (01/11 au 28/02): Lundi 12hà 18h - Mardi au Vendredi 13h à 18h - Samedi 8h à 18h - Dimanche 9h à 12 h</horaires> <type>PARTIC</type> <barriere>Inconnu</barriere> <compteOuvert>Inconnu</compteOuvert> <carte>Inconnu</carte> <blacklist>false</blacklist> <Point> <coordinates>3.95338,50.114031,0</coordinates> </Point> </Placemark> <Placemark> <id>1183</id> <name>Decheterie Halluin</name> <description>Rue de la Lys 59250 Halluin</description> <horaires>Eté et hiver: lundi: 10h30 - 18h mardi au samedi: 7h30 - 18h dimanche et jour fériés: 8h - 13h</horaires> <type>PARTIC</type> <barriere>Inconnu</barriere> <compteOuvert>Inconnu</compteOuvert> <carte>Inconnu</carte> <blacklist>false</blacklist> <Point> <coordinates>3.095535,50.775346,0</coordinates> </Point> </Placemark> <Placemark> <id>1184</id> <name>Decheterie Lille</name> <description>Boulevard d'Alsace 59000 LILLE</description> <horaires>Lundi : 10h30 - 18h mardi au samedi : 7h30 - 18h Dimanche et jours fériés : 8h - 13h</horaires> <type>PARTIC</type> <barriere>Inconnu</barriere> <compteOuvert>Inconnu</compteOuvert> <carte>Inconnu</carte> <blacklist>false</blacklist> <Point> <coordinates>3.064108,50.617448,0</coordinates> </Point> </Placemark> <Placemark> <id>1185</id> <name>Decheterie Lille</name> <description>Boulevard d'Alsace 59000 LILLE</description> <horaires>Lundi : 10h30 - 18h mardi au samedi : 7h30 - 18h Dimanche et jours fériés : 8h - 13h</horaires> <type>PARTIC</type> <barriere>Inconnu</barriere> <compteOuvert>Inconnu</compteOuvert> <carte>Inconnu</carte> <blacklist>false</blacklist> <Point> <coordinates>3.039113,50.616343,0</coordinates> </Point> </Placemark> <Placemark> <id>1186</id> <name>Decheterie Clary</name> <description>Rue de la Gare 59225 Clary</description> <horaires>Du lundi au Vendredi 13h30-18h30</horaires> <type>PARTIC</type> <barriere>Inconnu</barriere> <compteOuvert>Inconnu</compteOuvert> <carte>Inconnu</carte> <blacklist>false</blacklist> <Point> <coordinates>3.389936,50.07778,0</coordinates> </Point> </Placemark> <Placemark> <id>1187</id> <name>Decheterie Merville</name> <description>Rue Victorine Deroide 59660 Merville</description> <horaires>Eté (01/04 au 31/10): Lundi, mardi, mercredi, vendredi, samedi: 9h30-12h / 14h-18h30 Dimanche: 9h30-12h Hiver (01/11 au 31/03): Lundi, mardi, mercredi, vendredi, samedi: 9h30-12h / 14h-17h Dimanche: 9h30-12h</horaires> <type>PARTIC</type> <barriere>Inconnu</barriere> <compteOuvert>Inconnu</compteOuvert> <carte>Inconnu</carte> <blacklist>false</blacklist> <Point> <coordinates>2.640864,50.65781,0</coordinates> </Point> </Placemark> <Placemark> <id>1188</id> <name>Decheterie Ebblinghem</name> <description>Rue de Thérouanne 59173 Ebblinghem</description> <horaires>Du lundi au Vendredi 13h30-18h30</horaires> <type>PARTIC</type> <barriere>Inconnu</barriere> <compteOuvert>Inconnu</compteOuvert> <carte>Inconnu</carte> <blacklist>false</blacklist> <Point> <coordinates>2.390859,50.726787,0</coordinates> </Point> </Placemark> <Placemark> <id>1189</id> <name>Decheterie Maretz</name> <description>Rue Eugène Lefebvre 59238 MARETZ</description> <horaires>Eté(01/03 au 31/10): Lundi, mercredi: 13h-19h Samedi: 9h-12h/13h-19h dimanche: 9h-12h Hiver(01/11 au 28/02): Lundi, mercredi: 13h-17h Samedi: 9h-12h/13h-17h dimanche: 9h-12h</horaires> <type>PARTIC</type> <barriere>Inconnu</barriere> <compteOuvert>Inconnu</compteOuvert> <carte>Inconnu</carte> <blacklist>false</blacklist> <Point> <coordinates>3.425401,50.050355,0</coordinates> </Point> </Placemark> <Placemark> <id>1190</id> <name>Decheterie Dunkerque</name> <description>Rue Armand Carrel Zi Petite Synthe 59640 Dunkerque</description> <horaires>Été (du 1er mars au 31 octobre) : Lundi au samedi : 8h30 - 12h15 / 13h45 - 18h30 Dimanche : 8h30 - 12h15 Hiver (du 1er novembre au 28 février) : Lundi au samedi : 8h30 - 12h15 / 13h45 - 17h30 Dimanche: 8h30-12h30</horaires> <type>PARTIC</type> <barriere>Inconnu</barriere> <compteOuvert>Inconnu</compteOuvert> <carte>Inconnu</carte> <blacklist>false</blacklist> <Point> <coordinates>2.407413,51.03571,0</coordinates> </Point> </Placemark> <Placemark> <id>1191</id> <name>Decheterie Dunkerque</name> <description>Rue Armand Carrel Zi Petite Synthe 59640 Dunkerque</description> <horaires>Été (du 1er mars au 31 octobre) : Lundi au samedi : 8h30 - 12h15 / 13h45 - 18h30 Dimanche : 8h30 - 12h15 Hiver (du 1er novembre au 28 février) : Lundi au samedi : 8h30 - 12h15 / 13h45 - 17h30 Dimanche: 8h30-12h30</horaires> <type>PARTIC</type> <barriere>Inconnu</barriere> <compteOuvert>Inconnu</compteOuvert> <carte>Inconnu</carte> <blacklist>false</blacklist> <Point> <coordinates>2.322575,51.004428,0</coordinates> </Point> </Placemark> <Placemark> <id>1192</id> <name>Decheterie Cuincy</name> <description>rue du champs de tir 59553 CUINCY</description> <horaires>Eté (01/04 au 30/09) : Lundi au samedi: 8h30-11h45/13h3-17h45 Dimanche: 8h30-11h45 Hiver (01/10 au 31/03) : Lundi au samedi: 8h30-11h45/13h30-16h45 Dimanche: 8h30-11h45</horaires> <type>PARTIC</type> <barriere>Inconnu</barriere> <compteOuvert>Inconnu</compteOuvert> <carte>Inconnu</carte> <blacklist>false</blacklist> <Point> <coordinates>3.042105,50.367732,0</coordinates> </Point> </Placemark> <Placemark> <id>1193</id> <name>Decheterie Nieppe</name> <description>Rue de Warnave 59850 NIEPPE</description> <horaires>Eté (01/04 au 31/10): Lundi, mardi, mercredi, vendredi, samedi: 9h30-12h / 14h-18h30 Dimanche: 9h30-12h Hiver (01/11 au 31/03): Lundi, mardi, mercredi, vendredi, samedi: 9h30-12h / 14h-17h Dimanche: 9h30-12h</horaires> <type>PARTIC</type> <barriere>Inconnu</barriere> <compteOuvert>Inconnu</compteOuvert> <carte>Inconnu</carte> <blacklist>false</blacklist> <Point> <coordinates>2.850231,50.689675,0</coordinates> </Point> </Placemark> <Placemark> <id>1194</id> <name>Decheterie Orchies</name> <description>Zac de la Carrière Dorée 59310 Orchies</description> <horaires>Été (1er avril au 30 septembre) : Lundi au samedi : 9h - 12h / 13h - 19h Dimanche : 9h - 12h Hiver : Lundi au samedi : 9h - 12h/ 13h - 17h Dimanche : 9h - 12h</horaires> <type>PARTIC</type> <barriere>Inconnu</barriere> <compteOuvert>Inconnu</compteOuvert> <carte>Inconnu</carte> <blacklist>false</blacklist> <Point> <coordinates>3.235319,50.478857,0</coordinates> </Point> </Placemark> <Placemark> <id>1195</id> <name>Decheterie Quiévrechain</name> <description>Rue de Quesnoy 59920 Quiévrechain</description> <horaires>Du lundi au Vendredi 13h30-18h30</horaires> <type>PARTIC</type> <barriere>Inconnu</barriere> <compteOuvert>Inconnu</compteOuvert> <carte>Inconnu</carte> <blacklist>false</blacklist> <Point> <coordinates>3.660497,50.387397,0</coordinates> </Point> </Placemark> <Placemark> <id>1196</id> <name>Decheterie Rieulay</name> <description>Lieu-dit "Le Marais Berlon" Rue Rombeau - CD 247 59870 RIEULAY</description> <horaires>Eté (01/03 au 31/10): Lundi au samedi: 9h - 12h / 13h - 19h Dimanche: 9h - 12h Hiver (01/11 au 28/02): Lundi au samedi: 9h - 12h / 13h - 17h Dimanche: 9h - 12h</horaires> <type>PARTIC</type> <barriere>Inconnu</barriere> <compteOuvert>Inconnu</compteOuvert> <carte>Inconnu</carte> <blacklist>false</blacklist> <Point> <coordinates>3.270527,50.396013,0</coordinates> </Point> </Placemark> <Placemark> <id>1197</id> <name>Decheterie Rouvignies</name> <description>Za de l'Aérodrome Ouest 59220 Rouvignies</description> <horaires>Du lundi au Vendredi 13h30-18h30</horaires> <type>PARTIC</type> <barriere>Inconnu</barriere> <compteOuvert>Inconnu</compteOuvert> <carte>Inconnu</carte> <blacklist>false</blacklist> <Point> <coordinates>3.44842,50.341726,0</coordinates> </Point> </Placemark> <Placemark> <id>1198</id> <name>Decheterie Saint-Remy-du-Nord</name> <description>Rue Germain Huftier 59330 SAINT REMY DU NORD</description> <horaires>Eté (01/04 au 30/09) : Lundi, jeudi : 14h - 19h Mercredi - Samedi : 9h-19h Vendredi : 9h - 13 h Dimanche : 9h-12h Hiver : (01/10 au 31/03): Lundi, jeudi : 14h - 18h Mercredi - Samedi : 9h-18h Dimanche : 9h-12h</horaires> <type>PARTIC</type> <barriere>Inconnu</barriere> <compteOuvert>Inconnu</compteOuvert> <carte>Inconnu</carte> <blacklist>false</blacklist> <Point> <coordinates>3.900233,50.238948,0</coordinates> </Point> </Placemark> <Placemark> <id>1199</id> <name>Decheterie Sin-le-Noble</name> <description>Rue du Bois des Retz 59450 SIN-LE-NOBLE</description> <horaires>Eté (01/04 au 30/09) : Lundi au samedi: 8h30-11h45/13h3-17h45 Dimanche: 8h30-11h45 Hiver (01/10 au 31/03) : Lundi au samedi: 8h30-11h45/13h30-16h45 Dimanche: 8h30-11h45</horaires> <type>PARTIC</type> <barriere>Inconnu</barriere> <compteOuvert>Inconnu</compteOuvert> <carte>Inconnu</carte> <blacklist>false</blacklist> <Point> <coordinates>3.12985,50.375767,0</coordinates> </Point> </Placemark> <Placemark> <id>1200</id> <name>Decheterie Solre-le-Château</name> <description>Avenue du Général de Gaulle 59740 Solre-le-Château</description> <horaires>Eté/hiver : mercredi/vendredi : 9h - 12h / 14h - 17h45 | jeudi : 10h - 12h / 14h - 15h45 | samedi : 9h - 17h45 | dimanche : 9h - 11h45</horaires> <type>PARTIC</type> <barriere>Inconnu</barriere> <compteOuvert>Inconnu</compteOuvert> <carte>Inconnu</carte> <blacklist>false</blacklist> <Point> <coordinates>4.078974,50.17184,0</coordinates> </Point> </Placemark> <Placemark> <id>1201</id> <name>Decheterie Steenvoorde</name> <description>ZI Pierre Mijic 59114 Steenvoorde</description> <horaires>Hiver (02/11 au 28/02) : Du lundi au samedi: 9h00-12h30 et 13h30-17h00 Eté (01/03 au 31/10) : Du lundi au samedi: 8h30-12h30 et 13h30-19h00 Les dimanches et jours fériés (sauf Noël, Nouvel An et 1er mai) de 9h00 à 12h30</horaires> <type>PARTIC</type> <barriere>Inconnu</barriere> <compteOuvert>Inconnu</compteOuvert> <carte>Inconnu</carte> <blacklist>false</blacklist> <Point> <coordinates>2.601537,50.808872,0</coordinates> </Point> </Placemark> <Placemark> <id>1202</id> <name>Decheterie Thumeries</name> <description>Route du Sucre 59239 THUMERIES</description> <horaires>Eté ( 1er avril au 30 septembre) : Lundi au samedi : 9h - 11h45 / 13h - 18h45 dimanche : 9h - 11h45 Hiver : Lundi au samedi : 9h - 11h45 / 13h - 16h45 dimanche : 9h - 11h45</horaires> <type>PARTIC</type> <barriere>Inconnu</barriere> <compteOuvert>Inconnu</compteOuvert> <carte>Inconnu</carte> <blacklist>false</blacklist> <Point> <coordinates>3.064701,50.468298,0</coordinates> </Point> </Placemark> <Placemark> <id>1203</id> <name>Decheterie Wormhout</name> <description>Voie Communale N° 1 la Kruystraete 59470 Wormhout</description> <horaires>Hiver (02/11 au 28/02) : Du lundi au samedi: 9h00-12h30 et 13h30-17h00 Eté (01/03 au 31/10) : Du lundi au samedi: 8h30-12h30 et 13h30-19h00 Les dimanches et jours fériés (sauf Noël, Nouvel An et 1er mai) de 9h00 à 12h30</horaires> <type>PARTIC</type> <barriere>Inconnu</barriere> <compteOuvert>Inconnu</compteOuvert> <carte>Inconnu</carte> <blacklist>false</blacklist> <Point> <coordinates>2.492049,50.879379,0</coordinates> </Point> </Placemark> <Placemark> <id>1204</id> <name>Decheterie Estaires</name> <description>rue du courant 59940 Estaires</description> <horaires>Eté (01/04 au 31/10): Lundi,mercredi, jeudi, vendredi et samedi : 10H - 12H / 14H - 18H30 Dimanche : 10H - 12H Hiver (01/11 au 31/03): Lundi,mercredi, jeudi, vendredi et samedi : 10H - 12H / 14H - 17H</horaires> <type>PARTIC</type> <barriere>Inconnu</barriere> <compteOuvert>Inconnu</compteOuvert> <carte>Inconnu</carte> <blacklist>false</blacklist> <Point> <coordinates>2.716119,50.662548,0</coordinates> </Point> </Placemark> <Placemark> <id>1205</id> <name>Decheterie Maing</name> <description>Lieu-dit fond de Caumont 59233 MAING</description> <horaires>Eté (1er avril - 30 septembre) lundi au samedi: 9 - 12h / 14 - 18h dimanche : 9h-12h Hiver (1er octobre - 31 mars) lundi au samedi: 9 - 12h / 13 - 17h dimanche : 9h-12h</horaires> <type>PARTIC</type> <barriere>Inconnu</barriere> <compteOuvert>Inconnu</compteOuvert> <carte>Inconnu</carte> <blacklist>false</blacklist> <Point> <coordinates>3.515971,50.300294,0</coordinates> </Point> </Placemark> <Placemark> <id>1206</id> <name>Decheterie Mortagne-du-Nord</name> <description>Rue de la Gare 59158 Mortagne-du-Nord</description> <horaires>Du lundi au Vendredi 13h30-18h30</horaires> <type>PARTIC</type> <barriere>Inconnu</barriere> <compteOuvert>Inconnu</compteOuvert> <carte>Inconnu</carte> <blacklist>false</blacklist> <Point> <coordinates>3.44313,50.497487,0</coordinates> </Point> </Placemark> <Placemark> <id>1207</id> <name>Decheterie Arnèke</name> <description>Chemin Vicinal N°102 - Route de Bourbourg 59285 Arnèke</description> <horaires>Du lundi au Vendredi 13h30-18h30</horaires> <type>PARTIC</type> <barriere>Inconnu</barriere> <compteOuvert>Inconnu</compteOuvert> <carte>Inconnu</carte> <blacklist>false</blacklist> <Point> <coordinates>2.397444,50.842338,0</coordinates> </Point> </Placemark> <Placemark> <id>1208</id> <name>Decheterie Hondschoote</name> <description>Chemin du Looweg 59122 Hondschoote</description> <horaires>Hiver (02/11 au 28/02) : Du lundi au samedi: 9h00-12h30 et 13h30-17h00 Eté (01/03 au 31/10) : Du lundi au samedi: 8h30-12h30 et 13h30-19h00 Les dimanches et jours fériés (sauf Noël, Nouvel An et 1er mai) de 9h00 à 12h30</horaires> <type>PARTIC</type> <barriere>Inconnu</barriere> <compteOuvert>Inconnu</compteOuvert> <carte>Inconnu</carte> <blacklist>false</blacklist> <Point> <coordinates>2.589174,50.973789,0</coordinates> </Point> </Placemark> <Placemark> <id>1209</id> <name>Decheterie Denain</name> <description>Cd 40 59220 Denain</description> <horaires>Du lundi au Vendredi 13h30-18h30</horaires> <type>PARTIC</type> <barriere>Inconnu</barriere> <compteOuvert>Inconnu</compteOuvert> <carte>Inconnu</carte> <blacklist>false</blacklist> <Point> <coordinates>3.399225,50.342717,0</coordinates> </Point> </Placemark> <Placemark> <id>1210</id> <name>Decheterie Jeumont</name> <description>Notre Dame de Lourdes 59460 JEUMONT</description> <horaires>Eté (01/03 au 28/02): lundi, mardi, jeudi et vendredi : 14h - 18h45 mercredi et samedi : 9h - 18h45 dimanche: 9h - 11h45 Hiver (01/11 au 28/02) : lundi, mardi, jeudi et vendredi : 13h - 17h45 mercredi et samedi : 8h - 17h45 dimanche: 9h-11h45</horaires> <type>PARTIC</type> <barriere>Inconnu</barriere> <compteOuvert>Inconnu</compteOuvert> <carte>Inconnu</carte> <blacklist>false</blacklist> <Point> <coordinates>4.109919,50.297953,0</coordinates> </Point> </Placemark> <Placemark> <id>1211</id> <name>Decheterie Blécourt</name> <description>Blecourt 59268 Blécourt</description> <horaires>Du lundi au Vendredi 13h30-18h30</horaires> <type>PARTIC</type> <barriere>Inconnu</barriere> <compteOuvert>Inconnu</compteOuvert> <carte>Inconnu</carte> <blacklist>false</blacklist> <Point> <coordinates>3.221498,50.220913,0</coordinates> </Point> </Placemark> <Placemark> <id>1212</id> <name>Decheterie Hazebrouck</name> <description>Rue du Pont des Meuniers 59190 HAZEBROUCK</description> <horaires>Eté (01/04 au 31/10): Lundi, mardi, mercredi, vendredi, samedi: 9h30-12h / 14h-18h30 Dimanche: 9h30-12h Hiver (01/11 au 31/03): Lundi, mardi, mercredi, vendredi, samedi: 9h30-12h / 14h-17h Dimanche: 9h30-12h</horaires> <type>PARTIC</type> <barriere>Inconnu</barriere> <compteOuvert>Inconnu</compteOuvert> <carte>Inconnu</carte> <blacklist>false</blacklist> <Point> <coordinates>2.550115,50.714325,0</coordinates> </Point> </Placemark> <Placemark> <id>1213</id> <name>Decheterie Erre</name> <description>Rue des Mines 59171 ERRE</description> <horaires>Eté (01/03 au 28/02) : Lundi au samedi : 9 h-12h / 13h-19h dimanche: 9h-12h Hiver (01/11 au 28/02) : Lundi au samedi : 9 h-12h / 13h-17h dimanche: 9h-12h</horaires> <type>PARTIC</type> <barriere>Inconnu</barriere> <compteOuvert>Inconnu</compteOuvert> <carte>Inconnu</carte> <blacklist>false</blacklist> <Point> <coordinates>3.313585,50.349463,0</coordinates> </Point> </Placemark> <Placemark> <id>1214</id> <name>Decheterie Neuville-sur-Escaut</name> <description>Rue Pieronne 59293 NEUVILLE-SUR-ESCAUT</description> <horaires>Eté (1er mars au 31 octobre) Lundi au samedi : 9h - 12h / 13h - 19h Dimanche : 9h - 12h Hiver (01/11 au 28/02): Lundi au samedi : 9h - 12h / 13h - 17h Dimanche : 9h - 12h</horaires> <type>PARTIC</type> <barriere>Inconnu</barriere> <compteOuvert>Inconnu</compteOuvert> <carte>Inconnu</carte> <blacklist>false</blacklist> <Point> <coordinates>3.337821,50.28805,0</coordinates> </Point> </Placemark> <Placemark> <id>1215</id> <name>Decheterie Aniche</name> <description>180, rue Jean Jaures 59580 ANICHE</description> <horaires>été (01/03 au 31/10): Lundi au samedi : 9 h -12h /13h-19h dimanche:9h-12h hiver (01/11 au 28/02): Lundi au samedi : 9 h -12h /13h-17h dimanche:9h-12h</horaires> <type>PARTIC</type> <barriere>Inconnu</barriere> <compteOuvert>Inconnu</compteOuvert> <carte>Inconnu</carte> <blacklist>false</blacklist> <Point> <coordinates>3.266447,50.3332,0</coordinates> </Point> </Placemark> <Placemark> <id>1216</id> <name>Decheterie Béthencourt</name> <description>Bethencourt 59540 Béthencourt</description> <horaires>Du lundi au Vendredi 13h30-18h30</horaires> <type>PARTIC</type> <barriere>Inconnu</barriere> <compteOuvert>Inconnu</compteOuvert> <carte>Inconnu</carte> <blacklist>false</blacklist> <Point> <coordinates>3.429505,50.139341,0</coordinates> </Point> </Placemark> <Placemark> <id>1217</id> <name>Decheterie Ohain</name> <description>15 bis route de Trélon 59132 Ohain</description> <horaires>Été (du 01/04 au 31/10) : Lundi/mardi : 14h - 18h Mercredi : 14h - 20h Vendredi : 14 h - 18 h Samedi : 9h - 12h / 14h - 18h Hiver (du 01/11 au 31/03) : Lundi/mardi/mercredi/vendredi : 14h - 17h Samedi : 9h - 12h / 14h - 17h</horaires> <type>PARTIC</type> <barriere>Inconnu</barriere> <compteOuvert>Inconnu</compteOuvert> <carte>Inconnu</carte> <blacklist>false</blacklist> <Point> <coordinates>4.116992,50.047038,0</coordinates> </Point> </Placemark> <Placemark> <id>1218</id> <name>Decheterie Roost-Warendin</name> <description>Ancien Carreau de la Fosse 9 Avenue Emile Zola 59286 ROOST-WARENDIN</description> <horaires>Eté (01/04 au 30/09) : Lundi au samedi: 8h30-11h45/13h3-17h45 Dimanche: 8h30-11h45 Hiver (01/10 au 31/03) : Lundi au samedi: 8h30-11h45/13h30-16h45 Dimanche: 8h30-11h45</horaires> <type>PARTIC</type> <barriere>Inconnu</barriere> <compteOuvert>Inconnu</compteOuvert> <carte>Inconnu</carte> <blacklist>false</blacklist> <Point> <coordinates>3.098994,50.411584,0</coordinates> </Point> </Placemark> <Placemark> <id>1219</id> <name>Decheterie Saint-Amand-les-Eaux</name> <description>Za du Moulin Blanc 59230 Saint Amand</description> <horaires>Été (01/03 au 31/10) : lundi au jeudi: 9-12h 13-19h vendredi et samedi: 9-19h dimanche: 9-12h Hiver (du 01/11 au 28/02) : lundi au samedi: 9-12h 13-17h dimanche: 9-12h</horaires> <type>PARTIC</type> <barriere>Inconnu</barriere> <compteOuvert>Inconnu</compteOuvert> <carte>Inconnu</carte> <blacklist>false</blacklist> <Point> <coordinates>3.390624,50.438675,0</coordinates> </Point> </Placemark> <Placemark> <id>1220</id> <name>Decheterie Solesmes</name> <description>Route de Romeries 59730 SOLESMES</description> <horaires>Hiver : Lundi,Mercredi,Jeudi,Vendredi : 14h - 18h Samedi : 9h - 12h / 14h - 17h Eté Lundi,Mercredi,Vendredi,Samedi : 9h - 12h / 14h - 18h Jeudi : 14h - 18h dimanche : 9h - 12h</horaires> <type>PARTIC</type> <barriere>Inconnu</barriere> <compteOuvert>Inconnu</compteOuvert> <carte>Inconnu</carte> <blacklist>false</blacklist> <Point> <coordinates>3.505963,50.195476,0</coordinates> </Point> </Placemark> <Placemark> <id>1221</id> <name>Decheterie Steenbecque</name> <description>Rue de la Gare 59189 Steenbecque</description> <horaires>Eté (01/04 au 30/10): Lundi, Mercredi: 14h à 19h Vendredi: 13h à 20h Samedi: 10h à 19h Hiver (01/11 au 31/03): Lundi, Mercredi: 14h à 17h Vendredi: 13h à 17h Samedi: 10h à 17h</horaires> <type>PARTIC</type> <barriere>Inconnu</barriere> <compteOuvert>Inconnu</compteOuvert> <carte>Inconnu</carte> <blacklist>false</blacklist> <Point> <coordinates>2.510329,50.681291,0</coordinates> </Point> </Placemark> <Placemark> <id>1222</id> <name>Decheterie Bailleul-Sir-Berthoult</name> <description>Rue de Lille 59270 Bailleul</description> <horaires>Eté (01/04 au 31/10): Lundi,mercredi, jeudi, vendredi et samedi : 10H - 12H / 14H - 18H30 Dimanche : 10H - 12H Hiver (01/11 au 31/03): Lundi,mercredi, jeudi, vendredi et samedi : 10H - 12H / 14H - 17H</horaires> <type>PARTIC</type> <barriere>Inconnu</barriere> <compteOuvert>Inconnu</compteOuvert> <carte>Inconnu</carte> <blacklist>false</blacklist> <Point> <coordinates>2.853412,50.343002,0</coordinates> </Point> </Placemark> <Placemark> <id>1223</id> <name>Decheterie Aubigny-en-Artois</name> <description>Rue de Mingoval 62690 Aubigny-en-Artois</description> <horaires>Du lundi au Vendredi 13h30-18h30</horaires> <type>PARTIC</type> <barriere>Inconnu</barriere> <compteOuvert>Inconnu</compteOuvert> <carte>Inconnu</carte> <blacklist>false</blacklist> <Point> <coordinates>2.584313,50.354694,0</coordinates> </Point> </Placemark> <Placemark> <id>1224</id> <name>Decheterie Avesnes-le-Comte</name> <description>Route de Barly 62810 Avesnes-le-Comte</description> <horaires>Du lundi au Vendredi 13h30-18h30</horaires> <type>PARTIC</type> <barriere>Inconnu</barriere> <compteOuvert>Inconnu</compteOuvert> <carte>Inconnu</carte> <blacklist>false</blacklist> <Point> <coordinates>2.532356,50.267044,0</coordinates> </Point> </Placemark> <Placemark> <id>1225</id> <name>Decheterie Bapaume</name> <description>Route de Douai 62450 Bapaume</description> <horaires>Du lundi au Vendredi 13h30-18h30</horaires> <type>PARTIC</type> <barriere>Inconnu</barriere> <compteOuvert>Inconnu</compteOuvert> <carte>Inconnu</carte> <blacklist>false</blacklist> <Point> <coordinates>2.857679,50.109616,0</coordinates> </Point> </Placemark> <Placemark> <id>1226</id> <name>Decheterie Berck</name> <description>Zi la Vigogne 62600 Berck</description> <horaires>Du lundi au Vendredi 13h30-18h30</horaires> <type>PARTIC</type> <barriere>Inconnu</barriere> <compteOuvert>Inconnu</compteOuvert> <carte>Inconnu</carte> <blacklist>false</blacklist> <Point> <coordinates>1.601427,50.401967,0</coordinates> </Point> </Placemark> <Placemark> <id>1227</id> <name>Decheterie Boisleux-au-Mont</name> <description>Parpayat Route de Balézy 87170 Isle</description> <horaires>lundi, mercredi, jeudi, vendredi : 14h00-18h00 samedi, dimanche : 9h00-12h30 /14h00-18h00</horaires> <type>PARTIC</type> <barriere>Inconnu</barriere> <compteOuvert>Inconnu</compteOuvert> <carte>Inconnu</carte> <blacklist>false</blacklist> <Point> <coordinates>2.770099,50.214115,0</coordinates> </Point> </Placemark> <Placemark> <id>1228</id> <name>Decheterie Haisnes</name> <description>Route de Vermelles 62138 Haisnes</description> <horaires>Du lundi au Vendredi 13h30-18h30</horaires> <type>PARTIC</type> <barriere>Inconnu</barriere> <compteOuvert>Inconnu</compteOuvert> <carte>Inconnu</carte> <blacklist>false</blacklist> <Point> <coordinates>2.79493,50.490389,0</coordinates> </Point> </Placemark> <Placemark> <id>1229</id> <name>Decheterie Marconnelle</name> <description>Chemin des Voyeux 62140 Marconnelle</description> <horaires>Du lundi au Vendredi 13h30-18h30</horaires> <type>PARTIC</type> <barriere>Inconnu</barriere> <compteOuvert>Inconnu</compteOuvert> <carte>Inconnu</carte> <blacklist>false</blacklist> <Point> <coordinates>2.013156,50.379999,0</coordinates> </Point> </Placemark> <Placemark> <id>1230</id> <name>Decheterie Marles-les-Mines</name> <description>Route Crau Raphèle 13280 Arles</description> <horaires>Lundi au Vendredi 8h-12h, 13h30-17h. Eté 8h30-12h, 14h-19h</horaires> <type>PARTIC</type> <barriere>Inconnu</barriere> <compteOuvert>Inconnu</compteOuvert> <carte>Inconnu</carte> <blacklist>false</blacklist> <Point> <coordinates>2.509727,50.509897,0</coordinates> </Point> </Placemark> <Placemark> <id>1231</id> <name>Decheterie Peuplingues</name> <description>Chemin Rd243 62231 Peuplingues</description> <horaires>Du lundi au Vendredi 13h30-18h30</horaires> <type>PARTIC</type> <barriere>Inconnu</barriere> <compteOuvert>Inconnu</compteOuvert> <carte>Inconnu</carte> <blacklist>false</blacklist> <Point> <coordinates>1.767515,50.903914,0</coordinates> </Point> </Placemark> <Placemark> <id>1232</id> <name>Decheterie Saint-Laurent-Blangy</name> <description>Lieu dit des 'Graverots' en direction de la chapelle st quillain 70700 GY</description> <horaires>lundi : 9h-12h/14h-17h mercredi : 14h-18h vendredi : 14h-17h samedi : 9h-12h/14h-18h</horaires> <type>PARTIC</type> <barriere>Inconnu</barriere> <compteOuvert>Inconnu</compteOuvert> <carte>Inconnu</carte> <blacklist>false</blacklist> <Point> <coordinates>2.81511,50.297353,0</coordinates> </Point> </Placemark> <Placemark> <id>1233</id> <name>Decheterie Biache-Saint-Vaast</name> <description>Rue Marechal Joffre 62118 Biache-Saint-Vaast</description> <horaires>Du lundi au Vendredi 13h30-18h30</horaires> <type>PARTIC</type> <barriere>Inconnu</barriere> <compteOuvert>Inconnu</compteOuvert> <carte>Inconnu</carte> <blacklist>false</blacklist> <Point> <coordinates>2.952477,50.310071,0</coordinates> </Point> </Placemark> <Placemark> <id>1234</id> <name>Decheterie Brebières</name> <description>Rue de Vitry 62117 Brebières</description> <horaires>Du lundi au Vendredi 13h30-18h30</horaires> <type>PARTIC</type> <barriere>Inconnu</barriere> <compteOuvert>Inconnu</compteOuvert> <carte>Inconnu</carte> <blacklist>false</blacklist> <Point> <coordinates>3.010868,50.335189,0</coordinates> </Point> </Placemark> <Placemark> <id>1235</id> <name>Decheterie Auxi-le-Château</name> <description>Rue du Pont Rouge 62390 Auxi-le-Château</description> <horaires>Du lundi au Vendredi 13h30-18h30</horaires> <type>PARTIC</type> <barriere>Inconnu</barriere> <compteOuvert>Inconnu</compteOuvert> <carte>Inconnu</carte> <blacklist>false</blacklist> <Point> <coordinates>2.126471,50.226406,0</coordinates> </Point> </Placemark> <Placemark> <id>1236</id> <name>Decheterie Achicourt</name> <description>Rue des Planquettes 62217 Achicourt</description> <horaires>Du lundi au Vendredi 13h30-18h30</horaires> <type>PARTIC</type> <barriere>Inconnu</barriere> <compteOuvert>Inconnu</compteOuvert> <carte>Inconnu</carte> <blacklist>false</blacklist> <Point> <coordinates>2.766871,50.276177,0</coordinates> </Point> </Placemark> <Placemark> <id>1237</id> <name>Decheterie Calonne-Ricouart</name> <description>Rue de Champagne 62470 Calonne-Ricouart</description> <horaires>Du lundi au Vendredi 13h30-18h30</horaires> <type>PARTIC</type> <barriere>Inconnu</barriere> <compteOuvert>Inconnu</compteOuvert> <carte>Inconnu</carte> <blacklist>false</blacklist> <Point> <coordinates>2.483268,50.49597,0</coordinates> </Point> </Placemark> <Placemark> <id>1238</id> <name>Decheterie Isbergues</name> <description>Rue Jean Jaures 62330 Isbergues</description> <horaires>Du lundi au Vendredi 13h30-18h30</horaires> <type>PARTIC</type> <barriere>Inconnu</barriere> <compteOuvert>Inconnu</compteOuvert> <carte>Inconnu</carte> <blacklist>false</blacklist> <Point> <coordinates>2.459396,50.615704,0</coordinates> </Point> </Placemark> <Placemark> <id>1239</id> <name>Decheterie Laventie</name> <description>Rue de la Gare 62840 Laventie</description> <horaires>Du lundi au Vendredi 13h30-18h30</horaires> <type>PARTIC</type> <barriere>Inconnu</barriere> <compteOuvert>Inconnu</compteOuvert> <carte>Inconnu</carte> <blacklist>false</blacklist> <Point> <coordinates>2.766139,50.63216,0</coordinates> </Point> </Placemark> <Placemark> <id>1240</id> <name>Decheterie Lillers</name> <description>Boulevard d'Alsace 59000 LILLE</description> <horaires>Lundi : 10h30 - 18h mardi au samedi : 7h30 - 18h Dimanche et jours fériés : 8h - 13h</horaires> <type>PARTIC</type> <barriere>Inconnu</barriere> <compteOuvert>Inconnu</compteOuvert> <carte>Inconnu</carte> <blacklist>false</blacklist> <Point> <coordinates>2.472644,50.569766,0</coordinates> </Point> </Placemark> <Placemark> <id>1241</id> <name>Decheterie Longuenesse</name> <description>Route des Bruyères 62219 Longuenesse</description> <horaires>Du lundi au Vendredi 13h30-18h30</horaires> <type>PARTIC</type> <barriere>Inconnu</barriere> <compteOuvert>Inconnu</compteOuvert> <carte>Inconnu</carte> <blacklist>false</blacklist> <Point> <coordinates>2.245089,50.726156,0</coordinates> </Point> </Placemark> <Placemark> <id>1242</id> <name>Decheterie Oye-Plage</name> <description>Route du Pont d'Oye 62215 Oye-Plage</description> <horaires>Du lundi au Vendredi 13h30-18h30</horaires> <type>PARTIC</type> <barriere>Inconnu</barriere> <compteOuvert>Inconnu</compteOuvert> <carte>Inconnu</carte> <blacklist>false</blacklist> <Point> <coordinates>2.045671,50.97118,0</coordinates> </Point> </Placemark> <Placemark> <id>1243</id> <name>Decheterie Saint-Venant</name> <description>Rue de Saint Floris 62350 Saint-Venant</description> <horaires>Du lundi au Vendredi 13h30-18h30</horaires> <type>PARTIC</type> <barriere>Inconnu</barriere> <compteOuvert>Inconnu</compteOuvert> <carte>Inconnu</carte> <blacklist>false</blacklist> <Point> <coordinates>2.560719,50.621796,0</coordinates> </Point> </Placemark> <Placemark> <id>1244</id> <name>Decheterie Tatinghem</name> <description>rue du Bras 62500 Tatinghem</description> <horaires>Eté (mi-avril à mi-octobre) : Lundi : 13h30 - 18h45 | mardi au samedi : 9h - 11h45 / 13h30 - 18h45 | Hiver (mi-octobre à mi-avril) : Lundi : 14h - 17h30 | mardi au samedi : 9h - 11h45 / 14h - 17h30</horaires> <type>PARTIC</type> <barriere>Inconnu</barriere> <compteOuvert>Inconnu</compteOuvert> <carte>Inconnu</carte> <blacklist>false</blacklist> <Point> <coordinates>2.215254,50.753583,0</coordinates> </Point> </Placemark> <Placemark> <id>1245</id> <name>Decheterie Courrières</name> <description>Rue Raoul Briquet 62710 Courrières</description> <horaires>Du lundi au Vendredi 13h30-18h30</horaires> <type>PARTIC</type> <barriere>Inconnu</barriere> <compteOuvert>Inconnu</compteOuvert> <carte>Inconnu</carte> <blacklist>false</blacklist> <Point> <coordinates>2.94281,50.445124,0</coordinates> </Point> </Placemark> <Placemark> <id>1246</id> <name>Decheterie Aire-sur-la-Lys</name> <description>Route d'Asfeld 08190 AIRE</description> <horaires></horaires> <type>PARTIC</type> <barriere>Inconnu</barriere> <compteOuvert>Inconnu</compteOuvert> <carte>Inconnu</carte> <blacklist>false</blacklist> <Point> <coordinates>2.391784,50.662472,0</coordinates> </Point> </Placemark> <Placemark> <id>1247</id> <name>Decheterie Évin-Malmaison</name> <description>Rue Mirabeau Prolongée 62141 Évin-Malmaison</description> <horaires>Du lundi au Vendredi 13h30-18h30</horaires> <type>PARTIC</type> <barriere>Inconnu</barriere> <compteOuvert>Inconnu</compteOuvert> <carte>Inconnu</carte> <blacklist>false</blacklist> <Point> <coordinates>3.031906,50.430242,0</coordinates> </Point> </Placemark> <Placemark> <id>1248</id> <name>Decheterie Hénin-Beaumont</name> <description>Rue Pierre Brosselette 62110 Hénin-Beaumont</description> <horaires>Du lundi au Vendredi 13h30-18h30</horaires> <type>PARTIC</type> <barriere>Inconnu</barriere> <compteOuvert>Inconnu</compteOuvert> <carte>Inconnu</carte> <blacklist>false</blacklist> <Point> <coordinates>2.939891,50.405561,0</coordinates> </Point> </Placemark> <Placemark> <id>1249</id> <name>Decheterie Saint-Martin-Boulogne</name> <description>Lieu Dit Fuyragues 83560 Saint-Martin</description> <horaires>Mardi, Mercredi, Jeudi, Vendredi, Samedi : du 01/11 au 28/02 : 8h-12h du 01/03 au 31/10 : 7h45-12h</horaires> <type>PARTIC</type> <barriere>Inconnu</barriere> <compteOuvert>Inconnu</compteOuvert> <carte>Inconnu</carte> <blacklist>false</blacklist> <Point> <coordinates>1.672885,50.729034,0</coordinates> </Point> </Placemark> <Placemark> <id>1250</id> <name>Decheterie Ergny</name> <description>Hameau de Quéhen 62650 Ergny</description> <horaires>Du lundi au Vendredi 13h30-18h30</horaires> <type>PARTIC</type> <barriere>Inconnu</barriere> <compteOuvert>Inconnu</compteOuvert> <carte>Inconnu</carte> <blacklist>false</blacklist> <Point> <coordinates>1.978744,50.568096,0</coordinates> </Point> </Placemark> <Placemark> <id>1251</id> <name>Decheterie Frévent</name> <description>Rue Clémenceau 62270 Frévent</description> <horaires>Du lundi au Vendredi 13h30-18h30</horaires> <type>PARTIC</type> <barriere>Inconnu</barriere> <compteOuvert>Inconnu</compteOuvert> <carte>Inconnu</carte> <blacklist>false</blacklist> <Point> <coordinates>2.286178,50.274027,0</coordinates> </Point> </Placemark> <Placemark> <id>1252</id> <name>Decheterie Arques</name> <description>Zone du Lobel 62510 Arques</description> <horaires>Du lundi au Vendredi 13h30-18h30</horaires> <type>PARTIC</type> <barriere>Inconnu</barriere> <compteOuvert>Inconnu</compteOuvert> <carte>Inconnu</carte> <blacklist>false</blacklist> <Point> <coordinates>2.326433,50.721874,0</coordinates> </Point> </Placemark> <Placemark> <id>1253</id> <name>Decheterie Guines</name> <description>ZAE du Moulin à Huile 62340 Guines</description> <horaires>Du lundi au Vendredi 13h30-18h30</horaires> <type>PARTIC</type> <barriere>Inconnu</barriere> <compteOuvert>Inconnu</compteOuvert> <carte>Inconnu</carte> <blacklist>false</blacklist> <Point> <coordinates>1.887296,50.862903,0</coordinates> </Point> </Placemark> <Placemark> <id>1254</id> <name>Decheterie Louches</name> <description>RD 225 62610 Louches</description> <horaires>Du lundi au Vendredi 13h30-18h30</horaires> <type>PARTIC</type> <barriere>Inconnu</barriere> <compteOuvert>Inconnu</compteOuvert> <carte>Inconnu</carte> <blacklist>false</blacklist> <Point> <coordinates>1.994432,50.83165,0</coordinates> </Point> </Placemark> <Placemark> <id>1255</id> <name>Decheterie Rivière</name> <description>Route Départementale N°7 62173 Rivière</description> <horaires>Du lundi au Vendredi 13h30-18h30</horaires> <type>PARTIC</type> <barriere>Inconnu</barriere> <compteOuvert>Inconnu</compteOuvert> <carte>Inconnu</carte> <blacklist>false</blacklist> <Point> <coordinates>2.671389,50.234357,0</coordinates> </Point> </Placemark> <Placemark> <id>1256</id> <name>Decheterie Saint-Pol-sur-Ternoise</name> <description>Route d'Ostreville 62130 Saint-Pol-sur-Ternoise</description> <horaires>Eté (01/04 au 30/09) | Lundi au samedi : 9h - 12h / 14h - 18h | Hiver (01/10 au 31/03) | Lundi au samedi : 10h - 12h / 14h - 17h</horaires> <type>PARTIC</type> <barriere>Inconnu</barriere> <compteOuvert>Inconnu</compteOuvert> <carte>Inconnu</carte> <blacklist>false</blacklist> <Point> <coordinates>2.353562,50.383163,0</coordinates> </Point> </Placemark> <Placemark> <id>1257</id> <name>Decheterie Sallaumines</name> <description>Rue de Guines 62430 Sallaumines</description> <horaires>Hiver (du 01/10 au 31/03) : | du Lundi au Samedi : 9h-18h | Dimanche : 8h30-12h | Été (du 01/04 au 30/09) : du Lundi au Samedi : 9h-19h | Dimanche : 8h30-12h</horaires> <type>PARTIC</type> <barriere>Inconnu</barriere> <compteOuvert>Inconnu</compteOuvert> <carte>Inconnu</carte> <blacklist>false</blacklist> <Point> <coordinates>2.860785,50.425114,0</coordinates> </Point> </Placemark> <Placemark> <id>1258</id> <name>Decheterie Carvin</name> <description>Rue du pont de Gres 62220 Carvin</description> <horaires>Du lundi au Vendredi 13h30-18h30</horaires> <type>PARTIC</type> <barriere>Inconnu</barriere> <compteOuvert>Inconnu</compteOuvert> <carte>Inconnu</carte> <blacklist>false</blacklist> <Point> <coordinates>2.97233,50.479801,0</coordinates> </Point> </Placemark> <Placemark> <id>1259</id> <name>Decheterie Marquise</name> <description>Chemin des Poissonniers 62250 Marquise</description> <horaires>Du lundi au Vendredi 13h30-18h30</horaires> <type>PARTIC</type> <barriere>Inconnu</barriere> <compteOuvert>Inconnu</compteOuvert> <carte>Inconnu</carte> <blacklist>false</blacklist> <Point> <coordinates>1.709474,50.824851,0</coordinates> </Point> </Placemark> <Placemark> <id>1260</id> <name>Decheterie Bruay-la-Buissière</name> <description>Rue de Bellevue 62700 Bruay-la-Buissière</description> <horaires>Du lundi au Vendredi 13h30-18h30</horaires> <type>PARTIC</type> <barriere>Inconnu</barriere> <compteOuvert>Inconnu</compteOuvert> <carte>Inconnu</carte> <blacklist>false</blacklist> <Point> <coordinates>2.524944,50.486018,0</coordinates> </Point> </Placemark> <Placemark> <id>1261</id> <name>Decheterie Camblain-Châtelain</name> <description>ZI des Bluchets 44130 BLAIN</description> <horaires></horaires> <type>PARTIC</type> <barriere>Inconnu</barriere> <compteOuvert>Inconnu</compteOuvert> <carte>Inconnu</carte> <blacklist>false</blacklist> <Point> <coordinates>2.432407,50.478943,0</coordinates> </Point> </Placemark> <Placemark> <id>1262</id> <name>Decheterie Bucquoy</name> <description>Départementale N°12 62116 Bucquoy</description> <horaires>Du lundi au Vendredi 13h30-18h30</horaires> <type>PARTIC</type> <barriere>Inconnu</barriere> <compteOuvert>Inconnu</compteOuvert> <carte>Inconnu</carte> <blacklist>false</blacklist> <Point> <coordinates>2.72061,50.14928,0</coordinates> </Point> </Placemark> <Placemark> <id>1263</id> <name>Decheterie Maroeuil</name> <description>Rue Curie - Zal de Maroeuil 62161 Maroeuil</description> <horaires>Du lundi au Vendredi 13h30-18h30</horaires> <type>PARTIC</type> <barriere>Inconnu</barriere> <compteOuvert>Inconnu</compteOuvert> <carte>Inconnu</carte> <blacklist>false</blacklist> <Point> <coordinates>2.721527,50.326318,0</coordinates> </Point> </Placemark> <Placemark> <id>1264</id> <name>Decheterie Fruges</name> <description>Rue du Marais 62310 Fruges</description> <horaires>Du lundi au Vendredi 13h30-18h30</horaires> <type>PARTIC</type> <barriere>Inconnu</barriere> <compteOuvert>Inconnu</compteOuvert> <carte>Inconnu</carte> <blacklist>false</blacklist> <Point> <coordinates>2.128556,50.514476,0</coordinates> </Point> </Placemark> <Placemark> <id>1265</id> <name>Decheterie Beaurainville</name> <description>88170 Rainville</description> <horaires></horaires> <type>PARTIC</type> <barriere>Inconnu</barriere> <compteOuvert>Inconnu</compteOuvert> <carte>Inconnu</carte> <blacklist>false</blacklist> <Point> <coordinates>1.888617,50.415975,0</coordinates> </Point> </Placemark> <Placemark> <id>1266</id> <name>Decheterie Calais</name> <description>rue Jacques Monod 62100 Calais</description> <horaires>Du lundi au Vendredi 13h30-18h30</horaires> <type>PARTIC</type> <barriere>Inconnu</barriere> <compteOuvert>Inconnu</compteOuvert> <carte>Inconnu</carte> <blacklist>false</blacklist> <Point> <coordinates>1.912514,50.957603,0</coordinates> </Point> </Placemark> <Placemark> <id>1267</id> <name>Decheterie Calais</name> <description>Rue d'Epinal 62100 Calais</description> <horaires>Du lundi au Vendredi 13h30-18h30</horaires> <type>PARTIC</type> <barriere>Inconnu</barriere> <compteOuvert>Inconnu</compteOuvert> <carte>Inconnu</carte> <blacklist>false</blacklist> <Point> <coordinates>1.847369,50.9372,0</coordinates> </Point> </Placemark> <Placemark> <id>1268</id> <name>Decheterie Bertincourt</name> <description>Rue de Ytres 62124 Bertincourt</description> <horaires>Du lundi au Vendredi 13h30-18h30</horaires> <type>PARTIC</type> <barriere>Inconnu</barriere> <compteOuvert>Inconnu</compteOuvert> <carte>Inconnu</carte> <blacklist>false</blacklist> <Point> <coordinates>2.98957,50.080734,0</coordinates> </Point> </Placemark> <Placemark> <id>1269</id> <name>Decheterie Beaumerie-Saint-Martin</name> <description>Lieu Dit Fuyragues 83560 Saint-Martin</description> <horaires>Mardi, Mercredi, Jeudi, Vendredi, Samedi : du 01/11 au 28/02 : 8h-12h du 01/03 au 31/10 : 7h45-12h</horaires> <type>PARTIC</type> <barriere>Inconnu</barriere> <compteOuvert>Inconnu</compteOuvert> <carte>Inconnu</carte> <blacklist>false</blacklist> <Point> <coordinates>1.779303,50.449101,0</coordinates> </Point> </Placemark> <Placemark> <id>1270</id> <name>Decheterie Ruitz</name> <description>ZI - Secteur Le bois 62620 Ruitz</description> <horaires>Du lundi au Vendredi 13h30-18h30</horaires> <type>PARTIC</type> <barriere>Inconnu</barriere> <compteOuvert>Inconnu</compteOuvert> <carte>Inconnu</carte> <blacklist>false</blacklist> <Point> <coordinates>2.602776,50.465819,0</coordinates> </Point> </Placemark> <Placemark> <id>1271</id> <name>Decheterie Saulty</name> <description>Za d'Ault 80460 AULT</description> <horaires>lundi : 14h-18h autres jours : 9h-12h/14h-18h</horaires> <type>PARTIC</type> <barriere>Inconnu</barriere> <compteOuvert>Inconnu</compteOuvert> <carte>Inconnu</carte> <blacklist>false</blacklist> <Point> <coordinates>2.528515,50.200787,0</coordinates> </Point> </Placemark> <Placemark> <id>1272</id> <name>Decheterie Sus-Saint-Léger</name> <description>Chemin Communal 62810 Sus-Saint-Léger</description> <horaires>Hiver (01/11 au 31/03) : Vendredi, Samedi: 9h-12h30/13h30-17h30 | Eté (01/04 au 31/10) : Vendredi, Samedi: 9h-12h30/13h30-19h</horaires> <type>PARTIC</type> <barriere>Inconnu</barriere> <compteOuvert>Inconnu</compteOuvert> <carte>Inconnu</carte> <blacklist>false</blacklist> <Point> <coordinates>2.43594,50.23642,0</coordinates> </Point> </Placemark> <Placemark> <id>1273</id> <name>Decheterie Vis-en-Artois</name> <description>Rue de Boiry 62156 Vis-en-Artois</description> <horaires>été du 1/04 au 31/10 : Lundi, Vendredi, Samedi 8h-12h/14h-18h | Mardi, Mercredi, Jeudi 14h-18h | hiver du 1/11 au 31/03 : Lundi à Vendredi 14h-17h | Samedi 9h-12h/14h-17h</horaires> <type>PARTIC</type> <barriere>Inconnu</barriere> <compteOuvert>Inconnu</compteOuvert> <carte>Inconnu</carte> <blacklist>false</blacklist> <Point> <coordinates>2.938904,50.252892,0</coordinates> </Point> </Placemark> <Placemark> <id>1274</id> <name>Decheterie Bailleul-aux-Cornailles</name> <description>Rue de Lille 59270 Bailleul</description> <horaires>Eté (01/04 au 31/10): Lundi,mercredi, jeudi, vendredi et samedi : 10H - 12H / 14H - 18H30 Dimanche : 10H - 12H Hiver (01/11 au 31/03): Lundi,mercredi, jeudi, vendredi et samedi : 10H - 12H / 14H - 17H</horaires> <type>PARTIC</type> <barriere>Inconnu</barriere> <compteOuvert>Inconnu</compteOuvert> <carte>Inconnu</carte> <blacklist>false</blacklist> <Point> <coordinates>2.444708,50.373306,0</coordinates> </Point> </Placemark> <Placemark> <id>1275</id> <name>Decheterie Licques</name> <description>7 Voie Communale 62850 Licques</description> <horaires>Du lundi au Vendredi 13h30-18h30</horaires> <type>PARTIC</type> <barriere>Inconnu</barriere> <compteOuvert>Inconnu</compteOuvert> <carte>Inconnu</carte> <blacklist>false</blacklist> <Point> <coordinates>1.930208,50.788201,0</coordinates> </Point> </Placemark> <Placemark> <id>1276</id> <name>Decheterie Marquion</name> <description>Rd 14 62860 Marquion</description> <horaires>Du lundi au Vendredi 13h30-18h30</horaires> <type>PARTIC</type> <barriere>Inconnu</barriere> <compteOuvert>Inconnu</compteOuvert> <carte>Inconnu</carte> <blacklist>false</blacklist> <Point> <coordinates>3.068583,50.21646,0</coordinates> </Point> </Placemark> <Placemark> <id>1277</id> <name>Decheterie Béthune</name> <description>Rue du Rabat 62400 Béthune</description> <horaires>Du lundi au Vendredi 13h30-18h30</horaires> <type>PARTIC</type> <barriere>Inconnu</barriere> <compteOuvert>Inconnu</compteOuvert> <carte>Inconnu</carte> <blacklist>false</blacklist> <Point> <coordinates>2.645218,50.548492,0</coordinates> </Point> </Placemark> <Placemark> <id>1278</id> <name>Decheterie Saint-Léonard</name> <description>9 Route Allegret 33670 Saint-léon</description> <horaires>Lundi 13H15-17H Mardi, Mercredi, Jeudi, Vendredi et Samedi 9H15-13H et 13H40-17H</horaires> <type>PARTIC</type> <barriere>Inconnu</barriere> <compteOuvert>Inconnu</compteOuvert> <carte>Inconnu</carte> <blacklist>false</blacklist> <Point> <coordinates>1.608487,50.692737,0</coordinates> </Point> </Placemark> <Placemark> <id>1279</id> <name>Decheterie Fontaine-lès-Boulans</name> <description>Rue de Prédefin 62134 Fontaine-lès-Boulans</description> <horaires>Du lundi au Vendredi 13h30-18h30</horaires> <type>PARTIC</type> <barriere>Inconnu</barriere> <compteOuvert>Inconnu</compteOuvert> <carte>Inconnu</carte> <blacklist>false</blacklist> <Point> <coordinates>2.26816,50.498401,0</coordinates> </Point> </Placemark> <Placemark> <id>1280</id> <name>Decheterie Dainville</name> <description>Avenue de l'Hyppodrome 62000 Dainville</description> <horaires>Du lundi au Vendredi 13h30-18h30</horaires> <type>PARTIC</type> <barriere>Inconnu</barriere> <compteOuvert>Inconnu</compteOuvert> <carte>Inconnu</carte> <blacklist>false</blacklist> <Point> <coordinates>2.725317,50.291987,0</coordinates> </Point> </Placemark> <Placemark> <id>1281</id> <name>Decheterie Noeux-les-Mines</name> <description>Rue de l'Egalité 62290 Noeux-les-Mines</description> <horaires>Du lundi au Vendredi 13h30-18h30</horaires> <type>PARTIC</type> <barriere>Inconnu</barriere> <compteOuvert>Inconnu</compteOuvert> <carte>Inconnu</carte> <blacklist>false</blacklist> <Point> <coordinates>2.670192,50.486329,0</coordinates> </Point> </Placemark> <Placemark> <id>1282</id> <name>Decheterie Audruicq</name> <description>Rue Carnot 62370 Audruicq</description> <horaires>Du lundi au Vendredi 13h30-18h30</horaires> <type>PARTIC</type> <barriere>Inconnu</barriere> <compteOuvert>Inconnu</compteOuvert> <carte>Inconnu</carte> <blacklist>false</blacklist> <Point> <coordinates>2.078532,50.874336,0</coordinates> </Point> </Placemark> <Placemark> <id>1283</id> <name>Decheterie Longfossé</name> <description>Rue Bidet 62240 Longfossé</description> <horaires>Du lundi au Vendredi 13h30-18h30</horaires> <type>PARTIC</type> <barriere>Inconnu</barriere> <compteOuvert>Inconnu</compteOuvert> <carte>Inconnu</carte> <blacklist>false</blacklist> <Point> <coordinates>1.836038,50.66175,0</coordinates> </Point> </Placemark> <Placemark> <id>1284</id> <name>Decheterie Dennebroeucq</name> <description>Lieu-dit le Moulin à Vent 62560 Dennebroeucq</description> <horaires>Du lundi au Vendredi 13h30-18h30</horaires> <type>PARTIC</type> <barriere>Inconnu</barriere> <compteOuvert>Inconnu</compteOuvert> <carte>Inconnu</carte> <blacklist>false</blacklist> <Point> <coordinates>2.154334,50.586077,0</coordinates> </Point> </Placemark> <Placemark> <id>1285</id> <name>Decheterie Lumbres</name> <description>RD 342 62380 Lumbres</description> <horaires>Du lundi au Vendredi 13h30-18h30</horaires> <type>PARTIC</type> <barriere>Inconnu</barriere> <compteOuvert>Inconnu</compteOuvert> <carte>Inconnu</carte> <blacklist>false</blacklist> <Point> <coordinates>2.105726,50.704193,0</coordinates> </Point> </Placemark> <Placemark> <id>1286</id> <name>Decheterie Briouze</name> <description>Route de Domfront 61220 Briouze</description> <horaires>Du lundi au Vendredi 13h30-18h30</horaires> <type>PARTIC</type> <barriere>Inconnu</barriere> <compteOuvert>Inconnu</compteOuvert> <carte>Inconnu</carte> <blacklist>false</blacklist> <Point> <coordinates>-0.375078,48.694732,0</coordinates> </Point> </Placemark> <Placemark> <id>1287</id> <name>Decheterie Colonard-Corubert</name> <description>les Bruyères d'Apremont 61340 Colonard-Corubert</description> <horaires>Du lundi au Vendredi 13h30-18h30</horaires> <type>PARTIC</type> <barriere>Inconnu</barriere> <compteOuvert>Inconnu</compteOuvert> <carte>Inconnu</carte> <blacklist>false</blacklist> <Point> <coordinates>0.612959,48.408633,0</coordinates> </Point> </Placemark> <Placemark> <id>1288</id> <name>Decheterie Essay</name> <description>l'Acre aux Roux 61500 Essay</description> <horaires>Du lundi au Vendredi 13h30-18h30</horaires> <type>PARTIC</type> <barriere>Inconnu</barriere> <compteOuvert>Inconnu</compteOuvert> <carte>Inconnu</carte> <blacklist>false</blacklist> <Point> <coordinates>0.236585,48.546881,0</coordinates> </Point> </Placemark> <Placemark> <id>1289</id> <name>Decheterie Gacé</name> <description>Abords de la R 138 et D12 61230 Gacé</description> <horaires>Du lundi au Vendredi 13h30-18h30</horaires> <type>PARTIC</type> <barriere>Inconnu</barriere> <compteOuvert>Inconnu</compteOuvert> <carte>Inconnu</carte> <blacklist>false</blacklist> <Point> <coordinates>0.311059,48.80194,0</coordinates> </Point> </Placemark> <Placemark> <id>1290</id> <name>Decheterie La Carneille</name> <description>le Hamel 61100 La Carneille</description> <horaires>Hiver 01/10-31/03 : Lundi: 14h-16h45 | Vendredi: 9h-11h45/14h-16h45 | Samedi: 9h-12h45/13h15-16h45 | Eté 01/04-30/09 : Lundi: 14h-17h45 | Vendredi: 9h-11h45/14h-17h45 | Samedi: 9h-12h45/13h15-17h45</horaires> <type>PARTIC</type> <barriere>Inconnu</barriere> <compteOuvert>Inconnu</compteOuvert> <carte>Inconnu</carte> <blacklist>false</blacklist> <Point> <coordinates>-0.431858,48.787076,0</coordinates> </Point> </Placemark> <Placemark> <id>1291</id> <name>Decheterie Le Mêle-sur-Sarthe</name> <description>le Mele sur Sarthe 61170 Le Mêle-sur-Sarthe</description> <horaires>Hiver 01/10-31/03 | Lundi, Mardi, Mercredi, Vendredi: 13h30-17h | Samedi: 9h-12h/13h30-17h | Eté 01/04-30/09 | Lundi, Mardi, Mercredi, Vendredi: 13h30-18h | Samedi: 9h-12h/13h30-18h</horaires> <type>PARTIC</type> <barriere>Inconnu</barriere> <compteOuvert>Inconnu</compteOuvert> <carte>Inconnu</carte> <blacklist>false</blacklist> <Point> <coordinates>0.348702,48.517059,0</coordinates> </Point> </Placemark> <Placemark> <id>1292</id> <name>Decheterie Le Sap</name> <description>Za les Terriers 61470 Le Sap</description> <horaires>Lundi, Mardi, Vendredi: 14h-18h | Mercredi: 9h-12h | Samedi: 9h-12h/14h-18h</horaires> <type>PARTIC</type> <barriere>Inconnu</barriere> <compteOuvert>Inconnu</compteOuvert> <carte>Inconnu</carte> <blacklist>false</blacklist> <Point> <coordinates>0.327688,48.89551,0</coordinates> </Point> </Placemark> <Placemark> <id>1293</id> <name>Decheterie Messei</name> <description>10, Rue Blin 61440 Messei</description> <horaires>Du lundi au Vendredi 13h30-18h30</horaires> <type>PARTIC</type> <barriere>Inconnu</barriere> <compteOuvert>Inconnu</compteOuvert> <carte>Inconnu</carte> <blacklist>false</blacklist> <Point> <coordinates>-0.513974,48.722552,0</coordinates> </Point> </Placemark> <Placemark> <id>1294</id> <name>Decheterie Passais</name> <description>Passais 61350 Passais</description> <horaires>Du lundi au Vendredi 13h30-18h30</horaires> <type>PARTIC</type> <barriere>Inconnu</barriere> <compteOuvert>Inconnu</compteOuvert> <carte>Inconnu</carte> <blacklist>false</blacklist> <Point> <coordinates>-0.763424,48.509398,0</coordinates> </Point> </Placemark> <Placemark> <id>1295</id> <name>Decheterie Pervenchères</name> <description>Route de la Croix 61360 Pervenchères</description> <horaires>Du lundi au Vendredi 13h30-18h30</horaires> <type>PARTIC</type> <barriere>Inconnu</barriere> <compteOuvert>Inconnu</compteOuvert> <carte>Inconnu</carte> <blacklist>false</blacklist> <Point> <coordinates>0.431482,48.434455,0</coordinates> </Point> </Placemark> <Placemark> <id>1296</id> <name>Decheterie Putanges-Pont-Écrepin</name> <description>Chemin de la Tille 21130 PONT</description> <horaires>Horaire d'ete (01/04 au 30/09) Horaire d'hiver (01/10 au 31/03) fermeture à 16H45 : MARDI 8h30-11h45 MERCREDI 14h-17h45 JEUDI 14h-17h45 VENDREDI 8h30-11h45 SAMEDI 8h30-11h45.</horaires> <type>PARTIC</type> <barriere>Inconnu</barriere> <compteOuvert>Inconnu</compteOuvert> <carte>Inconnu</carte> <blacklist>false</blacklist> <Point> <coordinates>-0.24202,48.772737,0</coordinates> </Point> </Placemark> <Placemark> <id>1297</id> <name>Decheterie Saint-Ouen-sur-Iton</name> <description>RD 159 80610 SAINT-OUEN</description> <horaires></horaires> <type>PARTIC</type> <barriere>Inconnu</barriere> <compteOuvert>Inconnu</compteOuvert> <carte>Inconnu</carte> <blacklist>false</blacklist> <Point> <coordinates>0.648942,48.734446,0</coordinates> </Point> </Placemark> <Placemark> <id>1298</id> <name>Decheterie Sées</name> <description>Zi les Fourneaux 61500 Sées</description> <horaires>Eté (1/4 - 30/10) | Ma à je: 9-12 h/14-18h30 | Sa : 9-12 h/14-18 h | Hiver (1/11 - 31/3) | Ma au ve : 9-12 h/14-17 h 30 | Sa : 9-12 h/14-17</horaires> <type>PARTIC</type> <barriere>Inconnu</barriere> <compteOuvert>Inconnu</compteOuvert> <carte>Inconnu</carte> <blacklist>false</blacklist> <Point> <coordinates>0.160691,48.592638,0</coordinates> </Point> </Placemark> <Placemark> <id>1299</id> <name>Decheterie Caligny</name> <description>le Pont de Vère 61100 Caligny</description> <horaires>Du lundi au Vendredi 13h30-18h30</horaires> <type>PARTIC</type> <barriere>Inconnu</barriere> <compteOuvert>Inconnu</compteOuvert> <carte>Inconnu</carte> <blacklist>false</blacklist> <Point> <coordinates>-0.568082,48.788951,0</coordinates> </Point> </Placemark> <Placemark> <id>1300</id> <name>Decheterie Bellême</name> <description>Zi Route du Mans 61130 Bellême</description> <horaires>Du lundi au Vendredi 13h30-18h30</horaires> <type>PARTIC</type> <barriere>Inconnu</barriere> <compteOuvert>Inconnu</compteOuvert> <carte>Inconnu</carte> <blacklist>false</blacklist> <Point> <coordinates>0.561571,48.364446,0</coordinates> </Point> </Placemark> <Placemark> <id>1301</id> <name>Decheterie Bazoches-sur-Hoëne</name> <description>les Plaines 61560 Bazoches-sur-Hoëne</description> <horaires>Du lundi au Vendredi 13h30-18h30</horaires> <type>PARTIC</type> <barriere>Inconnu</barriere> <compteOuvert>Inconnu</compteOuvert> <carte>Inconnu</carte> <blacklist>false</blacklist> <Point> <coordinates>0.479658,48.553527,0</coordinates> </Point> </Placemark> <Placemark> <id>1302</id> <name>Decheterie Chahains</name> <description>Route de Rouperroux 61320 Chahains</description> <horaires>Du lundi au Vendredi 13h30-18h30</horaires> <type>PARTIC</type> <barriere>Inconnu</barriere> <compteOuvert>Inconnu</compteOuvert> <carte>Inconnu</carte> <blacklist>false</blacklist> <Point> <coordinates>-0.110265,48.560109,0</coordinates> </Point> </Placemark> <Placemark> <id>1303</id> <name>Decheterie Argentan</name> <description>Rue de la Saponite 61200 Argentan</description> <horaires>Du lundi au Vendredi 13h30-18h30</horaires> <type>PARTIC</type> <barriere>Inconnu</barriere> <compteOuvert>Inconnu</compteOuvert> <carte>Inconnu</carte> <blacklist>false</blacklist> <Point> <coordinates>-0.020296,48.730943,0</coordinates> </Point> </Placemark> <Placemark> <id>1304</id> <name>Decheterie Domfront</name> <description>l'Etang des Landes 61700 Domfront</description> <horaires>Du lundi au Vendredi 13h30-18h30</horaires> <type>PARTIC</type> <barriere>Inconnu</barriere> <compteOuvert>Inconnu</compteOuvert> <carte>Inconnu</carte> <blacklist>false</blacklist> <Point> <coordinates>-0.620195,48.590942,0</coordinates> </Point> </Placemark> <Placemark> <id>1305</id> <name>Decheterie Écouché</name> <description>Route de Joué du Plain 61150 Écouché</description> <horaires>Hiver 01/10-30/03 : Mardi à Samedi: 9h-12h/14h-17h | Eté 01/04-30/09 : Mardi à Samedi: 9h-12h/14h-19h</horaires> <type>PARTIC</type> <barriere>Inconnu</barriere> <compteOuvert>Inconnu</compteOuvert> <carte>Inconnu</carte> <blacklist>false</blacklist> <Point> <coordinates>-0.127175,48.707617,0</coordinates> </Point> </Placemark> <Placemark> <id>1306</id> <name>Decheterie Berd'huis</name> <description>la Paillerie 61340 Berd'huis</description> <horaires>Du lundi au Vendredi 13h30-18h30</horaires> <type>PARTIC</type> <barriere>Inconnu</barriere> <compteOuvert>Inconnu</compteOuvert> <carte>Inconnu</carte> <blacklist>false</blacklist> <Point> <coordinates>0.745526,48.348203,0</coordinates> </Point> </Placemark> <Placemark> <id>1307</id> <name>Decheterie Le Theil</name> <description>la Porcherie 61260 Le Theil</description> <horaires>Lundi : de 13h30 à 17h30 | Mercredi, vendredi : de 9h00 à 12h00 et de 13h30 à 17h30 | samedi : de 9h00 à 12h00 et de 13h30 à 17h15</horaires> <type>PARTIC</type> <barriere>Inconnu</barriere> <compteOuvert>Inconnu</compteOuvert> <carte>Inconnu</carte> <blacklist>false</blacklist> <Point> <coordinates>0.676254,48.260397,0</coordinates> </Point> </Placemark> <Placemark> <id>1308</id> <name>Decheterie Montmerrei</name> <description>Rue des Mines 59171 ERRE</description> <horaires>Eté (01/03 au 28/02) : Lundi au samedi : 9 h-12h / 13h-19h dimanche: 9h-12h Hiver (01/11 au 28/02) : Lundi au samedi : 9 h-12h / 13h-17h dimanche: 9h-12h</horaires> <type>PARTIC</type> <barriere>Inconnu</barriere> <compteOuvert>Inconnu</compteOuvert> <carte>Inconnu</carte> <blacklist>false</blacklist> <Point> <coordinates>0.057886,48.64001,0</coordinates> </Point> </Placemark> <Placemark> <id>1309</id> <name>Decheterie Rémalard</name> <description>Route de Bretoncelles 61110 Rémalard</description> <horaires>Du lundi au Vendredi 13h30-18h30</horaires> <type>PARTIC</type> <barriere>Inconnu</barriere> <compteOuvert>Inconnu</compteOuvert> <carte>Inconnu</carte> <blacklist>false</blacklist> <Point> <coordinates>0.790619,48.428708,0</coordinates> </Point> </Placemark> <Placemark> <id>1310</id> <name>Decheterie Tourouvre</name> <description>Za la Gare 61190 Tourouvre</description> <horaires>Du lundi au samedi de 10h à 18h SAUF les jeudi, dimanche et jours feriés</horaires> <type>PARTIC</type> <barriere>Inconnu</barriere> <compteOuvert>Inconnu</compteOuvert> <carte>Inconnu</carte> <blacklist>false</blacklist> <Point> <coordinates>0.660737,48.587796,0</coordinates> </Point> </Placemark> <Placemark> <id>1311</id> <name>Decheterie Vimoutiers</name> <description>Zi les Pommiers 61120 Vimoutiers</description> <horaires>Lundi, Mardi, Jeudi, Vendredi, Samedi: 9h-12h/14h30-18h | Mercredi: 14h-18h</horaires> <type>PARTIC</type> <barriere>Inconnu</barriere> <compteOuvert>Inconnu</compteOuvert> <carte>Inconnu</carte> <blacklist>false</blacklist> <Point> <coordinates>0.194811,48.934832,0</coordinates> </Point> </Placemark> <Placemark> <id>1312</id> <name>Decheterie Mortagne-au-Perche</name> <description>Zi la Grippe 61400 Mortagne-au-Perche</description> <horaires>Du lundi au Vendredi 13h30-18h30</horaires> <type>PARTIC</type> <barriere>Inconnu</barriere> <compteOuvert>Inconnu</compteOuvert> <carte>Inconnu</carte> <blacklist>false</blacklist> <Point> <coordinates>0.554004,48.533911,0</coordinates> </Point> </Placemark> <Placemark> <id>1313</id> <name>Decheterie La Ferté-Frênel</name> <description>la Ferté Frênel 61550 La Ferté-Frênel</description> <horaires>Hiver 16/10-15/04 : Lundi: 8h-12h45 | Jeudi: 13h-17h | Samedi: 9h-17h | Eté 16/04-15/10 : Lundi: 8h-12h45 | Jeudi: 13h-18h | Samedi: 9h-18h</horaires> <type>PARTIC</type> <barriere>Inconnu</barriere> <compteOuvert>Inconnu</compteOuvert> <carte>Inconnu</carte> <blacklist>false</blacklist> <Point> <coordinates>0.505552,48.845078,0</coordinates> </Point> </Placemark> <Placemark> <id>1314</id> <name>Decheterie Courtomer</name> <description>les Pierres 61390 Courtomer</description> <horaires>Du lundi au Vendredi 13h30-18h30</horaires> <type>PARTIC</type> <barriere>Inconnu</barriere> <compteOuvert>Inconnu</compteOuvert> <carte>Inconnu</carte> <blacklist>false</blacklist> <Point> <coordinates>0.350217,48.628308,0</coordinates> </Point> </Placemark> <Placemark> <id>1315</id> <name>Decheterie La Ferté-Macé</name> <description>Zi de Beauregard 61600 La Ferté-Macé</description> <horaires>Lundi: 13h30-18h | Mardi, Mercredi, Vendredi: 9h-12h/14h-18h | Samedi: 9h-12h/13h30-18h</horaires> <type>PARTIC</type> <barriere>Inconnu</barriere> <compteOuvert>Inconnu</compteOuvert> <carte>Inconnu</carte> <blacklist>false</blacklist> <Point> <coordinates>-0.340768,48.59785,0</coordinates> </Point> </Placemark> <Placemark> <id>1316</id> <name>Decheterie Alençon</name> <description>Rue Nicolas Appert 61000 Alençon</description> <horaires>Du lundi au Vendredi 13h30-18h30</horaires> <type>PARTIC</type> <barriere>Inconnu</barriere> <compteOuvert>Inconnu</compteOuvert> <carte>Inconnu</carte> <blacklist>false</blacklist> <Point> <coordinates>0.097815,48.446899,0</coordinates> </Point> </Placemark> <Placemark> <id>1317</id> <name>Decheterie Juvigny-sous-Andaine</name> <description>Rue de la Gare 61140 Juvigny-sous-Andaine</description> <horaires>Du lundi au Vendredi 13h30-18h30</horaires> <type>PARTIC</type> <barriere>Inconnu</barriere> <compteOuvert>Inconnu</compteOuvert> <carte>Inconnu</carte> <blacklist>false</blacklist> <Point> <coordinates>-0.522347,48.550152,0</coordinates> </Point> </Placemark> <Placemark> <id>1318</id> <name>Decheterie Longny-au-Perche</name> <description>Zone Artisanale 61290 Longny-au-Perche</description> <horaires>Du lundi au Vendredi 13h30-18h30</horaires> <type>PARTIC</type> <barriere>Inconnu</barriere> <compteOuvert>Inconnu</compteOuvert> <carte>Inconnu</carte> <blacklist>false</blacklist> <Point> <coordinates>0.743139,48.539633,0</coordinates> </Point> </Placemark> <Placemark> <id>1319</id> <name>Decheterie Saint-Maurice-du-Désert</name> <description>Lieux dit les Chaillots D62 18270 Saint-Maur</description> <horaires>13h30-17h sauf mercredi, vendredi : 8h30-12h</horaires> <type>PARTIC</type> <barriere>Inconnu</barriere> <compteOuvert>Inconnu</compteOuvert> <carte>Inconnu</carte> <blacklist>false</blacklist> <Point> <coordinates>-0.396299,48.612302,0</coordinates> </Point> </Placemark> <Placemark> <id>1320</id> <name>Decheterie Trun</name> <description>Chemin de Caen 61160 Trun</description> <horaires>Hiver 01/10-30/03 : Mardi à Samedi: 9h-12h/14h-17h | Eté 01/04-30/09 : Mardi à Samedi: 9h-12h/14h-19h</horaires> <type>PARTIC</type> <barriere>Inconnu</barriere> <compteOuvert>Inconnu</compteOuvert> <carte>Inconnu</carte> <blacklist>false</blacklist> <Point> <coordinates>0.030946,48.848927,0</coordinates> </Point> </Placemark> <Placemark> <id>1321</id> <name>Decheterie La Ferrière-aux-Étangs</name> <description>Za Vircoq 61450 La Ferrière-aux-Étangs</description> <horaires>Hiver 01/10-31/03 : Lundi, Mercredi, Vendredi: 14h-16h45 | Samedi: 9h-12h45/13h15-16h45 | Eté 01/04-30/09 : Lundi, Mercredi, Vendredi: 14h-17h45 | Samedi: 9h-12h45/13h15-17h45</horaires> <type>PARTIC</type> <barriere>Inconnu</barriere> <compteOuvert>Inconnu</compteOuvert> <carte>Inconnu</carte> <blacklist>false</blacklist> <Point> <coordinates>-0.51158,48.664994,0</coordinates> </Point> </Placemark> <Placemark> <id>1322</id> <name>Decheterie Ceaucé</name> <description>Zone Artisanale 61330 Ceaucé</description> <horaires>Du lundi au Vendredi 13h30-18h30</horaires> <type>PARTIC</type> <barriere>Inconnu</barriere> <compteOuvert>Inconnu</compteOuvert> <carte>Inconnu</carte> <blacklist>false</blacklist> <Point> <coordinates>-0.629799,48.500853,0</coordinates> </Point> </Placemark> <Placemark> <id>1323</id> <name>Decheterie Rânes</name> <description>Route de Carrouges 61150 Rânes</description> <horaires>Du lundi au Vendredi 13h30-18h30</horaires> <type>PARTIC</type> <barriere>Inconnu</barriere> <compteOuvert>Inconnu</compteOuvert> <carte>Inconnu</carte> <blacklist>false</blacklist> <Point> <coordinates>-0.206721,48.637119,0</coordinates> </Point> </Placemark> <Placemark> <id>1324</id> <name>Decheterie Le Merlerault</name> <description>Za d'Ault 80460 AULT</description> <horaires>lundi : 14h-18h autres jours : 9h-12h/14h-18h</horaires> <type>PARTIC</type> <barriere>Inconnu</barriere> <compteOuvert>Inconnu</compteOuvert> <carte>Inconnu</carte> <blacklist>false</blacklist> <Point> <coordinates>0.271912,48.698471,0</coordinates> </Point> </Placemark> <Placemark> <id>1325</id> <name>Decheterie Couterne</name> <description>Lignou 61410 Couterne</description> <horaires>Du lundi au Vendredi 13h30-18h30</horaires> <type>PARTIC</type> <barriere>Inconnu</barriere> <compteOuvert>Inconnu</compteOuvert> <carte>Inconnu</carte> <blacklist>false</blacklist> <Point> <coordinates>-0.40272,48.525711,0</coordinates> </Point> </Placemark> <Placemark> <id>1326</id> <name>Decheterie Lonlay-l'Abbaye</name> <description>Route de Rouellé 61700 Lonlay-l'Abbaye</description> <horaires>Du lundi au Vendredi 13h30-18h30</horaires> <type>PARTIC</type> <barriere>Inconnu</barriere> <compteOuvert>Inconnu</compteOuvert> <carte>Inconnu</carte> <blacklist>false</blacklist> <Point> <coordinates>-0.708245,48.638856,0</coordinates> </Point> </Placemark> <Placemark> <id>1327</id> <name>Decheterie Moulins-la-Marche</name> <description>Moulins la Marche 61380 Moulins-la-Marche</description> <horaires>Du lundi au Vendredi 13h30-18h30</horaires> <type>PARTIC</type> <barriere>Inconnu</barriere> <compteOuvert>Inconnu</compteOuvert> <carte>Inconnu</carte> <blacklist>false</blacklist> <Point> <coordinates>0.471006,48.658065,0</coordinates> </Point> </Placemark> <Placemark> <id>1328</id> <name>Decheterie Sainte-Gauburge-Sainte-Colombe</name> <description>Za le Boulai Sud 61370 Sainte-Gauburge-Sainte-Colombe</description> <horaires></horaires> <type>PARTIC</type> <barriere>Inconnu</barriere> <compteOuvert>Inconnu</compteOuvert> <carte>Inconnu</carte> <blacklist>false</blacklist> <Point> <coordinates>0.437874,48.715286,0</coordinates> </Point> </Placemark> <Placemark> <id>1329</id> <name>Decheterie Tinchebray</name> <description>Zi la Madelaine Nord 61800 Tinchebray</description> <horaires>Hiver 01/10-31/03 : Lundi, Mercredi, Vendredi: 9h-11h45/14h-17h15 | Mardi: 14h-17h15 | Samedi: 9h-12h15/14h-17h15 | Eté 01/04-30/09 : Lundi, Mercredi, Vendredi: 9h-11h45/14h-17h45 | Mardi: 14h-17h45 | Samedi: 9h-12h15/14h-17h45</horaires> <type>PARTIC</type> <barriere>Inconnu</barriere> <compteOuvert>Inconnu</compteOuvert> <carte>Inconnu</carte> <blacklist>false</blacklist> <Point> <coordinates>-0.724112,48.770808,0</coordinates> </Point> </Placemark> <Placemark> <id>1330</id> <name>Decheterie Paris</name> <description>8 rue Jacques Destrée 75001 Paris</description> <horaires>Du lundi au Vendredi 13h30-18h30</horaires> <type>PARTIC</type> <barriere>Inconnu</barriere> <compteOuvert>Inconnu</compteOuvert> <carte>Inconnu</carte> <blacklist>false</blacklist> <Point> <coordinates>2.354733,48.816989,0</coordinates> </Point> </Placemark> <Placemark> <id>1331</id> <name>Decheterie Paris</name> <description>Quai d'Issy les Moulineaux 75001 Paris</description> <horaires>Du lundi au Vendredi 13h30-18h30</horaires> <type>PARTIC</type> <barriere>Inconnu</barriere> <compteOuvert>Inconnu</compteOuvert> <carte>Inconnu</carte> <blacklist>false</blacklist> <Point> <coordinates>2.268361,48.834721,0</coordinates> </Point> </Placemark> <Placemark> <id>1332</id> <name>Decheterie Paris</name> <description>26, rue Paul Meurice 75001 Paris</description> <horaires>Du lundi au Vendredi 13h30-18h30</horaires> <type>PARTIC</type> <barriere>Inconnu</barriere> <compteOuvert>Inconnu</compteOuvert> <carte>Inconnu</carte> <blacklist>false</blacklist> <Point> <coordinates>2.41183,48.874621,0</coordinates> </Point> </Placemark> <Placemark> <id>1333</id> <name>Decheterie Paris</name> <description>1, Rue Fabert 75001 Paris</description> <horaires>Du lundi au Vendredi 13h30-18h30</horaires> <type>PARTIC</type> <barriere>Inconnu</barriere> <compteOuvert>Inconnu</compteOuvert> <carte>Inconnu</carte> <blacklist>false</blacklist> <Point> <coordinates>2.311727,48.862172,0</coordinates> </Point> </Placemark> <Placemark> <id>1334</id> <name>Decheterie Paris</name> <description>30, Boulevard Carnot 75001 Paris</description> <horaires>Du lundi au Vendredi 13h30-18h30</horaires> <type>PARTIC</type> <barriere>Inconnu</barriere> <compteOuvert>Inconnu</compteOuvert> <carte>Inconnu</carte> <blacklist>false</blacklist> <Point> <coordinates>2.4133,48.842078,0</coordinates> </Point> </Placemark> <Placemark> <id>1335</id> <name>Decheterie Paris</name> <description>5 Bis Place de la Porte de Pantin 75001 Paris</description> <horaires>Du lundi au Vendredi 13h30-18h30</horaires> <type>PARTIC</type> <barriere>Inconnu</barriere> <compteOuvert>Inconnu</compteOuvert> <carte>Inconnu</carte> <blacklist>false</blacklist> <Point> <coordinates>2.396386,48.89021,0</coordinates> </Point> </Placemark> <Placemark> <id>1336</id> <name>Decheterie Paris</name> <description>17/25, avenue de la Porte de la Chapelle 75001 Paris</description> <horaires>Du lundi au Vendredi 13h30-18h30</horaires> <type>PARTIC</type> <barriere>Inconnu</barriere> <compteOuvert>Inconnu</compteOuvert> <carte>Inconnu</carte> <blacklist>false</blacklist> <Point> <coordinates>2.358074,48.900609,0</coordinates> </Point> </Placemark> <Placemark> <id>1337</id> <name>Decheterie Bessé-sur-Braye</name> <description>Rue du Val de Braye 72310 Bessé-sur-Braye</description> <horaires>Du lundi au Vendredi 13h30-18h30</horaires> <type>PARTIC</type> <barriere>Inconnu</barriere> <compteOuvert>Inconnu</compteOuvert> <carte>Inconnu</carte> <blacklist>false</blacklist> <Point> <coordinates>0.752135,47.829267,0</coordinates> </Point> </Placemark> <Placemark> <id>1338</id> <name>Decheterie Changé</name> <description>Allée du Pont 72560 Changé</description> <horaires>Du lundi au Vendredi 13h30-18h30</horaires> <type>PARTIC</type> <barriere>Inconnu</barriere> <compteOuvert>Inconnu</compteOuvert> <carte>Inconnu</carte> <blacklist>false</blacklist> <Point> <coordinates>0.289324,47.98888,0</coordinates> </Point> </Placemark> <Placemark> <id>1339</id> <name>Decheterie Fresnay-sur-Sarthe</name> <description>les Epinettes 72130 Fresnay-sur-Sarthe</description> <horaires>Du lundi au Vendredi 13h30-18h30</horaires> <type>PARTIC</type> <barriere>Inconnu</barriere> <compteOuvert>Inconnu</compteOuvert> <carte>Inconnu</carte> <blacklist>false</blacklist> <Point> <coordinates>0.02054,48.290418,0</coordinates> </Point> </Placemark> <Placemark> <id>1340</id> <name>Decheterie Marolles-les-Braults</name> <description>Route de Bonne Etable 72260 MAROLLES-LES-BRAULTS</description> <horaires></horaires> <type>PARTIC</type> <barriere>Inconnu</barriere> <compteOuvert>Inconnu</compteOuvert> <carte>Inconnu</carte> <blacklist>false</blacklist> <Point> <coordinates>0.321667,48.249868,0</coordinates> </Point> </Placemark> <Placemark> <id>1341</id> <name>Decheterie Neuville-sur-Sarthe</name> <description>la Touche 72190 NEUVILLE-SUR-SARTHE</description> <horaires>Lundi/mercredi : 14/17h Samedi: 9h-12h/14h-17h</horaires> <type>PARTIC</type> <barriere>Inconnu</barriere> <compteOuvert>Inconnu</compteOuvert> <carte>Inconnu</carte> <blacklist>false</blacklist> <Point> <coordinates>0.200872,48.069001,0</coordinates> </Point> </Placemark> <Placemark> <id>1342</id> <name>Decheterie Parigné-l'Évêque</name> <description>Rue de la Faverie 35133 Parigné</description> <horaires>lundi, mercredi :16h30-17h30 samedi: 10h-12h</horaires> <type>PARTIC</type> <barriere>Inconnu</barriere> <compteOuvert>Inconnu</compteOuvert> <carte>Inconnu</carte> <blacklist>false</blacklist> <Point> <coordinates>0.343546,47.931578,0</coordinates> </Point> </Placemark> <Placemark> <id>1343</id> <name>Decheterie Sablé-sur-Sarthe</name> <description>la Denisière 72300 Sablé-sur-Sarthe</description> <horaires>Du lundi au Vendredi 13h30-18h30</horaires> <type>PARTIC</type> <barriere>Inconnu</barriere> <compteOuvert>Inconnu</compteOuvert> <carte>Inconnu</carte> <blacklist>false</blacklist> <Point> <coordinates>-0.301946,47.833296,0</coordinates> </Point> </Placemark> <Placemark> <id>1344</id> <name>Decheterie Saint-Denis-d'Orques</name> <description>Route de la Gare 72350 Saint-Denis-d'Orques</description> <horaires>Du lundi au Vendredi 13h30-18h30</horaires> <type>PARTIC</type> <barriere>Inconnu</barriere> <compteOuvert>Inconnu</compteOuvert> <carte>Inconnu</carte> <blacklist>false</blacklist> <Point> <coordinates>-0.26675,48.025714,0</coordinates> </Point> </Placemark> <Placemark> <id>1345</id> <name>Decheterie Saint-Cosme-en-Vairais</name> <description>Route de Saint-Fulgent-des-Ormes 72110 SAINT-COSME-EN-VAIRAIS</description> <horaires>Mardi, Jeudi, Vendredi, Samedi</horaires> <type>PARTIC</type> <barriere>Inconnu</barriere> <compteOuvert>Inconnu</compteOuvert> <carte>Inconnu</carte> <blacklist>false</blacklist> <Point> <coordinates>0.46305,48.281037,0</coordinates> </Point> </Placemark> <Placemark> <id>1346</id> <name>Decheterie Saint-Mars-la-Brière</name> <description>la Grande Ouserie 72470 Saint-Mars-la-Brière</description> <horaires>Du lundi au Vendredi 13h30-18h30</horaires> <type>PARTIC</type> <barriere>Inconnu</barriere> <compteOuvert>Inconnu</compteOuvert> <carte>Inconnu</carte> <blacklist>false</blacklist> <Point> <coordinates>0.391113,48.034834,0</coordinates> </Point> </Placemark> <Placemark> <id>1347</id> <name>Decheterie Saint-Rémy-des-Monts</name> <description>Z.I les Alouettes 14570 Saint-Rémy</description> <horaires></horaires> <type>PARTIC</type> <barriere>Inconnu</barriere> <compteOuvert>Inconnu</compteOuvert> <carte>Inconnu</carte> <blacklist>false</blacklist> <Point> <coordinates>0.366554,48.342066,0</coordinates> </Point> </Placemark> <Placemark> <id>1348</id> <name>Decheterie Sillé-le-Guillaume</name> <description>ZI du Champs d'Esse 72140 Sillé-le-Guillaume</description> <horaires>Du lundi au Vendredi 13h30-18h30</horaires> <type>PARTIC</type> <barriere>Inconnu</barriere> <compteOuvert>Inconnu</compteOuvert> <carte>Inconnu</carte> <blacklist>false</blacklist> <Point> <coordinates>-0.147441,48.175482,0</coordinates> </Point> </Placemark> <Placemark> <id>1349</id> <name>Decheterie Vibraye</name> <description>LA RETROURIE 72320 VIBRAYE</description> <horaires>Lundi, Mercredi, Vendredi, Samedi</horaires> <type>PARTIC</type> <barriere>Inconnu</barriere> <compteOuvert>Inconnu</compteOuvert> <carte>Inconnu</carte> <blacklist>false</blacklist> <Point> <coordinates>0.738331,48.054026,0</coordinates> </Point> </Placemark> <Placemark> <id>1350</id> <name>Decheterie Arçonnay</name> <description>la Noé de Geigne 72610 Arçonnay</description> <horaires>Du lundi au Vendredi 13h30-18h30</horaires> <type>PARTIC</type> <barriere>Inconnu</barriere> <compteOuvert>Inconnu</compteOuvert> <carte>Inconnu</carte> <blacklist>false</blacklist> <Point> <coordinates>0.060336,48.397149,0</coordinates> </Point> </Placemark> <Placemark> <id>1351</id> <name>Decheterie Chantenay-Villedieu</name> <description>La Croix des Ormeaux 72430 CHANTENAY-VILLEDIEU</description> <horaires></horaires> <type>PARTIC</type> <barriere>Inconnu</barriere> <compteOuvert>Inconnu</compteOuvert> <carte>Inconnu</carte> <blacklist>false</blacklist> <Point> <coordinates>-0.173684,47.916923,0</coordinates> </Point> </Placemark> <Placemark> <id>1352</id> <name>Decheterie Écommoy</name> <description>Route de Mayet 72220 Écommoy</description> <horaires>Du lundi au Vendredi 13h30-18h30</horaires> <type>PARTIC</type> <barriere>Inconnu</barriere> <compteOuvert>Inconnu</compteOuvert> <carte>Inconnu</carte> <blacklist>false</blacklist> <Point> <coordinates>0.279515,47.815982,0</coordinates> </Point> </Placemark> <Placemark> <id>1353</id> <name>Decheterie Guécélard</name> <description>route de la Belle Etoile 72230 Guécélard</description> <horaires>Du lundi au Vendredi 13h30-18h30</horaires> <type>PARTIC</type> <barriere>Inconnu</barriere> <compteOuvert>Inconnu</compteOuvert> <carte>Inconnu</carte> <blacklist>false</blacklist> <Point> <coordinates>0.155738,47.901727,0</coordinates> </Point> </Placemark> <Placemark> <id>1354</id> <name>Decheterie Loué</name> <description>Route de Vallon-sur-gée 72540 Loué</description> <horaires>Du lundi au Vendredi 13h30-18h30</horaires> <type>PARTIC</type> <barriere>Inconnu</barriere> <compteOuvert>Inconnu</compteOuvert> <carte>Inconnu</carte> <blacklist>false</blacklist> <Point> <coordinates>-0.134143,47.991778,0</coordinates> </Point> </Placemark> <Placemark> <id>1355</id> <name>Decheterie La Ferté-Bernard</name> <description>la Champfordière 72400 La Ferté-Bernard</description> <horaires>hiver (01/10-31/03) : Lundi à Samedi: 9h-12h/14h-17h30 | été (01/04-30/09): Lundi à Vendredi: 9h-12h/14h-18h30 | Samedi: 9h-12h/14h-17h30</horaires> <type>PARTIC</type> <barriere>Inconnu</barriere> <compteOuvert>Inconnu</compteOuvert> <carte>Inconnu</carte> <blacklist>false</blacklist> <Point> <coordinates>0.625844,48.170448,0</coordinates> </Point> </Placemark> <Placemark> <id>1356</id> <name>Decheterie Montaillé</name> <description>La Chasselouvière 72120 Montaillé</description> <horaires>Du lundi au Vendredi 13h30-18h30</horaires> <type>PARTIC</type> <barriere>Inconnu</barriere> <compteOuvert>Inconnu</compteOuvert> <carte>Inconnu</carte> <blacklist>false</blacklist> <Point> <coordinates>0.714835,47.92898,0</coordinates> </Point> </Placemark> <Placemark> <id>1357</id> <name>Decheterie Montbizot</name> <description>Zone d'Activités 72380 MONTBIZOT</description> <horaires>Lundi : 14h - 18h Mercredi et Samedi : 9h - 12h / 14h - 18h Vendredi : 8h - 13h</horaires> <type>PARTIC</type> <barriere>Inconnu</barriere> <compteOuvert>Inconnu</compteOuvert> <carte>Inconnu</carte> <blacklist>false</blacklist> <Point> <coordinates>0.186154,48.151271,0</coordinates> </Point> </Placemark> <Placemark> <id>1358</id> <name>Decheterie Oizé</name> <description>Lieu-dit la Béardière 72330 Oizé</description> <horaires>Du lundi au Vendredi 13h30-18h30</horaires> <type>PARTIC</type> <barriere>Inconnu</barriere> <compteOuvert>Inconnu</compteOuvert> <carte>Inconnu</carte> <blacklist>false</blacklist> <Point> <coordinates>0.111421,47.791065,0</coordinates> </Point> </Placemark> <Placemark> <id>1359</id> <name>Decheterie Sargé-lès-le-Mans</name> <description>route de beaugé 72000 Le Mans</description> <horaires>Heures d'ouverture :</horaires> <type>PARTIC</type> <barriere>Inconnu</barriere> <compteOuvert>Inconnu</compteOuvert> <carte>Inconnu</carte> <blacklist>false</blacklist> <Point> <coordinates>0.235229,48.024096,0</coordinates> </Point> </Placemark> <Placemark> <id>1360</id> <name>Decheterie Savigné-l'Évêque</name> <description>Passe Vite 72460 Savigné-l'Évêque</description> <horaires>hiver (01/10-31/03) : lundi : 14h-17h30 | mercredi et vendredi : 9h-12h et 14h-17h30 | samedi : 9h-12h et 14h-17h30 | Eté (01/04-30/09) : lundi : 14h-18h30 | mercredi et vendredi : 9h-12h et 14h-18h30 | samedi : 9h-12h et 14h-17h30</horaires> <type>PARTIC</type> <barriere>Inconnu</barriere> <compteOuvert>Inconnu</compteOuvert> <carte>Inconnu</carte> <blacklist>false</blacklist> <Point> <coordinates>0.315745,48.079544,0</coordinates> </Point> </Placemark> <Placemark> <id>1361</id> <name>Decheterie Verneil-le-Chétif</name> <description>Lieu-dit Cheudet 72360 Verneil-le-Chétif</description> <horaires>Du lundi au Vendredi 13h30-18h30</horaires> <type>PARTIC</type> <barriere>Inconnu</barriere> <compteOuvert>Inconnu</compteOuvert> <carte>Inconnu</carte> <blacklist>false</blacklist> <Point> <coordinates>0.29324,47.722442,0</coordinates> </Point> </Placemark> <Placemark> <id>1362</id> <name>Decheterie Brulon</name> <description>Route de Viré 72350 BRULON</description> <horaires></horaires> <type>PARTIC</type> <barriere>Inconnu</barriere> <compteOuvert>Inconnu</compteOuvert> <carte>Inconnu</carte> <blacklist>false</blacklist> <Point> <coordinates>-0.24105,47.973341,0</coordinates> </Point> </Placemark> <Placemark> <id>1363</id> <name>Decheterie Laigné-en-Belin</name> <description>Route de l'Oisonniere 72220 Laigné-en-Belin</description> <horaires>Du lundi au Vendredi 13h30-18h30</horaires> <type>PARTIC</type> <barriere>Inconnu</barriere> <compteOuvert>Inconnu</compteOuvert> <carte>Inconnu</carte> <blacklist>false</blacklist> <Point> <coordinates>0.219758,47.871326,0</coordinates> </Point> </Placemark> <Placemark> <id>1364</id> <name>Decheterie Saint-Mars-d'Outillé</name> <description>Mairie 72220 Saint-Mars-d'Outillé</description> <horaires></horaires> <type>PARTIC</type> <barriere>Inconnu</barriere> <compteOuvert>Inconnu</compteOuvert> <carte>Inconnu</carte> <blacklist>false</blacklist> <Point> <coordinates>0.338164,47.8765,0</coordinates> </Point> </Placemark> <Placemark> <id>1365</id> <name>Decheterie Brains-sur-Gée</name> <description>les Touches 72550 Brains-sur-Gée</description> <horaires>Du lundi au Vendredi 13h30-18h30</horaires> <type>PARTIC</type> <barriere>Inconnu</barriere> <compteOuvert>Inconnu</compteOuvert> <carte>Inconnu</carte> <blacklist>false</blacklist> <Point> <coordinates>-0.023817,48.009592,0</coordinates> </Point> </Placemark> <Placemark> <id>1366</id> <name>Decheterie Crosmières</name> <description>la ratiere 72200 Crosmières</description> <horaires>Lundi, Mardi, Mercredi, Jeudi, Vendredi, Samedi : 14h-18h</horaires> <type>PARTIC</type> <barriere>Inconnu</barriere> <compteOuvert>Inconnu</compteOuvert> <carte>Inconnu</carte> <blacklist>false</blacklist> <Point> <coordinates>-0.144818,47.74289,0</coordinates> </Point> </Placemark> <Placemark> <id>1367</id> <name>Decheterie Challes</name> <description>Mairie 72250 Challes</description> <horaires>Du lundi au Vendredi 13h30-18h30</horaires> <type>PARTIC</type> <barriere>Inconnu</barriere> <compteOuvert>Inconnu</compteOuvert> <carte>Inconnu</carte> <blacklist>false</blacklist> <Point> <coordinates>0.414114,47.92777,0</coordinates> </Point> </Placemark> <Placemark> <id>1368</id> <name>Decheterie Château-du-Loir</name> <description>Rue de la Vieille Gare 72500 Château-du-Loir</description> <horaires>Du lundi au Vendredi 13h30-18h30</horaires> <type>PARTIC</type> <barriere>Inconnu</barriere> <compteOuvert>Inconnu</compteOuvert> <carte>Inconnu</carte> <blacklist>false</blacklist> <Point> <coordinates>0.417933,47.68215,0</coordinates> </Point> </Placemark> <Placemark> <id>1369</id> <name>Decheterie Beaumont-sur-Sarthe</name> <description>Rue Saint-Pierre 72170 BEAUMONT-SUR-SARTHE</description> <horaires>Lundi, Mardi, Mercredi, Jeudi, Samedi</horaires> <type>PARTIC</type> <barriere>Inconnu</barriere> <compteOuvert>Inconnu</compteOuvert> <carte>Inconnu</carte> <blacklist>false</blacklist> <Point> <coordinates>0.131817,48.229584,0</coordinates> </Point> </Placemark> <Placemark> <id>1370</id> <name>Decheterie Conlie</name> <description>Route de Mezieres 72400 CONLIE</description> <horaires>Lundi, Mardi, Mercredi, Vendredi : 14h-18h Samedi : 9h-12h + 14h-18h</horaires> <type>PARTIC</type> <barriere>Inconnu</barriere> <compteOuvert>Inconnu</compteOuvert> <carte>Inconnu</carte> <blacklist>false</blacklist> <Point> <coordinates>-0.013677,48.128889,0</coordinates> </Point> </Placemark> <Placemark> <id>1371</id> <name>Decheterie Maisoncelles</name> <description>72440 MAISONCELLES</description> <horaires>Lundi, Mercredi, Vendredi, Samedi</horaires> <type>PARTIC</type> <barriere>Inconnu</barriere> <compteOuvert>Inconnu</compteOuvert> <carte>Inconnu</carte> <blacklist>false</blacklist> <Point> <coordinates>0.563239,47.947552,0</coordinates> </Point> </Placemark> <Placemark> <id>1372</id> <name>Decheterie La Chartre-sur-le-Loir</name> <description>Les Brays 72340 LA CHARTRE-SUR-LE-LOIR</description> <horaires>lundi, mercredi, vendredi : 14h-18h mardi, jeudi, samedi : 9h-12h 14h-18h</horaires> <type>PARTIC</type> <barriere>Inconnu</barriere> <compteOuvert>Inconnu</compteOuvert> <carte>Inconnu</carte> <blacklist>false</blacklist> <Point> <coordinates>0.583585,47.74452,0</coordinates> </Point> </Placemark> <Placemark> <id>1373</id> <name>Decheterie Mulsanne</name> <description>rue de la chesnaie 72230 MULSANNE</description> <horaires>Lundi, Mercredi, Vendredi, Samedi</horaires> <type>PARTIC</type> <barriere>Inconnu</barriere> <compteOuvert>Inconnu</compteOuvert> <carte>Inconnu</carte> <blacklist>false</blacklist> <Point> <coordinates>0.253677,47.905608,0</coordinates> </Point> </Placemark> <Placemark> <id>1374</id> <name>Decheterie Le Mans</name> <description>route de beaugé 72000 Le Mans</description> <horaires></horaires> <type>PARTIC</type> <barriere>Inconnu</barriere> <compteOuvert>Inconnu</compteOuvert> <carte>Inconnu</carte> <blacklist>false</blacklist> <Point> <coordinates>0.143368,48.015542,0</coordinates> </Point> </Placemark> <Placemark> <id>1375</id> <name>Decheterie Le Mans</name> <description>route de beaugé 72000 Le Mans</description> <horaires></horaires> <type>PARTIC</type> <barriere>Inconnu</barriere> <compteOuvert>Inconnu</compteOuvert> <carte>Inconnu</carte> <blacklist>false</blacklist> <Point> <coordinates>0.165705,47.980202,0</coordinates> </Point> </Placemark> <Placemark> <id>1376</id> <name>Decheterie Bonnétable</name> <description>Zone Artisanale de la Taille 72110 Bonnétable</description> <horaires>Du lundi au Vendredi 13h30-18h30</horaires> <type>PARTIC</type> <barriere>Inconnu</barriere> <compteOuvert>Inconnu</compteOuvert> <carte>Inconnu</carte> <blacklist>false</blacklist> <Point> <coordinates>0.414391,48.180794,0</coordinates> </Point> </Placemark> <Placemark> <id>1377</id> <name>Decheterie Ruaudin</name> <description>rue claude Chappe 72230 RUAUDIN</description> <horaires></horaires> <type>PARTIC</type> <barriere>Inconnu</barriere> <compteOuvert>Inconnu</compteOuvert> <carte>Inconnu</carte> <blacklist>false</blacklist> <Point> <coordinates>0.25497,47.937772,0</coordinates> </Point> </Placemark> <Placemark> <id>1378</id> <name>Decheterie Montmirail</name> <description>LA BAUSSERIE 72320 MONTMIRAIL</description> <horaires>Lundi, Mercredi, Vendredi, Samedi</horaires> <type>PARTIC</type> <barriere>Inconnu</barriere> <compteOuvert>Inconnu</compteOuvert> <carte>Inconnu</carte> <blacklist>false</blacklist> <Point> <coordinates>0.762277,48.1061,0</coordinates> </Point> </Placemark> <Placemark> <id>1379</id> <name>Decheterie Roézé-sur-Sarthe</name> <description>La Pièce du Neuf 72210 Roézé-sur-Sarthe</description> <horaires>Du lundi au Vendredi 13h30-18h30</horaires> <type>PARTIC</type> <barriere>Inconnu</barriere> <compteOuvert>Inconnu</compteOuvert> <carte>Inconnu</carte> <blacklist>false</blacklist> <Point> <coordinates>0.052136,47.904275,0</coordinates> </Point> </Placemark> <Placemark> <id>1380</id> <name>Decheterie Le Grand-Lucé</name> <description>Rue de la Taye 28110 Lucé</description> <horaires>9h-12h 14h-18h sauf le dimanche et jours fériés : 9h-13h</horaires> <type>PARTIC</type> <barriere>Inconnu</barriere> <compteOuvert>Inconnu</compteOuvert> <carte>Inconnu</carte> <blacklist>false</blacklist> <Point> <coordinates>0.461753,47.868946,0</coordinates> </Point> </Placemark> <Placemark> <id>1381</id> <name>Decheterie Saint-Saturnin</name> <description>les mesliers 72650 SAINT-SATURNIN</description> <horaires>lundi : 8h - 12 h mercredi : 14 h - 18 h (17h en hiver) vendredi : 14 h - 18 h (17 h en hiver) samedi : 9 h à 12 h et 14 h à 18 h (17 h en hiver)</horaires> <type>PARTIC</type> <barriere>Inconnu</barriere> <compteOuvert>Inconnu</compteOuvert> <carte>Inconnu</carte> <blacklist>false</blacklist> <Point> <coordinates>0.171324,48.067662,0</coordinates> </Point> </Placemark> <Placemark> <id>1382</id> <name>Decheterie Le Lude</name> <description>Boulevard des Tourelles 72800 LUDE</description> <horaires>Lundi, Mardi, Mercredi, Jeudi, Vendredi, Samedi</horaires> <type>PARTIC</type> <barriere>Inconnu</barriere> <compteOuvert>Inconnu</compteOuvert> <carte>Inconnu</carte> <blacklist>false</blacklist> <Point> <coordinates>0.164355,47.635102,0</coordinates> </Point> </Placemark> <Placemark> <id>1383</id> <name>Decheterie Thorée-les-Pins</name> <description>le Bois Douvreau 72800 Thorée-les-Pins</description> <horaires>Du lundi au Vendredi 13h30-18h30</horaires> <type>PARTIC</type> <barriere>Inconnu</barriere> <compteOuvert>Inconnu</compteOuvert> <carte>Inconnu</carte> <blacklist>false</blacklist> <Point> <coordinates>0.02486,47.68692,0</coordinates> </Point> </Placemark> <Placemark> <id>1384</id> <name>Decheterie Tuffé</name> <description>Le Champ de la Croix 72160 Tuffé</description> <horaires>Du lundi au Vendredi 13h30-18h30</horaires> <type>PARTIC</type> <barriere>Inconnu</barriere> <compteOuvert>Inconnu</compteOuvert> <carte>Inconnu</carte> <blacklist>false</blacklist> <Point> <coordinates>0.508913,48.114636,0</coordinates> </Point> </Placemark> <Placemark> <id>1385</id> <name>Decheterie Thorigné-sur-Dué</name> <description>les Orees 72160 Thorigné-sur-Dué</description> <horaires>jeudi : 9h-12h hiver (01/10-31/03) : lundi, mercredi et vendredi : 9h-12h et 14h-17h30 | samedi : 9h-12h et 14h-17h30 | Eté (01/04-30/09) : lundi, mercredi et vendredi : 9h-12h et 14h-18h30 | samedi : 9h-12h et 14h-17h30</horaires> <type>PARTIC</type> <barriere>Inconnu</barriere> <compteOuvert>Inconnu</compteOuvert> <carte>Inconnu</carte> <blacklist>false</blacklist> <Point> <coordinates>0.505929,48.054108,0</coordinates> </Point> </Placemark> <Placemark> <id>1386</id> <name>Decheterie Croix-Mare</name> <description>Hameau Yvelin 76190 Croix-Mare</description> <horaires>Du lundi au Vendredi 13h30-18h30</horaires> <type>PARTIC</type> <barriere>Inconnu</barriere> <compteOuvert>Inconnu</compteOuvert> <carte>Inconnu</carte> <blacklist>false</blacklist> <Point> <coordinates>0.843316,49.603388,0</coordinates> </Point> </Placemark> <Placemark> <id>1387</id> <name>Decheterie La Chapelle-du-Bourgay</name> <description>CHAPELLE-DU-BOURGAY 76590 La Chapelle-du-Bourgay</description> <horaires>Hiver 01/11 au 31/03: semaine : 14h-17h samedi : 9h-12h/14h-17h Eté 01/04 au 31/10 : lundi, mercredi : 14h-18h mardi : 9h-12h/14h-18h vendredi, samedi : 9h-12h/13h30-18h</horaires> <type>PARTIC</type> <barriere>Inconnu</barriere> <compteOuvert>Inconnu</compteOuvert> <carte>Inconnu</carte> <blacklist>false</blacklist> <Point> <coordinates>1.129637,49.829003,0</coordinates> </Point> </Placemark> <Placemark> <id>1388</id> <name>Decheterie Montville</name> <description>Hameau de Bois le Vicomte Chemin des Réservoirs 76710 Montville</description> <horaires>HIVER : du 15/09 au 15/06 8h30-12h/14-17h30 ETE : du 15/06 au 15/09 8h30-12h/14-18h</horaires> <type>PARTIC</type> <barriere>Inconnu</barriere> <compteOuvert>Inconnu</compteOuvert> <carte>Inconnu</carte> <blacklist>false</blacklist> <Point> <coordinates>1.100242,49.538147,0</coordinates> </Point> </Placemark> <Placemark> <id>1389</id> <name>Decheterie Saint-Martin-de-Boscherville</name> <description>Lieu Dit Fuyragues 83560 Saint-Martin</description> <horaires>Mardi, Mercredi, Jeudi, Vendredi, Samedi : du 01/11 au 28/02 : 8h-12h du 01/03 au 31/10 : 7h45-12h</horaires> <type>PARTIC</type> <barriere>Inconnu</barriere> <compteOuvert>Inconnu</compteOuvert> <carte>Inconnu</carte> <blacklist>false</blacklist> <Point> <coordinates>0.958626,49.447228,0</coordinates> </Point> </Placemark> <Placemark> <id>1390</id> <name>Decheterie Villers-Écalles</name> <description>Route de Duclair 76360 Villers-Écalles</description> <horaires>du lundi au vendredi : 8h30-12h/13h30-17h45 samedi : du 16/10 au 14/03 : 8h-12h15/13h30-18h du 15/03 au 15/10 : 8h-12h/13h30-18h15</horaires> <type>PARTIC</type> <barriere>Inconnu</barriere> <compteOuvert>Inconnu</compteOuvert> <carte>Inconnu</carte> <blacklist>false</blacklist> <Point> <coordinates>0.925164,49.523802,0</coordinates> </Point> </Placemark> <Placemark> <id>1391</id> <name>Decheterie Bolbec</name> <description>ZI de Baclair 76210 Bolbec</description> <horaires>Hiver 16/10 au 14/04 Lundi et mardi : 14h30-18h Mercredi et vendredi : 10-12h/14h30-18h Samedi : 9-12h/14-18h Eté 15/04 au 15/10: Lundi, mercredi et vendredi: 10-12h/14h30-19h Mardi : 14h30-19h Samedi : 9-12h/14-19h</horaires> <type>PARTIC</type> <barriere>Inconnu</barriere> <compteOuvert>Inconnu</compteOuvert> <carte>Inconnu</carte> <blacklist>false</blacklist> <Point> <coordinates>0.48454,49.587768,0</coordinates> </Point> </Placemark> <Placemark> <id>1392</id> <name>Decheterie Déville-lès-Rouen</name> <description>1 Quai du Pré aux Loups 76000 Rouen</description> <horaires>Lundi, Mardi, Mercredi, Jeudi, Vendredi, Samedi, Dimanche Tous les jours de 8-19h</horaires> <type>PARTIC</type> <barriere>Inconnu</barriere> <compteOuvert>Inconnu</compteOuvert> <carte>Inconnu</carte> <blacklist>false</blacklist> <Point> <coordinates>1.046827,49.458929,0</coordinates> </Point> </Placemark> <Placemark> <id>1393</id> <name>Decheterie Fauville-en-Caux</name> <description>Lieu-dit Maro 34720 CAUX</description> <horaires>Lundi, Mardi, Mercredi, Vendredi, Samedi 8h30-12h 14h-17h30</horaires> <type>PARTIC</type> <barriere>Inconnu</barriere> <compteOuvert>Inconnu</compteOuvert> <carte>Inconnu</carte> <blacklist>false</blacklist> <Point> <coordinates>0.591373,49.663155,0</coordinates> </Point> </Placemark> <Placemark> <id>1394</id> <name>Decheterie Gonfreville-l'Orcher</name> <description>Rue J.Duclos 76700 Gonfreville-l'Orcher</description> <horaires>lundi au samedi de 8h30 à 12h00 et de 14h00 à 18h00</horaires> <type>PARTIC</type> <barriere>Inconnu</barriere> <compteOuvert>Inconnu</compteOuvert> <carte>Inconnu</carte> <blacklist>false</blacklist> <Point> <coordinates>0.228492,49.508186,0</coordinates> </Point> </Placemark> <Placemark> <id>1395</id> <name>Decheterie Gournay-en-Bray</name> <description>Route des Andelys Parc d'Activités Economique de la Garenne 76220 Gournay-en-Bray</description> <horaires>Hiver du 02/11/ au 31/03 Lundi, Mardi, mercredi et vendredi : 13h30 – 16h45 Jeudi : 08h30 – 11h45 Samedi : 10h00-11h45 et 13h30-16h45 ETE du 01/04 au 31/10 Lundi, Mardi, mercredi et vendredi : 13h30 – 18h15 Jeudi : 08h00 – 11h45 Samedi : 08h30-11h45 et 13h30-18h15</horaires> <type>PARTIC</type> <barriere>Inconnu</barriere> <compteOuvert>Inconnu</compteOuvert> <carte>Inconnu</carte> <blacklist>false</blacklist> <Point> <coordinates>1.713248,49.471876,0</coordinates> </Point> </Placemark> <Placemark> <id>1396</id> <name>Decheterie Notre-Dame-de-Gravenchon</name> <description>ZI de la Grande Campagne 76330 Notre-Dame-de-Gravenchon</description> <horaires>En semaine : 10-12h/13h30h-18h Samedi : 9-12h/13h30-18h</horaires> <type>PARTIC</type> <barriere>Inconnu</barriere> <compteOuvert>Inconnu</compteOuvert> <carte>Inconnu</carte> <blacklist>false</blacklist> <Point> <coordinates>0.584594,49.483192,0</coordinates> </Point> </Placemark> <Placemark> <id>1397</id> <name>Decheterie Rouxmesnil-Bouteilles</name> <description>Cours Bourbon 76370 Rouxmesnil-Bouteilles</description> <horaires>Hiver 15/09 au 15/06 :9-12h30/14h-18h Eté 15/06 au 15/09 : 9-12h30/14-19h</horaires> <type>PARTIC</type> <barriere>Inconnu</barriere> <compteOuvert>Inconnu</compteOuvert> <carte>Inconnu</carte> <blacklist>false</blacklist> <Point> <coordinates>1.101424,49.909755,0</coordinates> </Point> </Placemark> <Placemark> <id>1398</id> <name>Decheterie Saint-Valery-en-Caux</name> <description>Lieu-dit Maro 34720 CAUX</description> <horaires>Lundi, Mardi, Mercredi, Vendredi, Samedi 8h30-12h 14h-17h30</horaires> <type>PARTIC</type> <barriere>Inconnu</barriere> <compteOuvert>Inconnu</compteOuvert> <carte>Inconnu</carte> <blacklist>false</blacklist> <Point> <coordinates>0.725356,49.865132,0</coordinates> </Point> </Placemark> <Placemark> <id>1399</id> <name>Decheterie Buchy</name> <description>ZONE ARTISANALE DES CATELIERS 76750 Buchy</description> <horaires>HIVER : du 01/01au 31/03 Lundi, mecredi : 14-17h Vendredi, samedi : 9-12h/14-17h ETE : du 01/04 au 31/10 Lundi, mecredi : 14-18h Vendredi : 9-12h/14-18h Samedi : 9-12h/14-19h</horaires> <type>PARTIC</type> <barriere>Inconnu</barriere> <compteOuvert>Inconnu</compteOuvert> <carte>Inconnu</carte> <blacklist>false</blacklist> <Point> <coordinates>1.346752,49.588969,0</coordinates> </Point> </Placemark> <Placemark> <id>1400</id> <name>Decheterie Bosc-le-Hard</name> <description>674 Rue Jeanne la Lorraine 76850 Bosc-le-Hard</description> <horaires>Hiver : 01/11-30/04 En semaine 14-17h Samedi 9-12h/14-17h Eté : 01/05-31/10 En semaine (vendredi en plus de l hiver) 14-18h Samedi 9-12h/13h30-18h</horaires> <type>PARTIC</type> <barriere>Inconnu</barriere> <compteOuvert>Inconnu</compteOuvert> <carte>Inconnu</carte> <blacklist>false</blacklist> <Point> <coordinates>1.174342,49.634745,0</coordinates> </Point> </Placemark> <Placemark> <id>1401</id> <name>Decheterie Blangy-sur-Bresle</name> <description>Lieu dit des 'Graverots' en direction de la chapelle st quillain 70700 GY</description> <horaires>lundi : 9h-12h/14h-17h mercredi : 14h-18h vendredi : 14h-17h samedi : 9h-12h/14h-18h</horaires> <type>PARTIC</type> <barriere>Inconnu</barriere> <compteOuvert>Inconnu</compteOuvert> <carte>Inconnu</carte> <blacklist>false</blacklist> <Point> <coordinates>1.641218,49.930375,0</coordinates> </Point> </Placemark> <Placemark> <id>1402</id> <name>Decheterie Goderville</name> <description>Za Route de Bolbec 76110 Goderville</description> <horaires>Du lundi au Vendredi 13h30-18h30</horaires> <type>PARTIC</type> <barriere>Inconnu</barriere> <compteOuvert>Inconnu</compteOuvert> <carte>Inconnu</carte> <blacklist>false</blacklist> <Point> <coordinates>0.373198,49.641441,0</coordinates> </Point> </Placemark> <Placemark> <id>1403</id> <name>Decheterie Doudeville</name> <description>Rd 88 - Près de la Station d'Epuration 76560 Doudeville</description> <horaires>Hiver 01/10 au 31/03 Lundi, jeudi et vendredi : 13h30 - 17h30 Mercredi et samedi : 9-12h/13h30- 17h30 Eté 01/04 au 30/09 Jeudi et vendredi : 14-19h Lundi, mercredi et samedi : 9-12h/14-19h Dimanche : 9-12h</horaires> <type>PARTIC</type> <barriere>Inconnu</barriere> <compteOuvert>Inconnu</compteOuvert> <carte>Inconnu</carte> <blacklist>false</blacklist> <Point> <coordinates>0.774396,49.723543,0</coordinates> </Point> </Placemark> <Placemark> <id>1404</id> <name>Decheterie Darnétal</name> <description>Sente de la Ravine les Violettes 76160 Darnétal</description> <horaires>lundi, mercredi, jeudi, samedi : 9h-12h/14h-17h30 vendredi : 14h45-17h30</horaires> <type>PARTIC</type> <barriere>Inconnu</barriere> <compteOuvert>Inconnu</compteOuvert> <carte>Inconnu</carte> <blacklist>false</blacklist> <Point> <coordinates>1.157781,49.445616,0</coordinates> </Point> </Placemark> <Placemark> <id>1405</id> <name>Decheterie Cany-Barville</name> <description>ZI de la Gare route de Calvaille 76450 Cany-Barville</description> <horaires>du 01/11 au 28/02 : lundi, 14h30-18h autres jours : 9h-12h/14h30-18h du 01/03 au 31/10 : lundi : 14h30-19h autres jours : 9h-12h/14h30-19h</horaires> <type>PARTIC</type> <barriere>Inconnu</barriere> <compteOuvert>Inconnu</compteOuvert> <carte>Inconnu</carte> <blacklist>false</blacklist> <Point> <coordinates>0.65165,49.781229,0</coordinates> </Point> </Placemark> <Placemark> <id>1406</id> <name>Decheterie Le Petit-Quevilly</name> <description>Chemin du Gold 76140 Le Petit-Quevilly</description> <horaires>lundi, mardi, mercredi, samedi : 9H-12H et 14H-17H30 Jeudi : 9-11h45</horaires> <type>PARTIC</type> <barriere>Inconnu</barriere> <compteOuvert>Inconnu</compteOuvert> <carte>Inconnu</carte> <blacklist>false</blacklist> <Point> <coordinates>1.038694,49.427319,0</coordinates> </Point> </Placemark> <Placemark> <id>1407</id> <name>Decheterie Sotteville-lès-Rouen</name> <description>Chemin du halage 76300 Sotteville-lès-Rouen</description> <horaires>Mardi, mercredi, jeudi et samedi : 9h-12h/14h-17h30 Vendredi 9h-11h45</horaires> <type>PARTIC</type> <barriere>Inconnu</barriere> <compteOuvert>Inconnu</compteOuvert> <carte>Inconnu</carte> <blacklist>false</blacklist> <Point> <coordinates>1.111217,49.417396,0</coordinates> </Point> </Placemark> <Placemark> <id>1408</id> <name>Decheterie Anneville-Ambourville</name> <description>2701 Route de Bourg Achard 76480 Anneville-Ambourville</description> <horaires>Du lundi au Vendredi 13h30-18h30</horaires> <type>PARTIC</type> <barriere>Inconnu</barriere> <compteOuvert>Inconnu</compteOuvert> <carte>Inconnu</carte> <blacklist>false</blacklist> <Point> <coordinates>0.892989,49.433193,0</coordinates> </Point> </Placemark> <Placemark> <id>1409</id> <name>Decheterie La Feuillie</name> <description>Z.I. Route de Lyons 76220 La Feuillie</description> <horaires>Hiver du 02/11 au 31/03 Lundi, mercredi et samedi : 10h00-11h45 et 13h30-15h45 Vendredi : 14h00-15h45 ETE du 01/04 au 31/10 Lundi: 10h00-11h45 et 14h00-15h45 Mercredi : 10h00-11h45 et 14h00-16h45 Vendredi : 14h00-17h45 Samedi : 09h00-11h45 et 14h00-17h45</horaires> <type>PARTIC</type> <barriere>Inconnu</barriere> <compteOuvert>Inconnu</compteOuvert> <carte>Inconnu</carte> <blacklist>false</blacklist> <Point> <coordinates>1.516286,49.457328,0</coordinates> </Point> </Placemark> <Placemark> <id>1410</id> <name>Decheterie Gueures</name> <description>11 Rue des Canadiens 76730 Gueures</description> <horaires>Du lundi au Vendredi 13h30-18h30</horaires> <type>PARTIC</type> <barriere>Inconnu</barriere> <compteOuvert>Inconnu</compteOuvert> <carte>Inconnu</carte> <blacklist>false</blacklist> <Point> <coordinates>0.971634,49.842979,0</coordinates> </Point> </Placemark> <Placemark> <id>1411</id> <name>Decheterie Grand-Couronne</name> <description>Allée Côte Mustel 76530 Grand-Couronne</description> <horaires>Lundi, mardi, mercredi, samedi : 9h-12h/14h-17h30 Vendredi : 9h-11h45</horaires> <type>PARTIC</type> <barriere>Inconnu</barriere> <compteOuvert>Inconnu</compteOuvert> <carte>Inconnu</carte> <blacklist>false</blacklist> <Point> <coordinates>1.014733,49.366892,0</coordinates> </Point> </Placemark> <Placemark> <id>1412</id> <name>Decheterie Caudebec-lès-Elbeuf</name> <description>CLOS ALLARD 76320 Caudebec-lès-Elbeuf</description> <horaires>Lundi, Mardi, Mercredi, Jeudi, Vendredi, Samedi 10h-18h Dimanche : 9h30-12h30</horaires> <type>PARTIC</type> <barriere>Inconnu</barriere> <compteOuvert>Inconnu</compteOuvert> <carte>Inconnu</carte> <blacklist>false</blacklist> <Point> <coordinates>1.030669,49.291474,0</coordinates> </Point> </Placemark> <Placemark> <id>1413</id> <name>Decheterie Le Trait</name> <description>Zone Industrielle 76580 Le Trait</description> <horaires>Lundi : 10-12h/13h30-17h45 Mardi, mercredi, jeudi : 13h30-17h45 Samedi :9h-12h/ 13h30-17h45</horaires> <type>PARTIC</type> <barriere>Inconnu</barriere> <compteOuvert>Inconnu</compteOuvert> <carte>Inconnu</carte> <blacklist>false</blacklist> <Point> <coordinates>0.793444,49.486037,0</coordinates> </Point> </Placemark> <Placemark> <id>1414</id> <name>Decheterie Maucomble</name> <description>76680 Maucomble</description> <horaires>Hiver Lundi, mercredi, vendredi : 15-17h Samedi : 10-12h/14-18h ETE Lundi, mercredi, vendredi : 14-18h Samedi : 9-12h/14-18h</horaires> <type>PARTIC</type> <barriere>Inconnu</barriere> <compteOuvert>Inconnu</compteOuvert> <carte>Inconnu</carte> <blacklist>false</blacklist> <Point> <coordinates>1.351947,49.686347,0</coordinates> </Point> </Placemark> <Placemark> <id>1415</id> <name>Decheterie Theuville-aux-Maillots</name> <description>Route aux Fleurs 76540 Theuville-aux-Maillots</description> <horaires>Du lundi au Vendredi 13h30-18h30</horaires> <type>PARTIC</type> <barriere>Inconnu</barriere> <compteOuvert>Inconnu</compteOuvert> <carte>Inconnu</carte> <blacklist>false</blacklist> <Point> <coordinates>0.535814,49.76153,0</coordinates> </Point> </Placemark> <Placemark> <id>1416</id> <name>Decheterie Lillebonne</name> <description>Boulevard d'Alsace 59000 LILLE</description> <horaires>Lundi : 10h30 - 18h mardi au samedi : 7h30 - 18h Dimanche et jours fériés : 8h - 13h</horaires> <type>PARTIC</type> <barriere>Inconnu</barriere> <compteOuvert>Inconnu</compteOuvert> <carte>Inconnu</carte> <blacklist>false</blacklist> <Point> <coordinates>0.53616,49.510312,0</coordinates> </Point> </Placemark> <Placemark> <id>1417</id> <name>Decheterie Bois-Guillaume</name> <description>Rue Herbeuse 76230 Bois-Guillaume</description> <horaires>Mardi, mercredi, jeudi et samedi : 9h-12h/14h-17h30 Vendredi: 9h-11h45</horaires> <type>PARTIC</type> <barriere>Inconnu</barriere> <compteOuvert>Inconnu</compteOuvert> <carte>Inconnu</carte> <blacklist>false</blacklist> <Point> <coordinates>1.135916,49.475526,0</coordinates> </Point> </Placemark> <Placemark> <id>1418</id> <name>Decheterie Saint-Martin-en-Campagne</name> <description>Lieu Dit Fuyragues 83560 Saint-Martin</description> <horaires>Mardi, Mercredi, Jeudi, Vendredi, Samedi : du 01/11 au 28/02 : 8h-12h du 01/03 au 31/10 : 7h45-12h</horaires> <type>PARTIC</type> <barriere>Inconnu</barriere> <compteOuvert>Inconnu</compteOuvert> <carte>Inconnu</carte> <blacklist>false</blacklist> <Point> <coordinates>1.22667,49.965289,0</coordinates> </Point> </Placemark> <Placemark> <id>1419</id> <name>Decheterie Épreville</name> <description>Z.I. de Basbeuf 76400 Épreville</description> <horaires>Hiver : Lundi, mercredi et samedi :10h-12h/14-18h Mardi, jeudi et vendredi : 14-18h Dimanche : 9-12h Eté : Lundi, mercredi, samedi : 10h-12h/14h-19h Mardi, jeudi, vendredi : 14h-19h Dimanche : 9h-12h</horaires> <type>PARTIC</type> <barriere>Inconnu</barriere> <compteOuvert>Inconnu</compteOuvert> <carte>Inconnu</carte> <blacklist>false</blacklist> <Point> <coordinates>0.359744,49.716965,0</coordinates> </Point> </Placemark> <Placemark> <id>1420</id> <name>Decheterie Fresnoy-Folny</name> <description>Bois de Tous Vents 76660 Fresnoy-Folny</description> <horaires>Mercredi, Samedi</horaires> <type>PARTIC</type> <barriere>Inconnu</barriere> <compteOuvert>Inconnu</compteOuvert> <carte>Inconnu</carte> <blacklist>false</blacklist> <Point> <coordinates>1.426909,49.862022,0</coordinates> </Point> </Placemark> <Placemark> <id>1421</id> <name>Decheterie Duclair</name> <description>Chemin des Monts 76480 Duclair</description> <horaires>- du lundi au vendredi : de 15h à 18h - le samedi : de 10h à 12h et de 14h à 18h.</horaires> <type>PARTIC</type> <barriere>Inconnu</barriere> <compteOuvert>Inconnu</compteOuvert> <carte>Inconnu</carte> <blacklist>false</blacklist> <Point> <coordinates>0.866693,49.490788,0</coordinates> </Point> </Placemark> <Placemark> <id>1422</id> <name>Decheterie Criquetot-l'Esneval</name> <description>Route de Tuvetot 76280 Criquetot-l'Esneval</description> <horaires>lundi : 14h-18h mercredi, vendredi, samedi : 9h-12h30/14h-18h dimanche : 9h-12h30</horaires> <type>PARTIC</type> <barriere>Inconnu</barriere> <compteOuvert>Inconnu</compteOuvert> <carte>Inconnu</carte> <blacklist>false</blacklist> <Point> <coordinates>0.260434,49.63186,0</coordinates> </Point> </Placemark> <Placemark> <id>1423</id> <name>Decheterie Aumale</name> <description>Rd 920 Plaincamp 76390 Aumale</description> <horaires>du 01/10 au 30/03 : lundi, vendredi, samedi : 9h-17 mercredi : 9h-12h du 01/04 au 30/09 : lundi, vendredi, samedi : 9h-18h mercredi : 9h-12h</horaires> <type>PARTIC</type> <barriere>Inconnu</barriere> <compteOuvert>Inconnu</compteOuvert> <carte>Inconnu</carte> <blacklist>false</blacklist> <Point> <coordinates>1.704885,49.774246,0</coordinates> </Point> </Placemark> <Placemark> <id>1424</id> <name>Decheterie Sainte-Adresse</name> <description>Avenue du Stade 76310 Sainte-Adresse</description> <horaires>Lundi au jeudi : 8h30 à 12h et 13h30 à 16h30 en hiver et 7h30 à 12h00 et de 13h30 à 16h30 en été Vendredi de 8h30 à 12h00 et de 13h30 à 16h00 en hiver et de 7h30 à 12h00 et de 13h30 à 16h30 en été Samedi : 9h00 à 12h30 et de 13h30 à 17h00</horaires> <type>PARTIC</type> <barriere>Inconnu</barriere> <compteOuvert>Inconnu</compteOuvert> <carte>Inconnu</carte> <blacklist>false</blacklist> <Point> <coordinates>0.080275,49.511276,0</coordinates> </Point> </Placemark> <Placemark> <id>1425</id> <name>Decheterie Maulévrier-Sainte-Gertrude</name> <description>76490 Maulévrier-Sainte-Gertrude</description> <horaires>Hiver 01/11-31/03 En semaine : 14-17h Samedi 10-12h/14-17h Eté 01/04-31/10 En semaine : 14-19h Samedi : 9-12h/14-19h</horaires> <type>PARTIC</type> <barriere>Inconnu</barriere> <compteOuvert>Inconnu</compteOuvert> <carte>Inconnu</carte> <blacklist>false</blacklist> <Point> <coordinates>0.725695,49.557612,0</coordinates> </Point> </Placemark> <Placemark> <id>1426</id> <name>Decheterie Envermeu</name> <description>rue du près aux vaches ZA de la Torqueville 76630 Envermeu</description> <horaires>HIVER Lundi, vendredi, samedi :9h30-12h/14h-18h Mercredi, jeudi : 14-18h ETE Lundi, vendredi, samedi :9h30-12h/14h-19h Mercredi, jeudi : 14-19h</horaires> <type>PARTIC</type> <barriere>Inconnu</barriere> <compteOuvert>Inconnu</compteOuvert> <carte>Inconnu</carte> <blacklist>false</blacklist> <Point> <coordinates>1.252004,49.899046,0</coordinates> </Point> </Placemark> <Placemark> <id>1427</id> <name>Decheterie Rouen</name> <description>1 Quai du Pré aux Loups 76000 Rouen</description> <horaires>Lundi, Mardi, Mercredi, Jeudi, Vendredi, Samedi, Dimanche Tous les jours de 8-19h</horaires> <type>PARTIC</type> <barriere>Inconnu</barriere> <compteOuvert>Inconnu</compteOuvert> <carte>Inconnu</carte> <blacklist>false</blacklist> <Point> <coordinates>1.103465,49.435118,0</coordinates> </Point> </Placemark> <Placemark> <id>1428</id> <name>Decheterie Brametot</name> <description>Route de Montréal 11150 BRAM</description> <horaires>lundi 8h-12h et 14h-17h Mardi 8h-12h et 14h-17h Mercredi 8h-12h et 14h-17h Vendredi 8h-12h et 14h-17h Samedi 8h-12h et 14h-17h</horaires> <type>PARTIC</type> <barriere>Inconnu</barriere> <compteOuvert>Inconnu</compteOuvert> <carte>Inconnu</carte> <blacklist>false</blacklist> <Point> <coordinates>0.875929,49.787369,0</coordinates> </Point> </Placemark> <Placemark> <id>1429</id> <name>Decheterie Vassonville</name> <description>Hameau du Bois du Fil 76890 Vassonville</description> <horaires>lundi, mercredi, vendredi, samedi : 9h-11h45/14h-17h45 mardi, jeudi : 9h-12h45 dimanche : 9h-11h45</horaires> <type>PARTIC</type> <barriere>Inconnu</barriere> <compteOuvert>Inconnu</compteOuvert> <carte>Inconnu</carte> <blacklist>false</blacklist> <Point> <coordinates>1.07504,49.700008,0</coordinates> </Point> </Placemark> <Placemark> <id>1430</id> <name>Decheterie Touffreville-la-Corbeline</name> <description>Route de Touffreville - Rue du Mont Joly 76190 Touffreville-la-Corbeline</description> <horaires>Hiver 01/10-31/03 En semaine 9-12h/14-17h Samedi 8-12h/13-17h Eté 01/04-30/09 En semaine 9-12h/14-18h Samedi 8-12h/13-18h</horaires> <type>PARTIC</type> <barriere>Inconnu</barriere> <compteOuvert>Inconnu</compteOuvert> <carte>Inconnu</carte> <blacklist>false</blacklist> <Point> <coordinates>0.758787,49.603328,0</coordinates> </Point> </Placemark> <Placemark> <id>1431</id> <name>Decheterie Saint-Étienne-du-Rouvray</name> <description>Rue Necker 42000 Saint-Étienne</description> <horaires>du lundi au dimanche Prendre contact pour les horaires</horaires> <type>PARTIC</type> <barriere>Inconnu</barriere> <compteOuvert>Inconnu</compteOuvert> <carte>Inconnu</carte> <blacklist>false</blacklist> <Point> <coordinates>1.110528,49.369984,0</coordinates> </Point> </Placemark> <Placemark> <id>1432</id> <name>Decheterie Le Tréport</name> <description>Quai Sud 76470 Le Tréport</description> <horaires>tous les jours sauf dimanche 9h-12h/14h 18h</horaires> <type>PARTIC</type> <barriere>Inconnu</barriere> <compteOuvert>Inconnu</compteOuvert> <carte>Inconnu</carte> <blacklist>false</blacklist> <Point> <coordinates>1.39081,50.060686,0</coordinates> </Point> </Placemark> <Placemark> <id>1433</id> <name>Decheterie Foucarmont</name> <description>20, Rue de Barbentane 76340 Foucarmont</description> <horaires>Du lundi au Vendredi 13h30-18h30</horaires> <type>PARTIC</type> <barriere>Inconnu</barriere> <compteOuvert>Inconnu</compteOuvert> <carte>Inconnu</carte> <blacklist>false</blacklist> <Point> <coordinates>1.568194,49.856156,0</coordinates> </Point> </Placemark> <Placemark> <id>1434</id> <name>Decheterie Serqueux</name> <description>Route du Thil-Riberpré - RD 83 76440 Serqueux</description> <horaires>Hiver du 02/11/ au 31/03 Lundi, mercredi et vendredi : 13h30-16h45 Jeudi et samedi: 10h00-11h45 et 13h30-16h45 ETE du 01/04 au 31/10 Lundi, mercredi et vendredi : 14h00-18h15 Jeudi et samedi: 10h00-11h45 et 14h00-18h15</horaires> <type>PARTIC</type> <barriere>Inconnu</barriere> <compteOuvert>Inconnu</compteOuvert> <carte>Inconnu</carte> <blacklist>false</blacklist> <Point> <coordinates>1.545692,49.634745,0</coordinates> </Point> </Placemark> <Placemark> <id>1435</id> <name>Decheterie Saint-Jean-du-Cardonnay</name> <description>Cote de la Valette 76150 Saint-Jean-du-Cardonnay</description> <horaires>Tous les jours 8-18h Dimanche 9-18h</horaires> <type>PARTIC</type> <barriere>Inconnu</barriere> <compteOuvert>Inconnu</compteOuvert> <carte>Inconnu</carte> <blacklist>false</blacklist> <Point> <coordinates>1.024776,49.487432,0</coordinates> </Point> </Placemark> <Placemark> <id>1436</id> <name>Decheterie Saint-Romain-de-Colbosc</name> <description>Rue Georges Grimm 76430 Saint-Romain-de-Colbosc</description> <horaires>Hiver 01/11-31/03 Lundi, mercredi 9-12h 14h-17h vendredi 14-17h Samedi 9-17h Eté 01/04-31/10 Lundi, mercredi, vendredi 9-12h/15-19h Samedi 9h-19h</horaires> <type>PARTIC</type> <barriere>Inconnu</barriere> <compteOuvert>Inconnu</compteOuvert> <carte>Inconnu</carte> <blacklist>false</blacklist> <Point> <coordinates>0.365894,49.533276,0</coordinates> </Point> </Placemark> <Placemark> <id>1437</id> <name>Decheterie Harfleur</name> <description>Impasse de la Forge 76700 Harfleur</description> <horaires>lundi au samedi de 8h30 à 12h00 et de 14h00 à 18h00 Dimanche de 8h30 à12h30</horaires> <type>PARTIC</type> <barriere>Inconnu</barriere> <compteOuvert>Inconnu</compteOuvert> <carte>Inconnu</carte> <blacklist>false</blacklist> <Point> <coordinates>0.19762,49.508584,0</coordinates> </Point> </Placemark> <Placemark> <id>1438</id> <name>Decheterie La Mailleraye-sur-Seine</name> <description>Route du Pont Audemer 76940 La Mailleraye-sur-Seine</description> <horaires>Hiver du 01/11-31/03 : Lundi 10h-12h | mercredi, Vendredi 14h-17h | Samedi 10h-12h/14h-17h | Eté du 01/04-31/10 : Lundi 9h-12h | mercredi, Vendredi 14h-19h | Samedi 9h-12h/14-19h</horaires> <type>PARTIC</type> <barriere>Inconnu</barriere> <compteOuvert>Inconnu</compteOuvert> <carte>Inconnu</carte> <blacklist>false</blacklist> <Point> <coordinates>0.743823,49.470528,0</coordinates> </Point> </Placemark> <Placemark> <id>1439</id> <name>Decheterie Neufchâtel-en-Bray</name> <description>20, Rue de la Grande Flandre 76270 Neufchâtel-en-Bray</description> <horaires>En semaine : 8-12/13h30-17h30 Samedi : 8-12h/13h30-16h30 Dimanche : 10-12h</horaires> <type>PARTIC</type> <barriere>Inconnu</barriere> <compteOuvert>Inconnu</compteOuvert> <carte>Inconnu</carte> <blacklist>false</blacklist> <Point> <coordinates>1.433003,49.735261,0</coordinates> </Point> </Placemark> <Placemark> <id>1440</id> <name>Decheterie Yerville</name> <description>Route de Criquetot 76760 Yerville</description> <horaires>Hiver 01/11-31/03 Lundi et jeudi : 10h-12h/13h30-17h Mardi et vendredi : 13h30-17h Samedi : 9h30-12/13h30-17h Eté 01/04-31/10 Lundi et jeudi : 10h-12h/13h30-19h Mardi et vendredi :13h30-19h Samedi: 9h30-12h/13h30-19h</horaires> <type>PARTIC</type> <barriere>Inconnu</barriere> <compteOuvert>Inconnu</compteOuvert> <carte>Inconnu</carte> <blacklist>false</blacklist> <Point> <coordinates>0.879438,49.666049,0</coordinates> </Point> </Placemark> <Placemark> <id>1441</id> <name>Decheterie Boos</name> <description>Près de la Station d'épuration 76520 Boos</description> <horaires>lundi, mercredi, vendredi, samedi : 9h-12h/14h-17h30 jeudi : 9h-11h45</horaires> <type>PARTIC</type> <barriere>Inconnu</barriere> <compteOuvert>Inconnu</compteOuvert> <carte>Inconnu</carte> <blacklist>false</blacklist> <Point> <coordinates>1.181498,49.375711,0</coordinates> </Point> </Placemark> <Placemark> <id>1442</id> <name>Decheterie Cléon</name> <description>Rue Marie Louise et Raymond Boucher Cleon 76410 Cléon</description> <horaires>Lundi, Mardi, Mercredi, Jeudi, Vendredi, Samedi 10h-18h dimanche : 9h30-12h30</horaires> <type>PARTIC</type> <barriere>Inconnu</barriere> <compteOuvert>Inconnu</compteOuvert> <carte>Inconnu</carte> <blacklist>false</blacklist> <Point> <coordinates>1.058065,49.317641,0</coordinates> </Point> </Placemark> <Placemark> <id>1443</id> <name>Decheterie Grandes-Ventes</name> <description>Zone Artisanale 76950 Grandes-Ventes</description> <horaires>Hiver (du 01/11 au 30/04) : Mardi et Jeudi : 14h-17h | Samedi 9-12h et 14-17h | Eté (du 01/05 au 31/10) : Mardi et Jeudi : 14h-17h | Vendredi : 14h-18h | Samedi : 9-12h et 14-18h</horaires> <type>PARTIC</type> <barriere>Inconnu</barriere> <compteOuvert>Inconnu</compteOuvert> <carte>Inconnu</carte> <blacklist>false</blacklist> <Point> <coordinates>1.223733,49.790007,0</coordinates> </Point> </Placemark> <Placemark> <id>1444</id> <name>Decheterie Chaintreaux</name> <description>Rue de l'Ancienne Gare 77460 Chaintreaux</description> <horaires>Du lundi au Vendredi 13h30-18h30</horaires> <type>PARTIC</type> <barriere>Inconnu</barriere> <compteOuvert>Inconnu</compteOuvert> <carte>Inconnu</carte> <blacklist>false</blacklist> <Point> <coordinates>2.813784,48.195797,0</coordinates> </Point> </Placemark> <Placemark> <id>1445</id> <name>Decheterie Chanteloup-en-Brie</name> <description>ZA La Grande Garenne 16590 Brie</description> <horaires>Du lundi au samedi de 9h à 12h et de 14h à 18h</horaires> <type>PARTIC</type> <barriere>Inconnu</barriere> <compteOuvert>Inconnu</compteOuvert> <carte>Inconnu</carte> <blacklist>false</blacklist> <Point> <coordinates>2.748888,48.86249,0</coordinates> </Point> </Placemark> <Placemark> <id>1446</id> <name>Decheterie Croissy-Beaubourg</name> <description>Rue des Vieilles Vignes 77183 Croissy-Beaubourg</description> <horaires>Du lundi au Vendredi 13h30-18h30</horaires> <type>PARTIC</type> <barriere>Inconnu</barriere> <compteOuvert>Inconnu</compteOuvert> <carte>Inconnu</carte> <blacklist>false</blacklist> <Point> <coordinates>2.635415,48.814266,0</coordinates> </Point> </Placemark> <Placemark> <id>1447</id> <name>Decheterie Dammarie-les-Lys</name> <description>Bois de Mivoye 28360 Dammarie</description> <horaires>01/11 au 28/02: lundi, vendredi, samedi :9h-12h30 13h30-17h30 mercredi 13h30-17h30 01/03 au 31/10: lundi : 9h30-12h 13h30-18h30 vendredi, samedi : 9h-12h 13h30-18h30 mercredi : 13h30-18h30</horaires> <type>PARTIC</type> <barriere>Inconnu</barriere> <compteOuvert>Inconnu</compteOuvert> <carte>Inconnu</carte> <blacklist>false</blacklist> <Point> <coordinates>2.613598,48.515945,0</coordinates> </Point> </Placemark> <Placemark> <id>1448</id> <name>Decheterie Évry-Grégy-sur-Yerre</name> <description>Rue des Mines 59171 ERRE</description> <horaires>Eté (01/03 au 28/02) : Lundi au samedi : 9 h-12h / 13h-19h dimanche: 9h-12h Hiver (01/11 au 28/02) : Lundi au samedi : 9 h-12h / 13h-17h dimanche: 9h-12h</horaires> <type>PARTIC</type> <barriere>Inconnu</barriere> <compteOuvert>Inconnu</compteOuvert> <carte>Inconnu</carte> <blacklist>false</blacklist> <Point> <coordinates>2.667097,48.638366,0</coordinates> </Point> </Placemark> <Placemark> <id>1449</id> <name>Decheterie Le Mée-sur-Seine</name> <description>ZI les Uzelles 77350 Le Mée-sur-Seine</description> <horaires>Du lundi au Vendredi 13h30-18h30</horaires> <type>PARTIC</type> <barriere>Inconnu</barriere> <compteOuvert>Inconnu</compteOuvert> <carte>Inconnu</carte> <blacklist>false</blacklist> <Point> <coordinates>2.61415,48.531707,0</coordinates> </Point> </Placemark> <Placemark> <id>1450</id> <name>Decheterie Nangis</name> <description>Chemin de la Bouloye 77370 Nangis</description> <horaires>Du lundi au Vendredi 13h30-18h30</horaires> <type>PARTIC</type> <barriere>Inconnu</barriere> <compteOuvert>Inconnu</compteOuvert> <carte>Inconnu</carte> <blacklist>false</blacklist> <Point> <coordinates>3.025639,48.553678,0</coordinates> </Point> </Placemark> <Placemark> <id>1451</id> <name>Decheterie Ocquerre</name> <description>Rue des Mines 59171 ERRE</description> <horaires>Eté (01/03 au 28/02) : Lundi au samedi : 9 h-12h / 13h-19h dimanche: 9h-12h Hiver (01/11 au 28/02) : Lundi au samedi : 9 h-12h / 13h-17h dimanche: 9h-12h</horaires> <type>PARTIC</type> <barriere>Inconnu</barriere> <compteOuvert>Inconnu</compteOuvert> <carte>Inconnu</carte> <blacklist>false</blacklist> <Point> <coordinates>3.040612,49.021993,0</coordinates> </Point> </Placemark> <Placemark> <id>1452</id> <name>Decheterie Pontault-Combault</name> <description>Chemin de la Tille 21130 PONT</description> <horaires>Horaire d'ete (01/04 au 30/09) Horaire d'hiver (01/10 au 31/03) fermeture à 16H45 : MARDI 8h30-11h45 MERCREDI 14h-17h45 JEUDI 14h-17h45 VENDREDI 8h30-11h45 SAMEDI 8h30-11h45.</horaires> <type>PARTIC</type> <barriere>Inconnu</barriere> <compteOuvert>Inconnu</compteOuvert> <carte>Inconnu</carte> <blacklist>false</blacklist> <Point> <coordinates>2.616347,48.779736,0</coordinates> </Point> </Placemark> <Placemark> <id>1453</id> <name>Decheterie Voulx</name> <description>Route de Saint-ange 77940 Voulx</description> <horaires>Lundi, mercredi, samedi : 9h-12h30 / 13h30-18h (été 8h30-12h30 / 13h30-19h) | Vendredi : 13h30-18h (été 13h30-19h) | Dimanche : 9h-12h (été 8h30-13h30)</horaires> <type>PARTIC</type> <barriere>Inconnu</barriere> <compteOuvert>Inconnu</compteOuvert> <carte>Inconnu</carte> <blacklist>false</blacklist> <Point> <coordinates>2.959116,48.28053,0</coordinates> </Point> </Placemark> <Placemark> <id>1454</id> <name>Decheterie Beton-Bazoches</name> <description>Chemin Rural N°66 Dit de la Mare à Guy 77320 Beton-Bazoches</description> <horaires>Du lundi au Vendredi 13h30-18h30</horaires> <type>PARTIC</type> <barriere>Inconnu</barriere> <compteOuvert>Inconnu</compteOuvert> <carte>Inconnu</carte> <blacklist>false</blacklist> <Point> <coordinates>3.241473,48.696546,0</coordinates> </Point> </Placemark> <Placemark> <id>1455</id> <name>Decheterie Bourron-Marlotte</name> <description>Rue des Soixante Arpents 77780 Bourron-Marlotte</description> <horaires>Du lundi au Vendredi 13h30-18h30</horaires> <type>PARTIC</type> <barriere>Inconnu</barriere> <compteOuvert>Inconnu</compteOuvert> <carte>Inconnu</carte> <blacklist>false</blacklist> <Point> <coordinates>2.712394,48.334475,0</coordinates> </Point> </Placemark> <Placemark> <id>1456</id> <name>Decheterie Chelles</name> <description>Rue de la Briquetterie 77500 Chelles</description> <horaires>Du lundi au Vendredi 13h30-18h30</horaires> <type>PARTIC</type> <barriere>Inconnu</barriere> <compteOuvert>Inconnu</compteOuvert> <carte>Inconnu</carte> <blacklist>false</blacklist> <Point> <coordinates>2.590049,48.890538,0</coordinates> </Point> </Placemark> <Placemark> <id>1457</id> <name>Decheterie Crégy-lès-Meaux</name> <description>Lieu dit des 'Graverots' en direction de la chapelle st quillain 70700 GY</description> <horaires>lundi : 9h-12h/14h-17h mercredi : 14h-18h vendredi : 14h-17h samedi : 9h-12h/14h-18h</horaires> <type>PARTIC</type> <barriere>Inconnu</barriere> <compteOuvert>Inconnu</compteOuvert> <carte>Inconnu</carte> <blacklist>false</blacklist> <Point> <coordinates>2.862398,48.973357,0</coordinates> </Point> </Placemark> <Placemark> <id>1458</id> <name>Decheterie Fontenay-Trésigny</name> <description>Route de Chaubuisson 77610 Fontenay-Trésigny</description> <horaires>Du lundi au Vendredi 13h30-18h30</horaires> <type>PARTIC</type> <barriere>Inconnu</barriere> <compteOuvert>Inconnu</compteOuvert> <carte>Inconnu</carte> <blacklist>false</blacklist> <Point> <coordinates>2.88275,48.705301,0</coordinates> </Point> </Placemark> <Placemark> <id>1459</id> <name>Decheterie Dammartin-en-Goële</name> <description>Zone d'Activites des Pres Bouchers 77230 Dammartin-en-Goële</description> <horaires>Du lundi au Vendredi 13h30-18h30</horaires> <type>PARTIC</type> <barriere>Inconnu</barriere> <compteOuvert>Inconnu</compteOuvert> <carte>Inconnu</carte> <blacklist>false</blacklist> <Point> <coordinates>2.697414,49.064455,0</coordinates> </Point> </Placemark> <Placemark> <id>1460</id> <name>Decheterie Gretz-Armainvilliers</name> <description>N4 ZI de Gretz 77220 Gretz-Armainvilliers</description> <horaires>Du lundi au Vendredi 13h30-18h30</horaires> <type>PARTIC</type> <barriere>Inconnu</barriere> <compteOuvert>Inconnu</compteOuvert> <carte>Inconnu</carte> <blacklist>false</blacklist> <Point> <coordinates>2.738351,48.733774,0</coordinates> </Point> </Placemark> <Placemark> <id>1461</id> <name>Decheterie Jouy-sur-Morin</name> <description>RD 66 entre Jouy sur Morin et la Ferte Gaucher 77320 Jouy-sur-Morin</description> <horaires>Du lundi au Vendredi 13h30-18h30</horaires> <type>PARTIC</type> <barriere>Inconnu</barriere> <compteOuvert>Inconnu</compteOuvert> <carte>Inconnu</carte> <blacklist>false</blacklist> <Point> <coordinates>3.281613,48.78699,0</coordinates> </Point> </Placemark> <Placemark> <id>1462</id> <name>Decheterie La Chapelle-la-Reine</name> <description>Rue du Château d'Eau 77760 La Chapelle-la-Reine</description> <horaires>Lundi, Mercredi, Vendredi et Samedi: 9h-12h/14h-18h | Dimanche: 9h-13h</horaires> <type>PARTIC</type> <barriere>Inconnu</barriere> <compteOuvert>Inconnu</compteOuvert> <carte>Inconnu</carte> <blacklist>false</blacklist> <Point> <coordinates>2.582426,48.320949,0</coordinates> </Point> </Placemark> <Placemark> <id>1463</id> <name>Decheterie Mitry-Mory</name> <description>ZI de Mitry-Compans 77290 Mitry-Mory</description> <horaires>Du lundi au Vendredi 13h30-18h30</horaires> <type>PARTIC</type> <barriere>Inconnu</barriere> <compteOuvert>Inconnu</compteOuvert> <carte>Inconnu</carte> <blacklist>false</blacklist> <Point> <coordinates>2.639194,48.978332,0</coordinates> </Point> </Placemark> <Placemark> <id>1464</id> <name>Decheterie Provins</name> <description>Chemin des Grattons 77160 Provins</description> <horaires>Du lundi au Vendredi 13h30-18h30</horaires> <type>PARTIC</type> <barriere>Inconnu</barriere> <compteOuvert>Inconnu</compteOuvert> <carte>Inconnu</carte> <blacklist>false</blacklist> <Point> <coordinates>3.299431,48.545181,0</coordinates> </Point> </Placemark> <Placemark> <id>1465</id> <name>Decheterie Roissy-en-Brie</name> <description>ZA La Grande Garenne 16590 Brie</description> <horaires>Du lundi au samedi de 9h à 12h et de 14h à 18h</horaires> <type>PARTIC</type> <barriere>Inconnu</barriere> <compteOuvert>Inconnu</compteOuvert> <carte>Inconnu</carte> <blacklist>false</blacklist> <Point> <coordinates>2.635672,48.792472,0</coordinates> </Point> </Placemark> <Placemark> <id>1466</id> <name>Decheterie Saint-Pierre-lès-Nemours</name> <description>Rue des Mines 59171 ERRE</description> <horaires>Eté (01/03 au 28/02) : Lundi au samedi : 9 h-12h / 13h-19h dimanche: 9h-12h Hiver (01/11 au 28/02) : Lundi au samedi : 9 h-12h / 13h-17h dimanche: 9h-12h</horaires> <type>PARTIC</type> <barriere>Inconnu</barriere> <compteOuvert>Inconnu</compteOuvert> <carte>Inconnu</carte> <blacklist>false</blacklist> <Point> <coordinates>2.689438,48.279173,0</coordinates> </Point> </Placemark> <Placemark> <id>1467</id> <name>Decheterie Savigny-le-Temple</name> <description>46, rue de l'Etain 77176 Savigny-le-Temple</description> <horaires>Du 01/11 au 31/03 : Du lundi au vendredi: 14h-18h | Samedi: 9h-18h | Dimanche: 10h-13h | Du 01/04 au 31/10 : Du lundi au vendredi: 15h-19h | Samedi:10h-19h | Dimanche: 10h-13h</horaires> <type>PARTIC</type> <barriere>Inconnu</barriere> <compteOuvert>Inconnu</compteOuvert> <carte>Inconnu</carte> <blacklist>false</blacklist> <Point> <coordinates>2.588297,48.588324,0</coordinates> </Point> </Placemark> <Placemark> <id>1468</id> <name>Decheterie Donnemarie-Dontilly</name> <description>Route de Mons en Montois - D75 77520 Donnemarie-Dontilly</description> <horaires>Du lundi au Vendredi 13h30-18h30</horaires> <type>PARTIC</type> <barriere>Inconnu</barriere> <compteOuvert>Inconnu</compteOuvert> <carte>Inconnu</carte> <blacklist>false</blacklist> <Point> <coordinates>3.151551,48.481633,0</coordinates> </Point> </Placemark> <Placemark> <id>1469</id> <name>Decheterie Mormant</name> <description>Za Rue des Frères Lumières 77720 Mormant</description> <horaires>Du lundi au Vendredi 13h30-18h30</horaires> <type>PARTIC</type> <barriere>Inconnu</barriere> <compteOuvert>Inconnu</compteOuvert> <carte>Inconnu</carte> <blacklist>false</blacklist> <Point> <coordinates>2.883137,48.61434,0</coordinates> </Point> </Placemark> <Placemark> <id>1470</id> <name>Decheterie Gouaix</name> <description>Chemin Rural de Gouaix à Montrame 77114 Gouaix</description> <horaires>Du lundi au Vendredi 13h30-18h30</horaires> <type>PARTIC</type> <barriere>Inconnu</barriere> <compteOuvert>Inconnu</compteOuvert> <carte>Inconnu</carte> <blacklist>false</blacklist> <Point> <coordinates>3.290811,48.481454,0</coordinates> </Point> </Placemark> <Placemark> <id>1471</id> <name>Decheterie Meaux</name> <description>Za de la Bauve 77100 Meaux</description> <horaires>Du lundi au Vendredi 13h30-18h30</horaires> <type>PARTIC</type> <barriere>Inconnu</barriere> <compteOuvert>Inconnu</compteOuvert> <carte>Inconnu</carte> <blacklist>false</blacklist> <Point> <coordinates>2.905818,48.963306,0</coordinates> </Point> </Placemark> <Placemark> <id>1472</id> <name>Decheterie Jouy-le-Châtel</name> <description>Rue du Cimetière 77970 Jouy-le-Châtel</description> <horaires>Du lundi au Vendredi 13h30-18h30</horaires> <type>PARTIC</type> <barriere>Inconnu</barriere> <compteOuvert>Inconnu</compteOuvert> <carte>Inconnu</carte> <blacklist>false</blacklist> <Point> <coordinates>3.129382,48.668912,0</coordinates> </Point> </Placemark> <Placemark> <id>1473</id> <name>Decheterie Jouarre</name> <description>Rue de la Grange Gruyer 77640 Jouarre</description> <horaires>Du lundi au Vendredi 13h30-18h30</horaires> <type>PARTIC</type> <barriere>Inconnu</barriere> <compteOuvert>Inconnu</compteOuvert> <carte>Inconnu</carte> <blacklist>false</blacklist> <Point> <coordinates>3.121915,48.925633,0</coordinates> </Point> </Placemark> <Placemark> <id>1474</id> <name>Decheterie Le Châtelet-en-Brie</name> <description>ZA La Grande Garenne 16590 Brie</description> <horaires>Du lundi au samedi de 9h à 12h et de 14h à 18h</horaires> <type>PARTIC</type> <barriere>Inconnu</barriere> <compteOuvert>Inconnu</compteOuvert> <carte>Inconnu</carte> <blacklist>false</blacklist> <Point> <coordinates>2.797117,48.496163,0</coordinates> </Point> </Placemark> <Placemark> <id>1475</id> <name>Decheterie Saâcy-sur-Marne</name> <description>D55 - Lieu dit des Couturelles 77730 Saâcy-sur-Marne</description> <horaires>Du lundi au Vendredi 13h30-18h30</horaires> <type>PARTIC</type> <barriere>Inconnu</barriere> <compteOuvert>Inconnu</compteOuvert> <carte>Inconnu</carte> <blacklist>false</blacklist> <Point> <coordinates>3.223058,48.968794,0</coordinates> </Point> </Placemark> <Placemark> <id>1476</id> <name>Decheterie Saint-Thibault-des-Vignes</name> <description>Za d'Ault 80460 AULT</description> <horaires>lundi : 14h-18h autres jours : 9h-12h/14h-18h</horaires> <type>PARTIC</type> <barriere>Inconnu</barriere> <compteOuvert>Inconnu</compteOuvert> <carte>Inconnu</carte> <blacklist>false</blacklist> <Point> <coordinates>2.674372,48.874385,0</coordinates> </Point> </Placemark> <Placemark> <id>1477</id> <name>Decheterie Verneuil-l'Étang</name> <description>Rue Auguste Blanqui 77390 Verneuil-l'Étang</description> <horaires>Du lundi au Vendredi 13h30-18h30</horaires> <type>PARTIC</type> <barriere>Inconnu</barriere> <compteOuvert>Inconnu</compteOuvert> <carte>Inconnu</carte> <blacklist>false</blacklist> <Point> <coordinates>2.830824,48.640596,0</coordinates> </Point> </Placemark> <Placemark> <id>1478</id> <name>Decheterie Vulaines-sur-Seine</name> <description>ZAC du Petit Rocher 77870 Vulaines-sur-Seine</description> <horaires>Du lundi au Vendredi 13h30-18h30</horaires> <type>PARTIC</type> <barriere>Inconnu</barriere> <compteOuvert>Inconnu</compteOuvert> <carte>Inconnu</carte> <blacklist>false</blacklist> <Point> <coordinates>2.771391,48.42666,0</coordinates> </Point> </Placemark> <Placemark> <id>1479</id> <name>Decheterie Combs-la-Ville</name> <description>Rue de Varennes 77380 Combs-la-Ville</description> <horaires>Du lundi au Vendredi 13h30-18h30</horaires> <type>PARTIC</type> <barriere>Inconnu</barriere> <compteOuvert>Inconnu</compteOuvert> <carte>Inconnu</carte> <blacklist>false</blacklist> <Point> <coordinates>2.553356,48.672552,0</coordinates> </Point> </Placemark> <Placemark> <id>1480</id> <name>Decheterie Nanteuil-lès-Meaux</name> <description>Lieu Dit les Bruyères 77100 Nanteuil-lès-Meaux</description> <horaires>Du lundi au Vendredi 13h30-18h30</horaires> <type>PARTIC</type> <barriere>Inconnu</barriere> <compteOuvert>Inconnu</compteOuvert> <carte>Inconnu</carte> <blacklist>false</blacklist> <Point> <coordinates>2.912336,48.918661,0</coordinates> </Point> </Placemark> <Placemark> <id>1481</id> <name>Decheterie Ozoir-la-Ferrière</name> <description>Rue de la ferme du Presbystère 77330 Ozoir-la-Ferrière</description> <horaires>Du lundi au Vendredi 13h30-18h30</horaires> <type>PARTIC</type> <barriere>Inconnu</barriere> <compteOuvert>Inconnu</compteOuvert> <carte>Inconnu</carte> <blacklist>false</blacklist> <Point> <coordinates>2.661963,48.763012,0</coordinates> </Point> </Placemark> <Placemark> <id>1482</id> <name>Decheterie Réau</name> <description>Lieu Dit les Pleins 77550 Réau</description> <horaires>Du lundi au Vendredi 13h30-18h30</horaires> <type>PARTIC</type> <barriere>Inconnu</barriere> <compteOuvert>Inconnu</compteOuvert> <carte>Inconnu</carte> <blacklist>false</blacklist> <Point> <coordinates>2.605547,48.59528,0</coordinates> </Point> </Placemark> <Placemark> <id>1483</id> <name>Decheterie Montereau-Fault-Yonne</name> <description>Za d'Ault 80460 AULT</description> <horaires>lundi : 14h-18h autres jours : 9h-12h/14h-18h</horaires> <type>PARTIC</type> <barriere>Inconnu</barriere> <compteOuvert>Inconnu</compteOuvert> <carte>Inconnu</carte> <blacklist>false</blacklist> <Point> <coordinates>2.971479,48.383856,0</coordinates> </Point> </Placemark> <Placemark> <id>1484</id> <name>Decheterie Écuelles</name> <description>rue Monchavant 77250 Écuelles</description> <horaires>Du lundi au Vendredi 13h30-18h30</horaires> <type>PARTIC</type> <barriere>Inconnu</barriere> <compteOuvert>Inconnu</compteOuvert> <carte>Inconnu</carte> <blacklist>false</blacklist> <Point> <coordinates>2.845745,48.368144,0</coordinates> </Point> </Placemark> <Placemark> <id>1485</id> <name>Decheterie Bray-sur-Seine</name> <description>Zi Rue Albert Einstein 77480 Bray-sur-Seine</description> <horaires>Du lundi au Vendredi 13h30-18h30</horaires> <type>PARTIC</type> <barriere>Inconnu</barriere> <compteOuvert>Inconnu</compteOuvert> <carte>Inconnu</carte> <blacklist>false</blacklist> <Point> <coordinates>3.251042,48.409296,0</coordinates> </Point> </Placemark> <Placemark> <id>1486</id> <name>Decheterie Monthyon</name> <description>Lieu-dit La Croix-Gillet 77122 Monthyon</description> <horaires>Du lundi au Vendredi 13h30-18h30</horaires> <type>PARTIC</type> <barriere>Inconnu</barriere> <compteOuvert>Inconnu</compteOuvert> <carte>Inconnu</carte> <blacklist>false</blacklist> <Point> <coordinates>2.824768,49.016412,0</coordinates> </Point> </Placemark> <Placemark> <id>1487</id> <name>Decheterie Coulommiers</name> <description>Route Nationale 368 77120 Coulommiers</description> <horaires>Du lundi au Vendredi 13h30-18h30</horaires> <type>PARTIC</type> <barriere>Inconnu</barriere> <compteOuvert>Inconnu</compteOuvert> <carte>Inconnu</carte> <blacklist>false</blacklist> <Point> <coordinates>3.074237,48.797928,0</coordinates> </Point> </Placemark> <Placemark> <id>1488</id> <name>Decheterie Bailly-Romainvilliers</name> <description>Lieu dit La Mare Houleuse 77700 Bailly-Romainvilliers</description> <horaires>Du lundi au Vendredi 13h30-18h30</horaires> <type>PARTIC</type> <barriere>Inconnu</barriere> <compteOuvert>Inconnu</compteOuvert> <carte>Inconnu</carte> <blacklist>false</blacklist> <Point> <coordinates>2.798753,48.852135,0</coordinates> </Point> </Placemark> <Placemark> <id>1489</id> <name>Decheterie Boissise-le-Roi</name> <description>Route de Porthes 77310 Boissise-le-Roi</description> <horaires>Du lundi au Vendredi 13h30-18h30</horaires> <type>PARTIC</type> <barriere>Inconnu</barriere> <compteOuvert>Inconnu</compteOuvert> <carte>Inconnu</carte> <blacklist>false</blacklist> <Point> <coordinates>2.560396,48.494362,0</coordinates> </Point> </Placemark> <Placemark> <id>1490</id> <name>Decheterie Chessy</name> <description>3 Rue de Montry 77700 Chessy</description> <horaires>Du lundi au Vendredi 13h30-18h30</horaires> <type>PARTIC</type> <barriere>Inconnu</barriere> <compteOuvert>Inconnu</compteOuvert> <carte>Inconnu</carte> <blacklist>false</blacklist> <Point> <coordinates>2.771672,48.882655,0</coordinates> </Point> </Placemark> <Placemark> <id>1491</id> <name>Decheterie Noisiel</name> <description>Rue de la Mare Blanche 77186 Noisiel</description> <horaires>Du lundi au Vendredi 13h30-18h30</horaires> <type>PARTIC</type> <barriere>Inconnu</barriere> <compteOuvert>Inconnu</compteOuvert> <carte>Inconnu</carte> <blacklist>false</blacklist> <Point> <coordinates>2.625047,48.848927,0</coordinates> </Point> </Placemark> <Placemark> <id>1492</id> <name>Decheterie Moissy-Cramayel</name> <description>Déchèterie de Moissy Cramayel 77550 Moissy-Cramayel</description> <horaires>Du lundi au Vendredi 13h30-18h30</horaires> <type>PARTIC</type> <barriere>Inconnu</barriere> <compteOuvert>Inconnu</compteOuvert> <carte>Inconnu</carte> <blacklist>false</blacklist> <Point> <coordinates>2.579851,48.618962,0</coordinates> </Point> </Placemark> <Placemark> <id>1493</id> <name>Decheterie Saint-Fargeau-Ponthierry</name> <description>Chemin de la Tille 21130 PONT</description> <horaires>Horaire d'ete (01/04 au 30/09) Horaire d'hiver (01/10 au 31/03) fermeture à 16H45 : MARDI 8h30-11h45 MERCREDI 14h-17h45 JEUDI 14h-17h45 VENDREDI 8h30-11h45 SAMEDI 8h30-11h45.</horaires> <type>PARTIC</type> <barriere>Inconnu</barriere> <compteOuvert>Inconnu</compteOuvert> <carte>Inconnu</carte> <blacklist>false</blacklist> <Point> <coordinates>2.519315,48.540524,0</coordinates> </Point> </Placemark> <Placemark> <id>1494</id> <name>Decheterie Vaux-le-Pénil</name> <description>ZAC du Tertre de Cherisy 77000 Vaux-le-Pénil</description> <horaires>Du 01/11 au 31/03 : Du lundi au vendredi: 14h-18h | Samedi: 9h-18h | Dimanche: 10h-13h | Du 01/04 au 31/10 : Du lundi au vendredi: 15h-19h | Samedi:10h-19h | Dimanche: 10h-13h</horaires> <type>PARTIC</type> <barriere>Inconnu</barriere> <compteOuvert>Inconnu</compteOuvert> <carte>Inconnu</carte> <blacklist>false</blacklist> <Point> <coordinates>2.688704,48.540766,0</coordinates> </Point> </Placemark> <Placemark> <id>1495</id> <name>Decheterie Villiers-Saint-Georges</name> <description>Rue des Marets 77560 Villiers-Saint-Georges</description> <horaires>Du lundi au Vendredi 13h30-18h30</horaires> <type>PARTIC</type> <barriere>Inconnu</barriere> <compteOuvert>Inconnu</compteOuvert> <carte>Inconnu</carte> <blacklist>false</blacklist> <Point> <coordinates>3.396452,48.650187,0</coordinates> </Point> </Placemark> <Placemark> <id>1496</id> <name>Decheterie Aubergenville</name> <description>Rue du Clos Reine 78410 Aubergenville</description> <horaires>Du lundi au Vendredi 13h30-18h30</horaires> <type>PARTIC</type> <barriere>Inconnu</barriere> <compteOuvert>Inconnu</compteOuvert> <carte>Inconnu</carte> <blacklist>false</blacklist> <Point> <coordinates>1.843654,48.967147,0</coordinates> </Point> </Placemark> <Placemark> <id>1497</id> <name>Decheterie Auffargis</name> <description>Lieu-dit "Les Côtes 78610 Auffargis</description> <horaires>Du lundi au Vendredi 13h30-18h30</horaires> <type>PARTIC</type> <barriere>Inconnu</barriere> <compteOuvert>Inconnu</compteOuvert> <carte>Inconnu</carte> <blacklist>false</blacklist> <Point> <coordinates>1.895322,48.700777,0</coordinates> </Point> </Placemark> <Placemark> <id>1498</id> <name>Decheterie Bonnelles</name> <description>Bonnelles 78830 Bonnelles</description> <horaires>Du lundi au Vendredi 13h30-18h30</horaires> <type>PARTIC</type> <barriere>Inconnu</barriere> <compteOuvert>Inconnu</compteOuvert> <carte>Inconnu</carte> <blacklist>false</blacklist> <Point> <coordinates>2.02781,48.625764,0</coordinates> </Point> </Placemark> <Placemark> <id>1499</id> <name>Decheterie Clayes-sous-Bois</name> <description>Déchèterie des Clayes Sous Bois 78340 Clayes-sous-Bois</description> <horaires>Mercredi, jeudi, vendredi : 13h30-17h | Samedi, dimanche : 9h30-13h</horaires> <type>PARTIC</type> <barriere>Inconnu</barriere> <compteOuvert>Inconnu</compteOuvert> <carte>Inconnu</carte> <blacklist>false</blacklist> <Point> <coordinates>1.976092,48.826287,0</coordinates> </Point> </Placemark> <Placemark> <id>1500</id> <name>Decheterie Gargenville</name> <description>RD 130 78440 Gargenville</description> <horaires>Du lundi au Vendredi 13h30-18h30</horaires> <type>PARTIC</type> <barriere>Inconnu</barriere> <compteOuvert>Inconnu</compteOuvert> <carte>Inconnu</carte> <blacklist>false</blacklist> <Point> <coordinates>1.802213,48.981823,0</coordinates> </Point> </Placemark> <Placemark> <id>1501</id> <name>Decheterie Guyancourt</name> <description>Rue Jacqueline Auriol 78280 Guyancourt</description> <horaires>Du lundi au Vendredi 13h30-18h30</horaires> <type>PARTIC</type> <barriere>Inconnu</barriere> <compteOuvert>Inconnu</compteOuvert> <carte>Inconnu</carte> <blacklist>false</blacklist> <Point> <coordinates>2.063893,48.761319,0</coordinates> </Point> </Placemark> <Placemark> <id>1502</id> <name>Decheterie Houdan</name> <description>Route d'Anet 78550 Houdan</description> <horaires>Du lundi au Vendredi 13h30-18h30</horaires> <type>PARTIC</type> <barriere>Inconnu</barriere> <compteOuvert>Inconnu</compteOuvert> <carte>Inconnu</carte> <blacklist>false</blacklist> <Point> <coordinates>1.587348,48.799216,0</coordinates> </Point> </Placemark> <Placemark> <id>1503</id> <name>Decheterie Le Mesnil-Saint-Denis</name> <description>2 Avenue Maréchal Joffre 78320 Le Mesnil-Saint-Denis</description> <horaires>Hiver : Lundi, jeudi : 9h-12h | Samedi : 9h-13h / 14h-17h | Eté : Lundi : 9h-12h | Jeudi : 9h-12h (sauf mois d'août) | Vendredi : 16h-19h (sauf mois d'août) | Samedi : 9h-13h / 14h-19h</horaires> <type>PARTIC</type> <barriere>Inconnu</barriere> <compteOuvert>Inconnu</compteOuvert> <carte>Inconnu</carte> <blacklist>false</blacklist> <Point> <coordinates>1.957913,48.739528,0</coordinates> </Point> </Placemark> <Placemark> <id>1504</id> <name>Decheterie Limay</name> <description>Avenue du Val 78520 Limay</description> <horaires>Du lundi au Vendredi 13h30-18h30</horaires> <type>PARTIC</type> <barriere>Inconnu</barriere> <compteOuvert>Inconnu</compteOuvert> <carte>Inconnu</carte> <blacklist>false</blacklist> <Point> <coordinates>1.757507,48.983025,0</coordinates> </Point> </Placemark> <Placemark> <id>1505</id> <name>Decheterie Mantes-la-Jolie</name> <description>18 Rue des Closeaux 78200 Mantes-la-Jolie</description> <horaires>Lundi, Mercredi, Jeudi et Vendredi : 9h-12h / 13h-18h | Samedi : 9h-18h | Dimanche : 9h-12h</horaires> <type>PARTIC</type> <barriere>Inconnu</barriere> <compteOuvert>Inconnu</compteOuvert> <carte>Inconnu</carte> <blacklist>false</blacklist> <Point> <coordinates>1.679806,48.993325,0</coordinates> </Point> </Placemark> <Placemark> <id>1506</id> <name>Decheterie Mantes-la-Ville</name> <description>la Vaucouleurs, Chemin des Larrons 78200 Mantes-la-Ville</description> <horaires>Du lundi au Vendredi 13h30-18h30</horaires> <type>PARTIC</type> <barriere>Inconnu</barriere> <compteOuvert>Inconnu</compteOuvert> <carte>Inconnu</carte> <blacklist>false</blacklist> <Point> <coordinates>1.727431,48.978299,0</coordinates> </Point> </Placemark> <Placemark> <id>1507</id> <name>Decheterie Méré</name> <description>Chemin Rural N°11 78490 Méré</description> <horaires>Du lundi au Vendredi 13h30-18h30</horaires> <type>PARTIC</type> <barriere>Inconnu</barriere> <compteOuvert>Inconnu</compteOuvert> <carte>Inconnu</carte> <blacklist>false</blacklist> <Point> <coordinates>1.818462,48.807962,0</coordinates> </Point> </Placemark> <Placemark> <id>1508</id> <name>Decheterie Mureaux</name> <description>Rue de la Croix Verte 78130 Mureaux</description> <horaires>Horaires d'été (01/04 au 31/10) : Du lundi au vendredi :10h-12h et 14h-17h30 | Samedi : 10h-12h et 14h-18h30 | Horaires d'hiver (02/11 au 31/03) : Du lundi au vendredi : 9h30-12h et 13h30-16h30 | Samedi : 9h30-12h et 13h30-17h30</horaires> <type>PARTIC</type> <barriere>Inconnu</barriere> <compteOuvert>Inconnu</compteOuvert> <carte>Inconnu</carte> <blacklist>false</blacklist> <Point> <coordinates>1.93088,48.984055,0</coordinates> </Point> </Placemark> <Placemark> <id>1509</id> <name>Decheterie Orgeval</name> <description>Déchèterie d'Orgeval 78630 Orgeval</description> <horaires>Du lundi au Vendredi 13h30-18h30</horaires> <type>PARTIC</type> <barriere>Inconnu</barriere> <compteOuvert>Inconnu</compteOuvert> <carte>Inconnu</carte> <blacklist>false</blacklist> <Point> <coordinates>1.94856,48.916172,0</coordinates> </Point> </Placemark> <Placemark> <id>1510</id> <name>Decheterie Rambouillet</name> <description>2 Rue Louis Gousson 78120 Rambouillet</description> <horaires>Du lundi au Vendredi 13h30-18h30</horaires> <type>PARTIC</type> <barriere>Inconnu</barriere> <compteOuvert>Inconnu</compteOuvert> <carte>Inconnu</carte> <blacklist>false</blacklist> <Point> <coordinates>1.842691,48.658301,0</coordinates> </Point> </Placemark> <Placemark> <id>1511</id> <name>Decheterie Triel-sur-Seine</name> <description>Chemin des Moines, Ecopôle 78510 Triel-sur-Seine</description> <horaires>Du lundi au Vendredi 13h30-18h30</horaires> <type>PARTIC</type> <barriere>Inconnu</barriere> <compteOuvert>Inconnu</compteOuvert> <carte>Inconnu</carte> <blacklist>false</blacklist> <Point> <coordinates>2.010959,48.948805,0</coordinates> </Point> </Placemark> <Placemark> <id>1512</id> <name>Decheterie Villiers-Saint-Frédéric</name> <description>Route de Septeuil 78640 Villiers-Saint-Frédéric</description> <horaires>Du lundi au Vendredi 13h30-18h30</horaires> <type>PARTIC</type> <barriere>Inconnu</barriere> <compteOuvert>Inconnu</compteOuvert> <carte>Inconnu</carte> <blacklist>false</blacklist> <Point> <coordinates>1.874704,48.81305,0</coordinates> </Point> </Placemark> <Placemark> <id>1513</id> <name>Decheterie Bois-d'Arcy</name> <description>Zac de la Croix Bonnet 78390 Bois-d'Arcy</description> <horaires>Du lundi au Vendredi 13h30-18h30</horaires> <type>PARTIC</type> <barriere>Inconnu</barriere> <compteOuvert>Inconnu</compteOuvert> <carte>Inconnu</carte> <blacklist>false</blacklist> <Point> <coordinates>2.004088,48.799908,0</coordinates> </Point> </Placemark> <Placemark> <id>1514</id> <name>Decheterie Conflans-Sainte-Honorine</name> <description>Rue des Beaux Champs 78700 Conflans-Sainte-Honorine</description> <horaires>Du lundi au Vendredi 13h30-18h30</horaires> <type>PARTIC</type> <barriere>Inconnu</barriere> <compteOuvert>Inconnu</compteOuvert> <carte>Inconnu</carte> <blacklist>false</blacklist> <Point> <coordinates>2.081501,49.007748,0</coordinates> </Point> </Placemark> <Placemark> <id>1515</id> <name>Decheterie Freneuse</name> <description>Déchèterie de freneuse 78840 Freneuse</description> <horaires>Du lundi au Vendredi 13h30-18h30</horaires> <type>PARTIC</type> <barriere>Inconnu</barriere> <compteOuvert>Inconnu</compteOuvert> <carte>Inconnu</carte> <blacklist>false</blacklist> <Point> <coordinates>1.603996,49.03652,0</coordinates> </Point> </Placemark> <Placemark> <id>1516</id> <name>Decheterie Carrières-sur-Seine</name> <description>1 Rue de l'Union 78420 Carrières-sur-Seine</description> <horaires>Du lundi au Vendredi 13h30-18h30</horaires> <type>PARTIC</type> <barriere>Inconnu</barriere> <compteOuvert>Inconnu</compteOuvert> <carte>Inconnu</carte> <blacklist>false</blacklist> <Point> <coordinates>2.161322,48.908424,0</coordinates> </Point> </Placemark> <Placemark> <id>1517</id> <name>Decheterie Épône</name> <description>Route de Nézel 78680 Épône</description> <horaires>Du lundi au Vendredi 13h30-18h30</horaires> <type>PARTIC</type> <barriere>Inconnu</barriere> <compteOuvert>Inconnu</compteOuvert> <carte>Inconnu</carte> <blacklist>false</blacklist> <Point> <coordinates>1.832897,48.956038,0</coordinates> </Point> </Placemark> <Placemark> <id>1518</id> <name>Decheterie Magny-les-Hameaux</name> <description>Rond Point de Gomberville 78114 Magny-les-Hameaux</description> <horaires>Du lundi au Vendredi 13h30-18h30</horaires> <type>PARTIC</type> <barriere>Inconnu</barriere> <compteOuvert>Inconnu</compteOuvert> <carte>Inconnu</carte> <blacklist>false</blacklist> <Point> <coordinates>2.082109,48.728923,0</coordinates> </Point> </Placemark> <Placemark> <id>1519</id> <name>Decheterie Maurepas</name> <description>4 Rue Alfred Kastler 78310 Maurepas</description> <horaires>Du lundi au Vendredi 13h30-18h30</horaires> <type>PARTIC</type> <barriere>Inconnu</barriere> <compteOuvert>Inconnu</compteOuvert> <carte>Inconnu</carte> <blacklist>false</blacklist> <Point> <coordinates>1.915696,48.759015,0</coordinates> </Point> </Placemark> <Placemark> <id>1520</id> <name>Decheterie Carrières-sous-Poissy</name> <description>Rd 190 78955 Carrières-sous-Poissy</description> <horaires>Du lundi au Vendredi 13h30-18h30</horaires> <type>PARTIC</type> <barriere>Inconnu</barriere> <compteOuvert>Inconnu</compteOuvert> <carte>Inconnu</carte> <blacklist>false</blacklist> <Point> <coordinates>2.021399,48.954541,0</coordinates> </Point> </Placemark> <Placemark> <id>1521</id> <name>Decheterie Gazeran</name> <description>Zi Belletourne 53200 AZE</description> <horaires></horaires> <type>PARTIC</type> <barriere>Inconnu</barriere> <compteOuvert>Inconnu</compteOuvert> <carte>Inconnu</carte> <blacklist>false</blacklist> <Point> <coordinates>1.796145,48.638465,0</coordinates> </Point> </Placemark> <Placemark> <id>1522</id> <name>Decheterie Élancourt</name> <description>Za des Côtes 78990 Élancourt</description> <horaires>Du lundi au Vendredi 13h30-18h30</horaires> <type>PARTIC</type> <barriere>Inconnu</barriere> <compteOuvert>Inconnu</compteOuvert> <carte>Inconnu</carte> <blacklist>false</blacklist> <Point> <coordinates>1.969889,48.783061,0</coordinates> </Point> </Placemark> <Placemark> <id>1523</id> <name>Decheterie Achères</name> <description>Déchèterie de Achères 78260 Achères</description> <horaires>Du lundi au Vendredi 13h30-18h30</horaires> <type>PARTIC</type> <barriere>Inconnu</barriere> <compteOuvert>Inconnu</compteOuvert> <carte>Inconnu</carte> <blacklist>false</blacklist> <Point> <coordinates>2.079234,48.981677,0</coordinates> </Point> </Placemark> <Placemark> <id>1524</id> <name>Decheterie Garancières</name> <description>29 Bis, Rue de la Gare 78890 Garancières</description> <horaires>Du lundi au Vendredi 13h30-18h30</horaires> <type>PARTIC</type> <barriere>Inconnu</barriere> <compteOuvert>Inconnu</compteOuvert> <carte>Inconnu</carte> <blacklist>false</blacklist> <Point> <coordinates>1.764749,48.811543,0</coordinates> </Point> </Placemark> <Placemark> <id>1525</id> <name>Decheterie Montigny-le-Bretonneux</name> <description>5 avenue du Parc 78180 Montigny-le-Bretonneux</description> <horaires>Du lundi au Vendredi 13h30-18h30</horaires> <type>PARTIC</type> <barriere>Inconnu</barriere> <compteOuvert>Inconnu</compteOuvert> <carte>Inconnu</carte> <blacklist>false</blacklist> <Point> <coordinates>2.023004,48.775609,0</coordinates> </Point> </Placemark> <Placemark> <id>1526</id> <name>Decheterie Saint-Arnoult-en-Yvelines</name> <description>Departementale 988 - Route d'Ablis 78730 Saint-Arnoult-en-Yvelines</description> <horaires>Du lundi au Vendredi 13h30-18h30</horaires> <type>PARTIC</type> <barriere>Inconnu</barriere> <compteOuvert>Inconnu</compteOuvert> <carte>Inconnu</carte> <blacklist>false</blacklist> <Point> <coordinates>1.911888,48.559392,0</coordinates> </Point> </Placemark> <Placemark> <id>1527</id> <name>Decheterie Airvault</name> <description>2 rue de Dissé 79600 AIRVAULT</description> <horaires></horaires> <type>PARTIC</type> <barriere>Inconnu</barriere> <compteOuvert>Inconnu</compteOuvert> <carte>Inconnu</carte> <blacklist>false</blacklist> <Point> <coordinates>-0.106851,46.832858,0</coordinates> </Point> </Placemark> <Placemark> <id>1528</id> <name>Decheterie Argenton-les-Vallées</name> <description>Villeneuve 79150 Argenton-les-Vallées</description> <horaires>Du lundi au Vendredi 13h30-18h30</horaires> <type>PARTIC</type> <barriere>Inconnu</barriere> <compteOuvert>Inconnu</compteOuvert> <carte>Inconnu</carte> <blacklist>false</blacklist> <Point> <coordinates>-0.480785,46.973755,0</coordinates> </Point> </Placemark> <Placemark> <id>1529</id> <name>Decheterie Bessines</name> <description>"Le grand marais de Bessines" 79000 BESSINES</description> <horaires></horaires> <type>PARTIC</type> <barriere>Inconnu</barriere> <compteOuvert>Inconnu</compteOuvert> <carte>Inconnu</carte> <blacklist>false</blacklist> <Point> <coordinates>-0.503299,46.303546,0</coordinates> </Point> </Placemark> <Placemark> <id>1530</id> <name>Decheterie Boismé</name> <description>les Cinq Chemins 79300 Boismé</description> <horaires>Du lundi au Vendredi 13h30-18h30</horaires> <type>PARTIC</type> <barriere>Inconnu</barriere> <compteOuvert>Inconnu</compteOuvert> <carte>Inconnu</carte> <blacklist>false</blacklist> <Point> <coordinates>-0.420468,46.751454,0</coordinates> </Point> </Placemark> <Placemark> <id>1531</id> <name>Decheterie Cerizay</name> <description>Zi 79140 Cerizay</description> <horaires>Du lundi au Vendredi 13h30-18h30</horaires> <type>PARTIC</type> <barriere>Inconnu</barriere> <compteOuvert>Inconnu</compteOuvert> <carte>Inconnu</carte> <blacklist>false</blacklist> <Point> <coordinates>-0.672184,46.832,0</coordinates> </Point> </Placemark> <Placemark> <id>1532</id> <name>Decheterie Cersay</name> <description>La Croix Gobillon 79290 CERSAY</description> <horaires></horaires> <type>PARTIC</type> <barriere>Inconnu</barriere> <compteOuvert>Inconnu</compteOuvert> <carte>Inconnu</carte> <blacklist>false</blacklist> <Point> <coordinates>-0.355081,47.0526,0</coordinates> </Point> </Placemark> <Placemark> <id>1533</id> <name>Decheterie Coulonges-Thouarsais</name> <description>86290 COULONGES</description> <horaires></horaires> <type>PARTIC</type> <barriere>Inconnu</barriere> <compteOuvert>Inconnu</compteOuvert> <carte>Inconnu</carte> <blacklist>false</blacklist> <Point> <coordinates>-0.309889,46.93729,0</coordinates> </Point> </Placemark> <Placemark> <id>1534</id> <name>Decheterie Faye-l'Abbesse</name> <description>Chaume 79350 Faye-l'Abbesse</description> <horaires>Du lundi au Vendredi 13h30-18h30</horaires> <type>PARTIC</type> <barriere>Inconnu</barriere> <compteOuvert>Inconnu</compteOuvert> <carte>Inconnu</carte> <blacklist>false</blacklist> <Point> <coordinates>-0.376262,46.824095,0</coordinates> </Point> </Placemark> <Placemark> <id>1535</id> <name>Decheterie L'Absie</name> <description>Rue Taillée 79240 L'ABSIE</description> <horaires></horaires> <type>PARTIC</type> <barriere>Inconnu</barriere> <compteOuvert>Inconnu</compteOuvert> <carte>Inconnu</carte> <blacklist>false</blacklist> <Point> <coordinates>-0.590953,46.638565,0</coordinates> </Point> </Placemark> <Placemark> <id>1536</id> <name>Decheterie La Forêt-sur-Sèvre</name> <description>la Gouinière 79380 La Forêt-sur-Sèvre</description> <horaires></horaires> <type>PARTIC</type> <barriere>Inconnu</barriere> <compteOuvert>Inconnu</compteOuvert> <carte>Inconnu</carte> <blacklist>false</blacklist> <Point> <coordinates>-0.642456,46.776675,0</coordinates> </Point> </Placemark> <Placemark> <id>1537</id> <name>Decheterie La Mothe-Saint-Héray</name> <description>le Coteau 79800 La Mothe-Saint-Héray</description> <horaires></horaires> <type>PARTIC</type> <barriere>Inconnu</barriere> <compteOuvert>Inconnu</compteOuvert> <carte>Inconnu</carte> <blacklist>false</blacklist> <Point> <coordinates>-0.104128,46.354108,0</coordinates> </Point> </Placemark> <Placemark> <id>1538</id> <name>Decheterie Le Vanneau-Irleau</name> <description>La Grande Paloude 79270 VANNEAU</description> <horaires></horaires> <type>PARTIC</type> <barriere>Inconnu</barriere> <compteOuvert>Inconnu</compteOuvert> <carte>Inconnu</carte> <blacklist>false</blacklist> <Point> <coordinates>-0.664634,46.289396,0</coordinates> </Point> </Placemark> <Placemark> <id>1539</id> <name>Decheterie Louzy</name> <description>Rue du Grand Rosé 79100 LOUZY</description> <horaires></horaires> <type>PARTIC</type> <barriere>Inconnu</barriere> <compteOuvert>Inconnu</compteOuvert> <carte>Inconnu</carte> <blacklist>false</blacklist> <Point> <coordinates>-0.196937,46.999842,0</coordinates> </Point> </Placemark> <Placemark> <id>1540</id> <name>Decheterie Magné</name> <description>la Trappe aux Loups 79460 Magné</description> <horaires>Du lundi au Vendredi 13h30-18h30</horaires> <type>PARTIC</type> <barriere>Inconnu</barriere> <compteOuvert>Inconnu</compteOuvert> <carte>Inconnu</carte> <blacklist>false</blacklist> <Point> <coordinates>-0.560648,46.318888,0</coordinates> </Point> </Placemark> <Placemark> <id>1541</id> <name>Decheterie Mellé</name> <description>Bois de Garennes 79500 Mellé</description> <horaires>Du lundi au Vendredi 13h30-18h30</horaires> <type>PARTIC</type> <barriere>Inconnu</barriere> <compteOuvert>Inconnu</compteOuvert> <carte>Inconnu</carte> <blacklist>false</blacklist> <Point> <coordinates>-0.142651,46.211888,0</coordinates> </Point> </Placemark> <Placemark> <id>1542</id> <name>Decheterie Ménigoute</name> <description>le Bourg Nord 79340 Ménigoute</description> <horaires>Du lundi au Vendredi 13h30-18h30</horaires> <type>PARTIC</type> <barriere>Inconnu</barriere> <compteOuvert>Inconnu</compteOuvert> <carte>Inconnu</carte> <blacklist>false</blacklist> <Point> <coordinates>-0.054131,46.497105,0</coordinates> </Point> </Placemark> <Placemark> <id>1543</id> <name>Decheterie Moncoutant</name> <description>Route de Largeasse 79320 MONCOUTANT</description> <horaires></horaires> <type>PARTIC</type> <barriere>Inconnu</barriere> <compteOuvert>Inconnu</compteOuvert> <carte>Inconnu</carte> <blacklist>false</blacklist> <Point> <coordinates>-0.573897,46.717761,0</coordinates> </Point> </Placemark> <Placemark> <id>1544</id> <name>Decheterie Nueil-les-Aubiers</name> <description>Forge 79250 Nueil-les-Aubiers</description> <horaires>Du lundi au Vendredi 13h30-18h30</horaires> <type>PARTIC</type> <barriere>Inconnu</barriere> <compteOuvert>Inconnu</compteOuvert> <carte>Inconnu</carte> <blacklist>false</blacklist> <Point> <coordinates>-0.577545,46.940491,0</coordinates> </Point> </Placemark> <Placemark> <id>1545</id> <name>Decheterie Pamproux</name> <description>route de la Cueille 79800 PAMPROUX</description> <horaires></horaires> <type>PARTIC</type> <barriere>Inconnu</barriere> <compteOuvert>Inconnu</compteOuvert> <carte>Inconnu</carte> <blacklist>false</blacklist> <Point> <coordinates>-0.054976,46.403642,0</coordinates> </Point> </Placemark> <Placemark> <id>1546</id> <name>Decheterie Prahecq</name> <description>la Gadrouille 79230 Prahecq</description> <horaires>Du lundi au Vendredi 13h30-18h30</horaires> <type>PARTIC</type> <barriere>Inconnu</barriere> <compteOuvert>Inconnu</compteOuvert> <carte>Inconnu</carte> <blacklist>false</blacklist> <Point> <coordinates>-0.329717,46.260857,0</coordinates> </Point> </Placemark> <Placemark> <id>1547</id> <name>Decheterie Prin-Deyrançon</name> <description>le Haut Pié Blanc 79210 Prin-Deyrançon</description> <horaires>Du lundi au Vendredi 13h30-18h30</horaires> <type>PARTIC</type> <barriere>Inconnu</barriere> <compteOuvert>Inconnu</compteOuvert> <carte>Inconnu</carte> <blacklist>false</blacklist> <Point> <coordinates>-0.608225,46.214221,0</coordinates> </Point> </Placemark> <Placemark> <id>1548</id> <name>Decheterie Saint-Aubin-le-Cloud</name> <description>la Chagnée 79450 Saint-Aubin-le-Cloud</description> <horaires>Du lundi au Vendredi 13h30-18h30</horaires> <type>PARTIC</type> <barriere>Inconnu</barriere> <compteOuvert>Inconnu</compteOuvert> <carte>Inconnu</carte> <blacklist>false</blacklist> <Point> <coordinates>-0.34705,46.645769,0</coordinates> </Point> </Placemark> <Placemark> <id>1549</id> <name>Decheterie Saint-Maixent-l'École</name> <description>Avenue de l'Ecole Militaire 79400 SAINT MAIXENT</description> <horaires></horaires> <type>PARTIC</type> <barriere>Inconnu</barriere> <compteOuvert>Inconnu</compteOuvert> <carte>Inconnu</carte> <blacklist>false</blacklist> <Point> <coordinates>-0.204833,46.428252,0</coordinates> </Point> </Placemark> <Placemark> <id>1550</id> <name>Decheterie Saint-Pardoux</name> <description>Site de la Bonnauderie 79310 Saint-Pardoux</description> <horaires>Du lundi au Vendredi 13h30-18h30</horaires> <type>PARTIC</type> <barriere>Inconnu</barriere> <compteOuvert>Inconnu</compteOuvert> <carte>Inconnu</carte> <blacklist>false</blacklist> <Point> <coordinates>-0.296792,46.567821,0</coordinates> </Point> </Placemark> <Placemark> <id>1551</id> <name>Decheterie Saint-Varent</name> <description>rue Rouère Boucoeur 79330 SAINT VARENT</description> <horaires></horaires> <type>PARTIC</type> <barriere>Inconnu</barriere> <compteOuvert>Inconnu</compteOuvert> <carte>Inconnu</carte> <blacklist>false</blacklist> <Point> <coordinates>-0.219208,46.89332,0</coordinates> </Point> </Placemark> <Placemark> <id>1552</id> <name>Decheterie Saint-Vincent-la-Châtre</name> <description>79500 SAINT VINCENT</description> <horaires></horaires> <type>PARTIC</type> <barriere>Inconnu</barriere> <compteOuvert>Inconnu</compteOuvert> <carte>Inconnu</carte> <blacklist>false</blacklist> <Point> <coordinates>-0.035251,46.204572,0</coordinates> </Point> </Placemark> <Placemark> <id>1553</id> <name>Decheterie Sauzé-Vaussais</name> <description>Route de Civray 79190 Sauzé-Vaussais</description> <horaires></horaires> <type>PARTIC</type> <barriere>Inconnu</barriere> <compteOuvert>Inconnu</compteOuvert> <carte>Inconnu</carte> <blacklist>false</blacklist> <Point> <coordinates>0.123252,46.132865,0</coordinates> </Point> </Placemark> <Placemark> <id>1554</id> <name>Decheterie Thénezay</name> <description>les Hommes 79390 Thénezay</description> <horaires></horaires> <type>PARTIC</type> <barriere>Inconnu</barriere> <compteOuvert>Inconnu</compteOuvert> <carte>Inconnu</carte> <blacklist>false</blacklist> <Point> <coordinates>-0.067912,46.71183,0</coordinates> </Point> </Placemark> <Placemark> <id>1555</id> <name>Decheterie Taizé</name> <description>les Coulées 79100 Taizé</description> <horaires></horaires> <type>PARTIC</type> <barriere>Inconnu</barriere> <compteOuvert>Inconnu</compteOuvert> <carte>Inconnu</carte> <blacklist>false</blacklist> <Point> <coordinates>-0.1204,46.942495,0</coordinates> </Point> </Placemark> <Placemark> <id>1556</id> <name>Decheterie Vasles</name> <description>Gâtebourse 79340 VASLES</description> <horaires></horaires> <type>PARTIC</type> <barriere>Inconnu</barriere> <compteOuvert>Inconnu</compteOuvert> <carte>Inconnu</carte> <blacklist>false</blacklist> <Point> <coordinates>-0.016975,46.574686,0</coordinates> </Point> </Placemark> <Placemark> <id>1557</id> <name>Decheterie Vouillé</name> <description>83, Rue Fend le Vent 79230 Vouillé</description> <horaires></horaires> <type>PARTIC</type> <barriere>Inconnu</barriere> <compteOuvert>Inconnu</compteOuvert> <carte>Inconnu</carte> <blacklist>false</blacklist> <Point> <coordinates>-0.33437,46.309414,0</coordinates> </Point> </Placemark> <Placemark> <id>1558</id> <name>Decheterie Amailloux</name> <description>Bas Fronbrenier 79350 Amailloux</description> <horaires>Du lundi au Vendredi 13h30-18h30</horaires> <type>PARTIC</type> <barriere>Inconnu</barriere> <compteOuvert>Inconnu</compteOuvert> <carte>Inconnu</carte> <blacklist>false</blacklist> <Point> <coordinates>-0.313073,46.732725,0</coordinates> </Point> </Placemark> <Placemark> <id>1559</id> <name>Decheterie Champdeniers-Saint-Denis</name> <description>la Grange à Lucas 79220 Champdeniers-Saint-Denis</description> <horaires>Du lundi au Vendredi 13h30-18h30</horaires> <type>PARTIC</type> <barriere>Inconnu</barriere> <compteOuvert>Inconnu</compteOuvert> <carte>Inconnu</carte> <blacklist>false</blacklist> <Point> <coordinates>-0.395065,46.486579,0</coordinates> </Point> </Placemark> <Placemark> <id>1560</id> <name>Decheterie Aiffres</name> <description>Chaillé 79230 Aiffres</description> <horaires>Du lundi au Vendredi 13h30-18h30</horaires> <type>PARTIC</type> <barriere>Inconnu</barriere> <compteOuvert>Inconnu</compteOuvert> <carte>Inconnu</carte> <blacklist>false</blacklist> <Point> <coordinates>-0.429649,46.28681,0</coordinates> </Point> </Placemark> <Placemark> <id>1561</id> <name>Decheterie La Chapelle-Thireuil</name> <description>Route de Scillé 79160 La Chapelle-Thireuil</description> <horaires></horaires> <type>PARTIC</type> <barriere>Inconnu</barriere> <compteOuvert>Inconnu</compteOuvert> <carte>Inconnu</carte> <blacklist>false</blacklist> <Point> <coordinates>-0.55044,46.564594,0</coordinates> </Point> </Placemark> <Placemark> <id>1562</id> <name>Decheterie Courlay</name> <description>Bois Basset 79440 Courlay</description> <horaires>Du lundi au Vendredi 13h30-18h30</horaires> <type>PARTIC</type> <barriere>Inconnu</barriere> <compteOuvert>Inconnu</compteOuvert> <carte>Inconnu</carte> <blacklist>false</blacklist> <Point> <coordinates>-0.577645,46.793979,0</coordinates> </Point> </Placemark> <Placemark> <id>1563</id> <name>Decheterie Granzay-Gript</name> <description>Modéron 79360 Granzay-Gript</description> <horaires>Du lundi au Vendredi 13h30-18h30</horaires> <type>PARTIC</type> <barriere>Inconnu</barriere> <compteOuvert>Inconnu</compteOuvert> <carte>Inconnu</carte> <blacklist>false</blacklist> <Point> <coordinates>-0.449135,46.252335,0</coordinates> </Point> </Placemark> <Placemark> <id>1564</id> <name>Decheterie Chey</name> <description>Route de Lezay - Départementale 45 79120 CHEY</description> <horaires></horaires> <type>PARTIC</type> <barriere>Inconnu</barriere> <compteOuvert>Inconnu</compteOuvert> <carte>Inconnu</carte> <blacklist>false</blacklist> <Point> <coordinates>-0.051354,46.28636,0</coordinates> </Point> </Placemark> <Placemark> <id>1565</id> <name>Decheterie Mauléon</name> <description>Rue St Jouin 79700 Mauléon</description> <horaires>Du lundi au Vendredi 13h30-18h30</horaires> <type>PARTIC</type> <barriere>Inconnu</barriere> <compteOuvert>Inconnu</compteOuvert> <carte>Inconnu</carte> <blacklist>false</blacklist> <Point> <coordinates>-0.764542,46.93213,0</coordinates> </Point> </Placemark> <Placemark> <id>1566</id> <name>Decheterie Bressuire</name> <description>ZI N°4 Saint Porchaire 79300 BRESSUIRE</description> <horaires></horaires> <type>PARTIC</type> <barriere>Inconnu</barriere> <compteOuvert>Inconnu</compteOuvert> <carte>Inconnu</carte> <blacklist>false</blacklist> <Point> <coordinates>-0.460607,46.850398,0</coordinates> </Point> </Placemark> <Placemark> <id>1567</id> <name>Decheterie Niort</name> <description>Z.I. Souché 79000 NIORT</description> <horaires></horaires> <type>PARTIC</type> <barriere>Inconnu</barriere> <compteOuvert>Inconnu</compteOuvert> <carte>Inconnu</carte> <blacklist>false</blacklist> <Point> <coordinates>-0.492502,46.355461,0</coordinates> </Point> </Placemark> <Placemark> <id>1568</id> <name>Decheterie La Crèche</name> <description>les Grands Champs 79260 La Crèche</description> <horaires></horaires> <type>PARTIC</type> <barriere>Inconnu</barriere> <compteOuvert>Inconnu</compteOuvert> <carte>Inconnu</carte> <blacklist>false</blacklist> <Point> <coordinates>-0.339101,46.348534,0</coordinates> </Point> </Placemark> <Placemark> <id>1569</id> <name>Decheterie Celles-sur-Belle</name> <description>Celles-sur-Belle 79370 Celles-sur-Belle</description> <horaires>Du lundi au Vendredi 13h30-18h30</horaires> <type>PARTIC</type> <barriere>Inconnu</barriere> <compteOuvert>Inconnu</compteOuvert> <carte>Inconnu</carte> <blacklist>false</blacklist> <Point> <coordinates>-0.217968,46.272725,0</coordinates> </Point> </Placemark> <Placemark> <id>1570</id> <name>Decheterie Ardin</name> <description>route de Beceleuf-Ardin 79160 ARDIN</description> <horaires></horaires> <type>PARTIC</type> <barriere>Inconnu</barriere> <compteOuvert>Inconnu</compteOuvert> <carte>Inconnu</carte> <blacklist>false</blacklist> <Point> <coordinates>-0.546969,46.470134,0</coordinates> </Point> </Placemark> <Placemark> <id>1571</id> <name>Decheterie Mougon</name> <description>Route de Fressine 79370 MOUGON</description> <horaires></horaires> <type>PARTIC</type> <barriere>Inconnu</barriere> <compteOuvert>Inconnu</compteOuvert> <carte>Inconnu</carte> <blacklist>false</blacklist> <Point> <coordinates>-0.287748,46.306846,0</coordinates> </Point> </Placemark> <Placemark> <id>1572</id> <name>Decheterie Louin</name> <description>"La Martinière" 79600 LOUIN</description> <horaires></horaires> <type>PARTIC</type> <barriere>Inconnu</barriere> <compteOuvert>Inconnu</compteOuvert> <carte>Inconnu</carte> <blacklist>false</blacklist> <Point> <coordinates>-0.220672,46.774718,0</coordinates> </Point> </Placemark> <Placemark> <id>1573</id> <name>Decheterie Échiré</name> <description>Zi des Lucs 79410 Échiré</description> <horaires>Du lundi au Vendredi 13h30-18h30</horaires> <type>PARTIC</type> <barriere>Inconnu</barriere> <compteOuvert>Inconnu</compteOuvert> <carte>Inconnu</carte> <blacklist>false</blacklist> <Point> <coordinates>-0.424427,46.361998,0</coordinates> </Point> </Placemark> <Placemark> <id>1574</id> <name>Decheterie Chef-Boutonne</name> <description>Route d'Aubigné 79110 CHEF-BOUTONNE</description> <horaires></horaires> <type>PARTIC</type> <barriere>Inconnu</barriere> <compteOuvert>Inconnu</compteOuvert> <carte>Inconnu</carte> <blacklist>false</blacklist> <Point> <coordinates>-0.097395,46.100584,0</coordinates> </Point> </Placemark> <Placemark> <id>1575</id> <name>Decheterie Brioux-sur-Boutonne</name> <description>ZA "La Mine d'Or" 79170 BRIOUX-SUR-BOUTONNE</description> <horaires></horaires> <type>PARTIC</type> <barriere>Inconnu</barriere> <compteOuvert>Inconnu</compteOuvert> <carte>Inconnu</carte> <blacklist>false</blacklist> <Point> <coordinates>-0.212356,46.156676,0</coordinates> </Point> </Placemark> <Placemark> <id>1576</id> <name>Decheterie Rom</name> <description>Zone Artisanale 79120 Rom</description> <horaires>Du lundi au Vendredi 13h30-18h30</horaires> <type>PARTIC</type> <barriere>Inconnu</barriere> <compteOuvert>Inconnu</compteOuvert> <carte>Inconnu</carte> <blacklist>false</blacklist> <Point> <coordinates>0.104765,46.294691,0</coordinates> </Point> </Placemark> <Placemark> <id>1577</id> <name>Decheterie Saint-Amand-sur-Sèvre</name> <description>Za du Moulin Blanc 59230 Saint Amand</description> <horaires>Été (01/03 au 31/10) : lundi au jeudi: 9-12h 13-19h vendredi et samedi: 9-19h dimanche: 9-12h Hiver (du 01/11 au 28/02) : lundi au samedi: 9-12h 13-17h dimanche: 9-12h</horaires> <type>PARTIC</type> <barriere>Inconnu</barriere> <compteOuvert>Inconnu</compteOuvert> <carte>Inconnu</carte> <blacklist>false</blacklist> <Point> <coordinates>-0.80014,46.870171,0</coordinates> </Point> </Placemark> <Placemark> <id>1578</id> <name>Decheterie Secondigny</name> <description>la Chollerie 79130 Secondigny</description> <horaires></horaires> <type>PARTIC</type> <barriere>Inconnu</barriere> <compteOuvert>Inconnu</compteOuvert> <carte>Inconnu</carte> <blacklist>false</blacklist> <Point> <coordinates>-0.426888,46.592746,0</coordinates> </Point> </Placemark> <Placemark> <id>1579</id> <name>Decheterie Verruyes</name> <description>Marcilly 79310 VERRUYES</description> <horaires></horaires> <type>PARTIC</type> <barriere>Inconnu</barriere> <compteOuvert>Inconnu</compteOuvert> <carte>Inconnu</carte> <blacklist>false</blacklist> <Point> <coordinates>-0.272261,46.504511,0</coordinates> </Point> </Placemark> <Placemark> <id>1580</id> <name>Decheterie Abbeville</name> <description>Chemin Mautort 80100 ABBEVILLE</description> <horaires></horaires> <type>PARTIC</type> <barriere>Inconnu</barriere> <compteOuvert>Inconnu</compteOuvert> <carte>Inconnu</carte> <blacklist>false</blacklist> <Point> <coordinates>1.859954,50.105497,0</coordinates> </Point> </Placemark> <Placemark> <id>1581</id> <name>Decheterie Agenvillers</name> <description>Rue du Cimetière 80150 AGENVILLERS</description> <horaires></horaires> <type>PARTIC</type> <barriere>Inconnu</barriere> <compteOuvert>Inconnu</compteOuvert> <carte>Inconnu</carte> <blacklist>false</blacklist> <Point> <coordinates>1.928292,50.177624,0</coordinates> </Point> </Placemark> <Placemark> <id>1582</id> <name>Decheterie Amiens</name> <description>Chemin de Vauvoix 80000 AMIEN</description> <horaires></horaires> <type>PARTIC</type> <barriere>Inconnu</barriere> <compteOuvert>Inconnu</compteOuvert> <carte>Inconnu</carte> <blacklist>false</blacklist> <Point> <coordinates>2.307124,49.860246,0</coordinates> </Point> </Placemark> <Placemark> <id>1583</id> <name>Decheterie Amiens</name> <description>Chemin de Vauvoix 80000 AMIEN</description> <horaires></horaires> <type>PARTIC</type> <barriere>Inconnu</barriere> <compteOuvert>Inconnu</compteOuvert> <carte>Inconnu</carte> <blacklist>false</blacklist> <Point> <coordinates>2.287984,49.91236,0</coordinates> </Point> </Placemark> <Placemark> <id>1584</id> <name>Decheterie Camon</name> <description>Zone d'activité de la Blanche Tâche Rue Rosa Luxembourg 80450 CAMON</description> <horaires></horaires> <type>PARTIC</type> <barriere>Inconnu</barriere> <compteOuvert>Inconnu</compteOuvert> <carte>Inconnu</carte> <blacklist>false</blacklist> <Point> <coordinates>2.348726,49.899826,0</coordinates> </Point> </Placemark> <Placemark> <id>1585</id> <name>Decheterie Doullens</name> <description>Zone Industrielle de Rouval 80600 DOULLENS</description> <horaires></horaires> <type>PARTIC</type> <barriere>Inconnu</barriere> <compteOuvert>Inconnu</compteOuvert> <carte>Inconnu</carte> <blacklist>false</blacklist> <Point> <coordinates>2.313688,50.163978,0</coordinates> </Point> </Placemark> <Placemark> <id>1586</id> <name>Decheterie Flesselles</name> <description>Rue de la Gare 80260 Flesselles</description> <horaires>Du lundi au Vendredi 13h30-18h30</horaires> <type>PARTIC</type> <barriere>Inconnu</barriere> <compteOuvert>Inconnu</compteOuvert> <carte>Inconnu</carte> <blacklist>false</blacklist> <Point> <coordinates>2.255761,49.991351,0</coordinates> </Point> </Placemark> <Placemark> <id>1587</id> <name>Decheterie Noyelles-sur-Mer</name> <description>Chemin du moulin 80860 NOYELLES-SUR-MER</description> <horaires></horaires> <type>PARTIC</type> <barriere>Inconnu</barriere> <compteOuvert>Inconnu</compteOuvert> <carte>Inconnu</carte> <blacklist>false</blacklist> <Point> <coordinates>1.706601,50.191133,0</coordinates> </Point> </Placemark> <Placemark> <id>1588</id> <name>Decheterie Cayeux-sur-Mer</name> <description>80410 CAYEUX-SUR-MER</description> <horaires></horaires> <type>PARTIC</type> <barriere>Inconnu</barriere> <compteOuvert>Inconnu</compteOuvert> <carte>Inconnu</carte> <blacklist>false</blacklist> <Point> <coordinates>1.517094,50.172338,0</coordinates> </Point> </Placemark> <Placemark> <id>1589</id> <name>Decheterie Albert</name> <description>Rue du 11 Novembre 80301 ALBERT</description> <horaires>Eté : 9h -12h / 15h -19h les lundi, mercredi, vendredi 15h -19h les mardi et jeudi 9h - 19h le samedi Hiver : 9h -12h / 14h -17h les lundi, mercredi, vendredi 14h -17h les mardi et jeudi 9h - 17h le samedi</horaires> <type>PARTIC</type> <barriere>Inconnu</barriere> <compteOuvert>Inconnu</compteOuvert> <carte>Inconnu</carte> <blacklist>false</blacklist> <Point> <coordinates>2.663969,49.996217,0</coordinates> </Point> </Placemark> <Placemark> <id>1590</id> <name>Decheterie Ailly-sur-Noye</name> <description>Lieu dit "l'Argiliere" 80250 AILLY-SUR-NOYE</description> <horaires></horaires> <type>PARTIC</type> <barriere>Inconnu</barriere> <compteOuvert>Inconnu</compteOuvert> <carte>Inconnu</carte> <blacklist>false</blacklist> <Point> <coordinates>2.37979,49.750482,0</coordinates> </Point> </Placemark> <Placemark> <id>1591</id> <name>Decheterie Crécy-en-Ponthieu</name> <description>Chemin de la Tille 21130 PONT</description> <horaires>Horaire d'ete (01/04 au 30/09) Horaire d'hiver (01/10 au 31/03) fermeture à 16H45 : MARDI 8h30-11h45 MERCREDI 14h-17h45 JEUDI 14h-17h45 VENDREDI 8h30-11h45 SAMEDI 8h30-11h45.</horaires> <type>PARTIC</type> <barriere>Inconnu</barriere> <compteOuvert>Inconnu</compteOuvert> <carte>Inconnu</carte> <blacklist>false</blacklist> <Point> <coordinates>1.879733,50.255512,0</coordinates> </Point> </Placemark> <Placemark> <id>1592</id> <name>Decheterie Hallencourt</name> <description>Route de Gransart 80490 HALLENCOURT</description> <horaires></horaires> <type>PARTIC</type> <barriere>Inconnu</barriere> <compteOuvert>Inconnu</compteOuvert> <carte>Inconnu</carte> <blacklist>false</blacklist> <Point> <coordinates>1.869736,49.998526,0</coordinates> </Point> </Placemark> <Placemark> <id>1593</id> <name>Decheterie Loeuilly</name> <description>80160 LOEUILLY</description> <horaires></horaires> <type>PARTIC</type> <barriere>Inconnu</barriere> <compteOuvert>Inconnu</compteOuvert> <carte>Inconnu</carte> <blacklist>false</blacklist> <Point> <coordinates>2.184995,49.782322,0</coordinates> </Point> </Placemark> <Placemark> <id>1594</id> <name>Decheterie Roisel</name> <description>Rue de la Gare 80240 ROISEL</description> <horaires></horaires> <type>PARTIC</type> <barriere>Inconnu</barriere> <compteOuvert>Inconnu</compteOuvert> <carte>Inconnu</carte> <blacklist>false</blacklist> <Point> <coordinates>3.095027,49.949789,0</coordinates> </Point> </Placemark> <Placemark> <id>1595</id> <name>Decheterie Bray-sur-Somme</name> <description>Rue d'Etinehem 80340 Bray-sur-Somme</description> <horaires>Du lundi au Vendredi 13h30-18h30</horaires> <type>PARTIC</type> <barriere>Inconnu</barriere> <compteOuvert>Inconnu</compteOuvert> <carte>Inconnu</carte> <blacklist>false</blacklist> <Point> <coordinates>2.707234,49.939798,0</coordinates> </Point> </Placemark> <Placemark> <id>1596</id> <name>Decheterie Acheux-en-Amiénois</name> <description>Route de Varennes 80560 Acheux-en-Amiénois</description> <horaires>Du lundi au Vendredi 13h30-18h30</horaires> <type>PARTIC</type> <barriere>Inconnu</barriere> <compteOuvert>Inconnu</compteOuvert> <carte>Inconnu</carte> <blacklist>false</blacklist> <Point> <coordinates>2.534939,50.06265,0</coordinates> </Point> </Placemark> <Placemark> <id>1597</id> <name>Decheterie La Chaussée-Tirancourt</name> <description>Route de Vignacourt 80310 La Chaussée-Tirancourt</description> <horaires>Hiver 01/10-31/03 : Lundi, Mercredi, Vendredi: 9h-12h/14h-18h | Samedi: 9h-12h30/13h30-18h | Eté 01/04-30/09 : Lundi, Mercredi, Vendredi: 9h-12h/14h-19h | Samedi: 9h-12h30/13h30-19h</horaires> <type>PARTIC</type> <barriere>Inconnu</barriere> <compteOuvert>Inconnu</compteOuvert> <carte>Inconnu</carte> <blacklist>false</blacklist> <Point> <coordinates>2.154908,49.958145,0</coordinates> </Point> </Placemark> <Placemark> <id>1598</id> <name>Decheterie Bernaville</name> <description>Rue du Général Leclerc 80370 Bernaville</description> <horaires>Du lundi au Vendredi 13h30-18h30</horaires> <type>PARTIC</type> <barriere>Inconnu</barriere> <compteOuvert>Inconnu</compteOuvert> <carte>Inconnu</carte> <blacklist>false</blacklist> <Point> <coordinates>2.15928,50.125446,0</coordinates> </Point> </Placemark> <Placemark> <id>1599</id> <name>Decheterie Corbie</name> <description>Rue Leon Cure 80800 CORBIE</description> <horaires></horaires> <type>PARTIC</type> <barriere>Inconnu</barriere> <compteOuvert>Inconnu</compteOuvert> <carte>Inconnu</carte> <blacklist>false</blacklist> <Point> <coordinates>2.499295,49.911389,0</coordinates> </Point> </Placemark> <Placemark> <id>1600</id> <name>Decheterie Ault</name> <description>Za d'Ault 80460 AULT</description> <horaires>lundi : 14h-18h autres jours : 9h-12h/14h-18h</horaires> <type>PARTIC</type> <barriere>Inconnu</barriere> <compteOuvert>Inconnu</compteOuvert> <carte>Inconnu</carte> <blacklist>false</blacklist> <Point> <coordinates>1.450676,50.088106,0</coordinates> </Point> </Placemark> <Placemark> <id>1601</id> <name>Decheterie Eppeville</name> <description>Zi Rue Nouvelle 80400 Eppeville</description> <horaires>Du lundi au Vendredi 13h30-18h30</horaires> <type>PARTIC</type> <barriere>Inconnu</barriere> <compteOuvert>Inconnu</compteOuvert> <carte>Inconnu</carte> <blacklist>false</blacklist> <Point> <coordinates>3.040998,49.739513,0</coordinates> </Point> </Placemark> <Placemark> <id>1602</id> <name>Decheterie Montdidier</name> <description>Zone industrielle de la Roseraie Rue Pasteur 80500 MONTDIDIER</description> <horaires></horaires> <type>PARTIC</type> <barriere>Inconnu</barriere> <compteOuvert>Inconnu</compteOuvert> <carte>Inconnu</carte> <blacklist>false</blacklist> <Point> <coordinates>2.599035,49.654433,0</coordinates> </Point> </Placemark> <Placemark> <id>1603</id> <name>Decheterie Moreuil</name> <description>Lieu-dit La vallée Guerbette 80110 MOREUIL</description> <horaires></horaires> <type>PARTIC</type> <barriere>Inconnu</barriere> <compteOuvert>Inconnu</compteOuvert> <carte>Inconnu</carte> <blacklist>false</blacklist> <Point> <coordinates>2.511542,49.794919,0</coordinates> </Point> </Placemark> <Placemark> <id>1604</id> <name>Decheterie Nesle</name> <description>Route de Rouy-le-Petit 80190 NESLE</description> <horaires></horaires> <type>PARTIC</type> <barriere>Inconnu</barriere> <compteOuvert>Inconnu</compteOuvert> <carte>Inconnu</carte> <blacklist>false</blacklist> <Point> <coordinates>2.927426,49.766028,0</coordinates> </Point> </Placemark> <Placemark> <id>1605</id> <name>Decheterie Péronne</name> <description>Route de Barleux 80200 Péronne</description> <horaires>Du lundi au Vendredi 13h30-18h30</horaires> <type>PARTIC</type> <barriere>Inconnu</barriere> <compteOuvert>Inconnu</compteOuvert> <carte>Inconnu</carte> <blacklist>false</blacklist> <Point> <coordinates>2.923725,49.913865,0</coordinates> </Point> </Placemark> <Placemark> <id>1606</id> <name>Decheterie Péronne</name> <description>Zac Mont Saint Quentin Rue d'Athènes 80200 Péronne</description> <horaires>Du lundi au Vendredi 13h30-18h30</horaires> <type>PARTIC</type> <barriere>Inconnu</barriere> <compteOuvert>Inconnu</compteOuvert> <carte>Inconnu</carte> <blacklist>false</blacklist> <Point> <coordinates>2.926382,49.942324,0</coordinates> </Point> </Placemark> <Placemark> <id>1607</id> <name>Decheterie Rue</name> <description>ZI de la foraine bleue Route du Crotoy 80120 RUE</description> <horaires></horaires> <type>PARTIC</type> <barriere>Inconnu</barriere> <compteOuvert>Inconnu</compteOuvert> <carte>Inconnu</carte> <blacklist>false</blacklist> <Point> <coordinates>1.666582,50.266369,0</coordinates> </Point> </Placemark> <Placemark> <id>1608</id> <name>Decheterie Saint-Ouen</name> <description>RD 159 80610 SAINT-OUEN</description> <horaires></horaires> <type>PARTIC</type> <barriere>Inconnu</barriere> <compteOuvert>Inconnu</compteOuvert> <carte>Inconnu</carte> <blacklist>false</blacklist> <Point> <coordinates>2.110994,50.038029,0</coordinates> </Point> </Placemark> <Placemark> <id>1609</id> <name>Decheterie Saint-Valery-sur-Somme</name> <description>Zone Commerciale et artisanale CD 940 80230 SAINT-VALERY-SUR-SOMME</description> <horaires></horaires> <type>PARTIC</type> <barriere>Inconnu</barriere> <compteOuvert>Inconnu</compteOuvert> <carte>Inconnu</carte> <blacklist>false</blacklist> <Point> <coordinates>1.63322,50.173669,0</coordinates> </Point> </Placemark> <Placemark> <id>1610</id> <name>Decheterie Le Crotoy</name> <description>Rue des Abattoirs 80550 CROTOY</description> <horaires></horaires> <type>PARTIC</type> <barriere>Inconnu</barriere> <compteOuvert>Inconnu</compteOuvert> <carte>Inconnu</carte> <blacklist>false</blacklist> <Point> <coordinates>1.629199,50.222854,0</coordinates> </Point> </Placemark> <Placemark> <id>1611</id> <name>Decheterie Beauchamps</name> <description>Rue Gaston Landes 32000 Auch</description> <horaires>Lundi, Mardi, Mercredi, Jeudi, Vendredi, Samedi, Dimanche Hiver 1/10-31/03 9-12h/13h30-17h Eté 1/04-30/09 9-12h/13h30-18h</horaires> <type>PARTIC</type> <barriere>Inconnu</barriere> <compteOuvert>Inconnu</compteOuvert> <carte>Inconnu</carte> <blacklist>false</blacklist> <Point> <coordinates>1.520473,50.009787,0</coordinates> </Point> </Placemark> <Placemark> <id>1612</id> <name>Decheterie Huchenneville</name> <description>Za les Croisettes 80132 Huchenneville</description> <horaires>Du lundi au Vendredi 13h30-18h30</horaires> <type>PARTIC</type> <barriere>Inconnu</barriere> <compteOuvert>Inconnu</compteOuvert> <carte>Inconnu</carte> <blacklist>false</blacklist> <Point> <coordinates>1.783117,50.051169,0</coordinates> </Point> </Placemark> <Placemark> <id>1613</id> <name>Decheterie Feuquières-en-Vimeu</name> <description>Avenue du Vimeu Vert 80210 Feuquières-en-Vimeu</description> <horaires>Du lundi au Vendredi 13h30-18h30</horaires> <type>PARTIC</type> <barriere>Inconnu</barriere> <compteOuvert>Inconnu</compteOuvert> <carte>Inconnu</carte> <blacklist>false</blacklist> <Point> <coordinates>1.593874,50.068238,0</coordinates> </Point> </Placemark> <Placemark> <id>1614</id> <name>Decheterie Roye</name> <description>Zone Industrielle Ouest 80700 ROYE</description> <horaires></horaires> <type>PARTIC</type> <barriere>Inconnu</barriere> <compteOuvert>Inconnu</compteOuvert> <carte>Inconnu</carte> <blacklist>false</blacklist> <Point> <coordinates>2.765463,49.701564,0</coordinates> </Point> </Placemark> <Placemark> <id>1615</id> <name>Decheterie Olonne-sur-Mer</name> <description>Les Fontaines Chemin de Chaintrelongue 85340 OLONNE-SUR-MER</description> <horaires></horaires> <type>PARTIC</type> <barriere>Inconnu</barriere> <compteOuvert>Inconnu</compteOuvert> <carte>Inconnu</carte> <blacklist>false</blacklist> <Point> <coordinates>-1.748692,46.510659,0</coordinates> </Point> </Placemark> <Placemark> <id>1616</id> <name>Decheterie Bouin</name> <description>4 Impasse de la Reynerie 85230 Bouin</description> <horaires>Du lundi au Vendredi 13h30-18h30</horaires> <type>PARTIC</type> <barriere>Inconnu</barriere> <compteOuvert>Inconnu</compteOuvert> <carte>Inconnu</carte> <blacklist>false</blacklist> <Point> <coordinates>-1.991161,46.973272,0</coordinates> </Point> </Placemark> <Placemark> <id>1617</id> <name>Decheterie Bretignolles-sur-Mer</name> <description>Rue des Epinettes 85470 Bretignolles-sur-Mer</description> <horaires>Du lundi au Vendredi 13h30-18h30</horaires> <type>PARTIC</type> <barriere>Inconnu</barriere> <compteOuvert>Inconnu</compteOuvert> <carte>Inconnu</carte> <blacklist>false</blacklist> <Point> <coordinates>-1.839506,46.63592,0</coordinates> </Point> </Placemark> <Placemark> <id>1618</id> <name>Decheterie Epesses</name> <description>Route des Trois Chênes 85590 Epesses</description> <horaires>Lundi, Vendredi et Samedi : 14h30-17h30</horaires> <type>PARTIC</type> <barriere>Inconnu</barriere> <compteOuvert>Inconnu</compteOuvert> <carte>Inconnu</carte> <blacklist>false</blacklist> <Point> <coordinates>-0.893123,46.877358,0</coordinates> </Point> </Placemark> <Placemark> <id>1619</id> <name>Decheterie Givrand</name> <description>85800 GIVRAND</description> <horaires>lundi au samedi:8h30-12h 14h-17h Fermeture à 18 h du 01/04 au 30/09</horaires> <type>PARTIC</type> <barriere>Inconnu</barriere> <compteOuvert>Inconnu</compteOuvert> <carte>Inconnu</carte> <blacklist>false</blacklist> <Point> <coordinates>-1.877268,46.697546,0</coordinates> </Point> </Placemark> <Placemark> <id>1620</id> <name>Decheterie Jard-sur-Mer</name> <description>Chemin des Amourettes 85520 JARD-SUR-MER</description> <horaires></horaires> <type>PARTIC</type> <barriere>Inconnu</barriere> <compteOuvert>Inconnu</compteOuvert> <carte>Inconnu</carte> <blacklist>false</blacklist> <Point> <coordinates>-1.582952,46.429202,0</coordinates> </Point> </Placemark> <Placemark> <id>1621</id> <name>Decheterie L'ile-d'Olonne</name> <description>Les Démeries 85340 ILE-D'OLONNE</description> <horaires>Mercredi, Vendredi, Samedi</horaires> <type>PARTIC</type> <barriere>Inconnu</barriere> <compteOuvert>Inconnu</compteOuvert> <carte>Inconnu</carte> <blacklist>false</blacklist> <Point> <coordinates>-1.77292,46.574391,0</coordinates> </Point> </Placemark> <Placemark> <id>1622</id> <name>Decheterie La Barre-de-Monts</name> <description>ZA de Muckental 67140 Barr</description> <horaires>Hiver (01/11 au 28/02): 8h-12h 13h-17h Eté: 8h-12h 13h-18h</horaires> <type>PARTIC</type> <barriere>Inconnu</barriere> <compteOuvert>Inconnu</compteOuvert> <carte>Inconnu</carte> <blacklist>false</blacklist> <Point> <coordinates>-2.045343,46.852042,0</coordinates> </Point> </Placemark> <Placemark> <id>1623</id> <name>Decheterie La Bruffière</name> <description>Lieu dit St Père 85530 La Bruffière</description> <horaires>Du lundi au Vendredi 13h30-18h30</horaires> <type>PARTIC</type> <barriere>Inconnu</barriere> <compteOuvert>Inconnu</compteOuvert> <carte>Inconnu</carte> <blacklist>false</blacklist> <Point> <coordinates>-1.208798,47.004211,0</coordinates> </Point> </Placemark> <Placemark> <id>1624</id> <name>Decheterie La Chapelle-Hermier</name> <description>la Brunière 85220 La Chapelle-Hermier</description> <horaires>Du lundi au Vendredi 13h30-18h30</horaires> <type>PARTIC</type> <barriere>Inconnu</barriere> <compteOuvert>Inconnu</compteOuvert> <carte>Inconnu</carte> <blacklist>false</blacklist> <Point> <coordinates>-1.700803,46.682259,0</coordinates> </Point> </Placemark> <Placemark> <id>1625</id> <name>Decheterie La Ferrière</name> <description>Voie Communale N10 85280 La Ferrière</description> <horaires>Du lundi au Vendredi 13h30-18h30</horaires> <type>PARTIC</type> <barriere>Inconnu</barriere> <compteOuvert>Inconnu</compteOuvert> <carte>Inconnu</carte> <blacklist>false</blacklist> <Point> <coordinates>-1.334713,46.715547,0</coordinates> </Point> </Placemark> <Placemark> <id>1626</id> <name>Decheterie La Flocellière</name> <description>ZA La Blauderie 85700 La Flocellière</description> <horaires>Du lundi au Vendredi 13h30-18h30</horaires> <type>PARTIC</type> <barriere>Inconnu</barriere> <compteOuvert>Inconnu</compteOuvert> <carte>Inconnu</carte> <blacklist>false</blacklist> <Point> <coordinates>-0.866844,46.821041,0</coordinates> </Point> </Placemark> <Placemark> <id>1627</id> <name>Decheterie La Guérinière</name> <description>Zone Artisanale des Mandeliers 85680 La Guérinière</description> <horaires>Hiver (du 01/10 au 31/03) : du Lundi au Samedi : 9h-12h et 14-18h | Dimanche : 9h-12h | Eté (du 01/04 au 30/09) : Tous les jours : 9-12h et 14-18h</horaires> <type>PARTIC</type> <barriere>Inconnu</barriere> <compteOuvert>Inconnu</compteOuvert> <carte>Inconnu</carte> <blacklist>false</blacklist> <Point> <coordinates>-2.250834,46.972385,0</coordinates> </Point> </Placemark> <Placemark> <id>1628</id> <name>Decheterie La Tranche-sur-Mer</name> <description>Route des Angles 85360 La Tranche-sur-Mer</description> <horaires>Hiver (du 01/10 au 31/03) : | Lundi, Vendredi et Samedi : 9h-12h et 14h-17h30 | Mercredi : 9h-12h | Eté (du 01/04 au 30/09 + vacances de la Toussaint) : Du Lundi au Samedi : 9h-12h et 14h-17h30</horaires> <type>PARTIC</type> <barriere>Inconnu</barriere> <compteOuvert>Inconnu</compteOuvert> <carte>Inconnu</carte> <blacklist>false</blacklist> <Point> <coordinates>-1.42064,46.357074,0</coordinates> </Point> </Placemark> <Placemark> <id>1629</id> <name>Decheterie Lucs-sur-Boulogne</name> <description>la Martinière 85170 Lucs-sur-Boulogne</description> <horaires>lundi, mercredi, vendredi : 14h-17h | samedi : 9h-12h30 et 13h30-17h</horaires> <type>PARTIC</type> <barriere>Inconnu</barriere> <compteOuvert>Inconnu</compteOuvert> <carte>Inconnu</carte> <blacklist>false</blacklist> <Point> <coordinates>-1.502009,46.83041,0</coordinates> </Point> </Placemark> <Placemark> <id>1630</id> <name>Decheterie Magnils-Reigniers</name> <description>Lieu-dit le Maingreau 85400 Magnils-Reigniers</description> <horaires>Du lundi au Vendredi 13h30-18h30</horaires> <type>PARTIC</type> <barriere>Inconnu</barriere> <compteOuvert>Inconnu</compteOuvert> <carte>Inconnu</carte> <blacklist>false</blacklist> <Point> <coordinates>-1.19577,46.468026,0</coordinates> </Point> </Placemark> <Placemark> <id>1631</id> <name>Decheterie Mareuil-sur-Lay-Dissais</name> <description>Zone Artisanale 85320 Mareuil-sur-Lay-Dissais</description> <horaires>Du lundi au Vendredi 13h30-18h30</horaires> <type>PARTIC</type> <barriere>Inconnu</barriere> <compteOuvert>Inconnu</compteOuvert> <carte>Inconnu</carte> <blacklist>false</blacklist> <Point> <coordinates>-1.209101,46.524788,0</coordinates> </Point> </Placemark> <Placemark> <id>1632</id> <name>Decheterie Mouzeuil-Saint-Martin</name> <description>Lieu Dit Fuyragues 83560 Saint-Martin</description> <horaires>Mardi, Mercredi, Jeudi, Vendredi, Samedi : du 01/11 au 28/02 : 8h-12h du 01/03 au 31/10 : 7h45-12h</horaires> <type>PARTIC</type> <barriere>Inconnu</barriere> <compteOuvert>Inconnu</compteOuvert> <carte>Inconnu</carte> <blacklist>false</blacklist> <Point> <coordinates>-0.968578,46.463827,0</coordinates> </Point> </Placemark> <Placemark> <id>1633</id> <name>Decheterie Moutiers-sur-le-Lay</name> <description>le Groix de la Jaulnière 85320 Moutiers-sur-le-Lay</description> <horaires>Lundi, Mercredi et Jeudi : 9h-12h | Vendredi et Samedi : 14h-17h30</horaires> <type>PARTIC</type> <barriere>Inconnu</barriere> <compteOuvert>Inconnu</compteOuvert> <carte>Inconnu</carte> <blacklist>false</blacklist> <Point> <coordinates>-1.164049,46.567182,0</coordinates> </Point> </Placemark> <Placemark> <id>1634</id> <name>Decheterie Nesmy</name> <description>CD.36 85310 Nesmy</description> <horaires>Du lundi au Vendredi 13h30-18h30</horaires> <type>PARTIC</type> <barriere>Inconnu</barriere> <compteOuvert>Inconnu</compteOuvert> <carte>Inconnu</carte> <blacklist>false</blacklist> <Point> <coordinates>-1.385538,46.581705,0</coordinates> </Point> </Placemark> <Placemark> <id>1635</id> <name>Decheterie Saint-Denis-la-Chevasse</name> <description>Lieu Dit Essiré 85170 Saint-Denis-la-Chevasse</description> <horaires>Du lundi au Vendredi 13h30-18h30</horaires> <type>PARTIC</type> <barriere>Inconnu</barriere> <compteOuvert>Inconnu</compteOuvert> <carte>Inconnu</carte> <blacklist>false</blacklist> <Point> <coordinates>-1.358363,46.829982,0</coordinates> </Point> </Placemark> <Placemark> <id>1636</id> <name>Decheterie Saint-Hilaire-de-Riez</name> <description>Z.I. Le Plô 11250 SAINT-HILAIRE</description> <horaires></horaires> <type>PARTIC</type> <barriere>Inconnu</barriere> <compteOuvert>Inconnu</compteOuvert> <carte>Inconnu</carte> <blacklist>false</blacklist> <Point> <coordinates>-1.942071,46.729483,0</coordinates> </Point> </Placemark> <Placemark> <id>1637</id> <name>Decheterie Saint-Laurent-sur-Sèvre</name> <description>le Grand Bois Chabot 85290 Saint-Laurent-sur-Sèvre</description> <horaires>Du lundi au Vendredi 13h30-18h30</horaires> <type>PARTIC</type> <barriere>Inconnu</barriere> <compteOuvert>Inconnu</compteOuvert> <carte>Inconnu</carte> <blacklist>false</blacklist> <Point> <coordinates>-0.893528,46.942536,0</coordinates> </Point> </Placemark> <Placemark> <id>1638</id> <name>Decheterie Saint-Martin-des-Tilleuls</name> <description>Lieu Dit Fuyragues 83560 Saint-Martin</description> <horaires>Mardi, Mercredi, Jeudi, Vendredi, Samedi : du 01/11 au 28/02 : 8h-12h du 01/03 au 31/10 : 7h45-12h</horaires> <type>PARTIC</type> <barriere>Inconnu</barriere> <compteOuvert>Inconnu</compteOuvert> <carte>Inconnu</carte> <blacklist>false</blacklist> <Point> <coordinates>-1.074416,46.969804,0</coordinates> </Point> </Placemark> <Placemark> <id>1639</id> <name>Decheterie Saint-Michel-en-l'Herm</name> <description>Route du Travers 85580 Saint-Michel-en-l'Herm</description> <horaires>Du lundi au Vendredi 13h30-18h30</horaires> <type>PARTIC</type> <barriere>Inconnu</barriere> <compteOuvert>Inconnu</compteOuvert> <carte>Inconnu</carte> <blacklist>false</blacklist> <Point> <coordinates>-1.233103,46.354726,0</coordinates> </Point> </Placemark> <Placemark> <id>1640</id> <name>Decheterie Saint-Paul-Mont-Penit</name> <description>Chemin des Garennes de la Nation 85670 Saint-Paul-Mont-Penit</description> <horaires>Du lundi au Vendredi 13h30-18h30</horaires> <type>PARTIC</type> <barriere>Inconnu</barriere> <compteOuvert>Inconnu</compteOuvert> <carte>Inconnu</carte> <blacklist>false</blacklist> <Point> <coordinates>-1.666225,46.800881,0</coordinates> </Point> </Placemark> <Placemark> <id>1641</id> <name>Decheterie Sainte-Flaive-des-Loups</name> <description>le Beignon 85150 Sainte-Flaive-des-Loups</description> <horaires>lundi, mercredi, samedi: 9h-12h</horaires> <type>PARTIC</type> <barriere>Inconnu</barriere> <compteOuvert>Inconnu</compteOuvert> <carte>Inconnu</carte> <blacklist>false</blacklist> <Point> <coordinates>-1.650949,46.600636,0</coordinates> </Point> </Placemark> <Placemark> <id>1642</id> <name>Decheterie Sainte-Gemme-la-Plaine</name> <description>Za Champéreau 85400 Sainte-Gemme-la-Plaine</description> <horaires>Du lundi au Vendredi 13h30-18h30</horaires> <type>PARTIC</type> <barriere>Inconnu</barriere> <compteOuvert>Inconnu</compteOuvert> <carte>Inconnu</carte> <blacklist>false</blacklist> <Point> <coordinates>-1.109259,46.493064,0</coordinates> </Point> </Placemark> <Placemark> <id>1643</id> <name>Decheterie La Châtaigneraie</name> <description>la Boudauge 85120 La Châtaigneraie</description> <horaires>lundi, mardi, jeudi, vendredi: 14h-18h | mercredi, samedi : 9-12h 14-18h</horaires> <type>PARTIC</type> <barriere>Inconnu</barriere> <compteOuvert>Inconnu</compteOuvert> <carte>Inconnu</carte> <blacklist>false</blacklist> <Point> <coordinates>-0.731418,46.638633,0</coordinates> </Point> </Placemark> <Placemark> <id>1644</id> <name>Decheterie Mouchamps</name> <description>Mouchamps 85640 Mouchamps</description> <horaires>Du lundi au Vendredi 13h30-18h30</horaires> <type>PARTIC</type> <barriere>Inconnu</barriere> <compteOuvert>Inconnu</compteOuvert> <carte>Inconnu</carte> <blacklist>false</blacklist> <Point> <coordinates>-1.065948,46.787399,0</coordinates> </Point> </Placemark> <Placemark> <id>1645</id> <name>Decheterie Champagné-les-Marais</name> <description>Za - D25 85450 Champagné-les-Marais</description> <horaires>Du lundi au Vendredi 13h30-18h30</horaires> <type>PARTIC</type> <barriere>Inconnu</barriere> <compteOuvert>Inconnu</compteOuvert> <carte>Inconnu</carte> <blacklist>false</blacklist> <Point> <coordinates>-1.115614,46.377787,0</coordinates> </Point> </Placemark> <Placemark> <id>1646</id> <name>Decheterie Le Givre</name> <description>les Cosses 85540 Le Givre</description> <horaires>Hiver (du 16/09 au 14/04) : Lundi, Mercredi, Jeudi et Vendredi : 14h-17h | Samedi : 9h-12h et 14h-18h15 | Eté (du 15/04 au 15/09) : Lundi, Mercredi, Jeudi et Vendredi : 14h-18h15 | Samedi : 9h-12h et 14h-18h15</horaires> <type>PARTIC</type> <barriere>Inconnu</barriere> <compteOuvert>Inconnu</compteOuvert> <carte>Inconnu</carte> <blacklist>false</blacklist> <Point> <coordinates>-1.392256,46.454765,0</coordinates> </Point> </Placemark> <Placemark> <id>1647</id> <name>Decheterie Beaurepaire</name> <description>Route Romans 38270 Beaurepaire</description> <horaires>L;S : 9h-12h.14h-18h;Me : 9h-12h;J;V : 14h-18h Le lundi matin l'accès est reservé aux commerçants</horaires> <type>PARTIC</type> <barriere>Inconnu</barriere> <compteOuvert>Inconnu</compteOuvert> <carte>Inconnu</carte> <blacklist>false</blacklist> <Point> <coordinates>-1.079548,46.911487,0</coordinates> </Point> </Placemark> <Placemark> <id>1648</id> <name>Decheterie Chantonnay</name> <description>Le Champ Roux 85110 Chantonnay</description> <horaires>Du lundi au Vendredi 13h30-18h30</horaires> <type>PARTIC</type> <barriere>Inconnu</barriere> <compteOuvert>Inconnu</compteOuvert> <carte>Inconnu</carte> <blacklist>false</blacklist> <Point> <coordinates>-1.063808,46.7027,0</coordinates> </Point> </Placemark> <Placemark> <id>1649</id> <name>Decheterie Fontenay-le-Comte</name> <description>Boulevard des Champs Marot 85201 FONTENAY-LE-COMTE</description> <horaires>Lundi, Mardi, Mercredi, Vendredi, Samedi hiver : 9h30 à 17h été : 9h30 à 19h</horaires> <type>PARTIC</type> <barriere>Inconnu</barriere> <compteOuvert>Inconnu</compteOuvert> <carte>Inconnu</carte> <blacklist>false</blacklist> <Point> <coordinates>-0.793546,46.447369,0</coordinates> </Point> </Placemark> <Placemark> <id>1650</id> <name>Decheterie Le Poiré-sur-Vie</name> <description>Route de la Genétouze 85170 Le Poiré-sur-Vie</description> <horaires>Du lundi au Vendredi 13h30-18h30</horaires> <type>PARTIC</type> <barriere>Inconnu</barriere> <compteOuvert>Inconnu</compteOuvert> <carte>Inconnu</carte> <blacklist>false</blacklist> <Point> <coordinates>-1.510909,46.759204,0</coordinates> </Point> </Placemark> <Placemark> <id>1651</id> <name>Decheterie L'Hermenault</name> <description>Za d'Ault 80460 AULT</description> <horaires>lundi : 14h-18h autres jours : 9h-12h/14h-18h</horaires> <type>PARTIC</type> <barriere>Inconnu</barriere> <compteOuvert>Inconnu</compteOuvert> <carte>Inconnu</carte> <blacklist>false</blacklist> <Point> <coordinates>-0.903706,46.506895,0</coordinates> </Point> </Placemark> <Placemark> <id>1652</id> <name>Decheterie Aizenay</name> <description>La Bobinière 85190 AIZENAY</description> <horaires></horaires> <type>PARTIC</type> <barriere>Inconnu</barriere> <compteOuvert>Inconnu</compteOuvert> <carte>Inconnu</carte> <blacklist>false</blacklist> <Point> <coordinates>-1.640068,46.749625,0</coordinates> </Point> </Placemark> <Placemark> <id>1653</id> <name>Decheterie Challans</name> <description>Rue des Artisans 85300 Challans</description> <horaires>Du lundi au Vendredi 13h30-18h30</horaires> <type>PARTIC</type> <barriere>Inconnu</barriere> <compteOuvert>Inconnu</compteOuvert> <carte>Inconnu</carte> <blacklist>false</blacklist> <Point> <coordinates>-1.864023,46.860526,0</coordinates> </Point> </Placemark> <Placemark> <id>1654</id> <name>Decheterie Beauvoir-sur-Mer</name> <description>Zone Artisanale Route de Nantes 85230 BEAUVOIR-SUR-MER</description> <horaires>Lundi, Mercredi, Vendredi, Samedi</horaires> <type>PARTIC</type> <barriere>Inconnu</barriere> <compteOuvert>Inconnu</compteOuvert> <carte>Inconnu</carte> <blacklist>false</blacklist> <Point> <coordinates>-2.04176,46.924651,0</coordinates> </Point> </Placemark> <Placemark> <id>1655</id> <name>Decheterie Essarts</name> <description>Zone Industrielle 85140 Essarts</description> <horaires>lundi, vendredi, samedi : 9h-12h, 14h-18h | mardi, mercredi, jeudi : 9h-12h</horaires> <type>PARTIC</type> <barriere>Inconnu</barriere> <compteOuvert>Inconnu</compteOuvert> <carte>Inconnu</carte> <blacklist>false</blacklist> <Point> <coordinates>-1.245215,46.762386,0</coordinates> </Point> </Placemark> <Placemark> <id>1656</id> <name>Decheterie Le Bernard</name> <description>Le Grand Moulin 85560 Le Bernard</description> <horaires>Du lundi au Vendredi 13h30-18h30</horaires> <type>PARTIC</type> <barriere>Inconnu</barriere> <compteOuvert>Inconnu</compteOuvert> <carte>Inconnu</carte> <blacklist>false</blacklist> <Point> <coordinates>-1.478319,46.443318,0</coordinates> </Point> </Placemark> <Placemark> <id>1657</id> <name>Decheterie La Faute-sur-Mer</name> <description>la Prise de la Bonne-femme 85460 La Faute-sur-Mer</description> <horaires>Du lundi au Vendredi 13h30-18h30</horaires> <type>PARTIC</type> <barriere>Inconnu</barriere> <compteOuvert>Inconnu</compteOuvert> <carte>Inconnu</carte> <blacklist>false</blacklist> <Point> <coordinates>-1.343278,46.345177,0</coordinates> </Point> </Placemark> <Placemark> <id>1658</id> <name>Decheterie Herbiers</name> <description>la Trebussonnière 85500 Herbiers</description> <horaires>Toute l'année : | Lundi, Mercredi, Vendredi et Samedi : 9h-12h et 14h30-17h30 | Mardi et Jeudi : 14h30-17h30</horaires> <type>PARTIC</type> <barriere>Inconnu</barriere> <compteOuvert>Inconnu</compteOuvert> <carte>Inconnu</carte> <blacklist>false</blacklist> <Point> <coordinates>-1.038549,46.843569,0</coordinates> </Point> </Placemark> <Placemark> <id>1659</id> <name>Decheterie Coëx</name> <description>85220 Coëx</description> <horaires>lundi: 8h30-12h mercredi samedi:8h30-12h 14h-17h Fermeture à 18h du 01/04 au 30/09</horaires> <type>PARTIC</type> <barriere>Inconnu</barriere> <compteOuvert>Inconnu</compteOuvert> <carte>Inconnu</carte> <blacklist>false</blacklist> <Point> <coordinates>-1.795617,46.740115,0</coordinates> </Point> </Placemark> <Placemark> <id>1660</id> <name>Decheterie La Roche-sur-Yon</name> <description>Sainte-anne 85000 La Roche-sur-Yon</description> <horaires>du 01/10 au 31/03 : Lundi à vendredi 9h-12h et 13h30-17h30 | Samedi 9h-17h30 | du 01/04 au 30/09 : Lundi à Vendredi 9h-12h et 14h-18h | Samedi 9h-18h</horaires> <type>PARTIC</type> <barriere>Inconnu</barriere> <compteOuvert>Inconnu</compteOuvert> <carte>Inconnu</carte> <blacklist>false</blacklist> <Point> <coordinates>-1.425186,46.703606,0</coordinates> </Point> </Placemark> <Placemark> <id>1661</id> <name>Decheterie La Roche-sur-Yon</name> <description>Zi Belle Place 85000 La Roche-sur-Yon</description> <horaires>du 01/10 au 31/03 : Lundi à vendredi 9h-12h et 13h30-17h30 | Samedi 9h-17h30 | du 01/04 au 30/09 : Lundi à Vendredi 9h-12h et 14h-18h | Samedi 9h-18h</horaires> <type>PARTIC</type> <barriere>Inconnu</barriere> <compteOuvert>Inconnu</compteOuvert> <carte>Inconnu</carte> <blacklist>false</blacklist> <Point> <coordinates>-1.414793,46.640981,0</coordinates> </Point> </Placemark> <Placemark> <id>1662</id> <name>Decheterie Chavagnes-en-Paillers</name> <description>La Jousselière 85250 CHAVAGNES-EN-PAILLERS</description> <horaires>lundi: 10-12h; mercredi 14-18h; vendredi: 14-18h; samedi: 9-12h, 14-18h</horaires> <type>PARTIC</type> <barriere>Inconnu</barriere> <compteOuvert>Inconnu</compteOuvert> <carte>Inconnu</carte> <blacklist>false</blacklist> <Point> <coordinates>-1.287588,46.862315,0</coordinates> </Point> </Placemark> <Placemark> <id>1663</id> <name>Decheterie L'ile-d'Yeu</name> <description>Mairie 85350 L'ile-d'Yeu</description> <horaires>Hiver (du 01/09 au 30/06) : | Lundi, Mercredi, Vendredi et Samedi : 9h-12h et 14h-17h | Jeudi : 14h-17h | Eté (du 01/07 au 31/08) : Lundi, Mercredi, Jeudi, Vendredi et Samedi : 8h-12h et 14h-17h | Mardi : 8h-12h</horaires> <type>PARTIC</type> <barriere>Inconnu</barriere> <compteOuvert>Inconnu</compteOuvert> <carte>Inconnu</carte> <blacklist>false</blacklist> <Point> <coordinates>-2.3613,46.714454,0</coordinates> </Point> </Placemark> <Placemark> <id>1664</id> <name>Decheterie Boufféré</name> <description>CD.753 85600 Boufféré</description> <horaires>Du lundi au Vendredi 13h30-18h30</horaires> <type>PARTIC</type> <barriere>Inconnu</barriere> <compteOuvert>Inconnu</compteOuvert> <carte>Inconnu</carte> <blacklist>false</blacklist> <Point> <coordinates>-1.355177,46.974306,0</coordinates> </Point> </Placemark> <Placemark> <id>1665</id> <name>Decheterie Belleville-sur-Vie</name> <description>ZI du Pain Perdu 69220 Belleville</description> <horaires>Du 06/10/2007 au 31/12/2008En saison estivale de mai à septembre : ouvert du lundi au vendredi de 14h à 19h et le samedi de 9h à 12h et de 13h30 à 18h. En basse saison d'octobre à avril : ouvert du lundi au vendredi de 14h à 18h30 et le samedi de 9h à 12h et de 13h30 à 17h. Fermé les jours fériés.</horaires> <type>PARTIC</type> <barriere>Inconnu</barriere> <compteOuvert>Inconnu</compteOuvert> <carte>Inconnu</carte> <blacklist>false</blacklist> <Point> <coordinates>-1.421947,46.781823,0</coordinates> </Point> </Placemark> <Placemark> <id>1666</id> <name>Decheterie La Verrie</name> <description>Pôle du Landreau 85130 La Verrie</description> <horaires> lundi : 9h-12h et 14h-18h | mercredi, vendredi : 14h-18h | jeudi : 9h-12h | samedi : 8h-12h et 14h-18h</horaires> <type>PARTIC</type> <barriere>Inconnu</barriere> <compteOuvert>Inconnu</compteOuvert> <carte>Inconnu</carte> <blacklist>false</blacklist> <Point> <coordinates>-0.966869,46.978479,0</coordinates> </Point> </Placemark> <Placemark> <id>1667</id> <name>Decheterie La Chapelle-Thémer</name> <description>La Savonette 85210 La Chapelle-Thémer</description> <horaires>Du lundi au Vendredi 13h30-18h30</horaires> <type>PARTIC</type> <barriere>Inconnu</barriere> <compteOuvert>Inconnu</compteOuvert> <carte>Inconnu</carte> <blacklist>false</blacklist> <Point> <coordinates>-0.954209,46.575076,0</coordinates> </Point> </Placemark> <Placemark> <id>1668</id> <name>Decheterie Benet</name> <description>Lieu Dit le Chateau Gaillard 85490 Benet</description> <horaires>Du lundi au Vendredi 13h30-18h30</horaires> <type>PARTIC</type> <barriere>Inconnu</barriere> <compteOuvert>Inconnu</compteOuvert> <carte>Inconnu</carte> <blacklist>false</blacklist> <Point> <coordinates>-0.627316,46.374578,0</coordinates> </Point> </Placemark> <Placemark> <id>1669</id> <name>Decheterie Chaillé-les-Marais</name> <description>Route de Vouillé 85450 Chaillé-les-Marais</description> <horaires>Du lundi au Vendredi 13h30-18h30</horaires> <type>PARTIC</type> <barriere>Inconnu</barriere> <compteOuvert>Inconnu</compteOuvert> <carte>Inconnu</carte> <blacklist>false</blacklist> <Point> <coordinates>-1.003511,46.386231,0</coordinates> </Point> </Placemark> <Placemark> <id>1670</id> <name>Decheterie Rocheservière</name> <description>Lieu Dit Soulette 85620 Rocheservière</description> <horaires>Lundi 9-12h</horaires> <type>PARTIC</type> <barriere>Inconnu</barriere> <compteOuvert>Inconnu</compteOuvert> <carte>Inconnu</carte> <blacklist>false</blacklist> <Point> <coordinates>-1.502052,46.949128,0</coordinates> </Point> </Placemark> <Placemark> <id>1671</id> <name>Decheterie Saint-Fulgent</name> <description>Doulay 85250 Saint-Fulgent</description> <horaires>Du lundi au Vendredi 13h30-18h30</horaires> <type>PARTIC</type> <barriere>Inconnu</barriere> <compteOuvert>Inconnu</compteOuvert> <carte>Inconnu</carte> <blacklist>false</blacklist> <Point> <coordinates>-1.156666,46.872654,0</coordinates> </Point> </Placemark> <Placemark> <id>1672</id> <name>Decheterie Saint-Hilaire-des-Loges</name> <description>Z.I. Le Plô 11250 SAINT-HILAIRE</description> <horaires></horaires> <type>PARTIC</type> <barriere>Inconnu</barriere> <compteOuvert>Inconnu</compteOuvert> <carte>Inconnu</carte> <blacklist>false</blacklist> <Point> <coordinates>-0.654334,46.471335,0</coordinates> </Point> </Placemark> <Placemark> <id>1673</id> <name>Decheterie Saint-Mathurin</name> <description>Za - Route des Sables 85150 Saint-Mathurin</description> <horaires>Du lundi au Vendredi 13h30-18h30</horaires> <type>PARTIC</type> <barriere>Inconnu</barriere> <compteOuvert>Inconnu</compteOuvert> <carte>Inconnu</carte> <blacklist>false</blacklist> <Point> <coordinates>-1.71947,46.55623,0</coordinates> </Point> </Placemark> <Placemark> <id>1674</id> <name>Decheterie Saint-Vincent-sur-Graon</name> <description>79500 SAINT VINCENT</description> <horaires></horaires> <type>PARTIC</type> <barriere>Inconnu</barriere> <compteOuvert>Inconnu</compteOuvert> <carte>Inconnu</carte> <blacklist>false</blacklist> <Point> <coordinates>-1.435579,46.517737,0</coordinates> </Point> </Placemark> <Placemark> <id>1675</id> <name>Decheterie Sainte-Hermine</name> <description>Lieu-dit Choreau 85210 Sainte-Hermine</description> <horaires>Mardi: 9h-12h/14h15-17h15 | Mercredi, Vendredi: 9h-12h | Jeudi, Samedi: 14h15/17h15</horaires> <type>PARTIC</type> <barriere>Inconnu</barriere> <compteOuvert>Inconnu</compteOuvert> <carte>Inconnu</carte> <blacklist>false</blacklist> <Point> <coordinates>-1.055413,46.549738,0</coordinates> </Point> </Placemark> <Placemark> <id>1676</id> <name>Decheterie Talmont-Saint-Hilaire</name> <description>Z.I. Le Plô 11250 SAINT-HILAIRE</description> <horaires></horaires> <type>PARTIC</type> <barriere>Inconnu</barriere> <compteOuvert>Inconnu</compteOuvert> <carte>Inconnu</carte> <blacklist>false</blacklist> <Point> <coordinates>-1.64807,46.503716,0</coordinates> </Point> </Placemark> <Placemark> <id>1677</id> <name>Decheterie Thorigny</name> <description>CD.29 85480 Thorigny</description> <horaires>Du lundi au Vendredi 13h30-18h30</horaires> <type>PARTIC</type> <barriere>Inconnu</barriere> <compteOuvert>Inconnu</compteOuvert> <carte>Inconnu</carte> <blacklist>false</blacklist> <Point> <coordinates>-1.277882,46.644482,0</coordinates> </Point> </Placemark> <Placemark> <id>1678</id> <name>Decheterie Vendrennes</name> <description>Avenue Charles Tillou, Villejean 35067 Rennes</description> <horaires>9h-12h 14h-18h</horaires> <type>PARTIC</type> <barriere>Inconnu</barriere> <compteOuvert>Inconnu</compteOuvert> <carte>Inconnu</carte> <blacklist>false</blacklist> <Point> <coordinates>-1.116375,46.83443,0</coordinates> </Point> </Placemark> <Placemark> <id>1679</id> <name>Decheterie Vix</name> <description>Rue des 6 Moulins 85770 Vix</description> <horaires>Hiver 01/10-31/03: | mardi, mercredi, vendredi, samedi : 9h-12h et 14h-16h45 | jeudi : 14h-16h45 | Eté 01/40-30/09 : mardi, mercredi, vendredi, samedi : 9h-12h30 et 14h-18h15 | jeudi : 14h-18h15</horaires> <type>PARTIC</type> <barriere>Inconnu</barriere> <compteOuvert>Inconnu</compteOuvert> <carte>Inconnu</carte> <blacklist>false</blacklist> <Point> <coordinates>-0.872305,46.369337,0</coordinates> </Point> </Placemark> <Placemark> <id>1680</id> <name>Decheterie Venansault</name> <description>Za d'Ault 80460 AULT</description> <horaires>lundi : 14h-18h autres jours : 9h-12h/14h-18h</horaires> <type>PARTIC</type> <barriere>Inconnu</barriere> <compteOuvert>Inconnu</compteOuvert> <carte>Inconnu</carte> <blacklist>false</blacklist> <Point> <coordinates>-1.511649,46.654348,0</coordinates> </Point> </Placemark> <Placemark> <id>1681</id> <name>Decheterie Poitiers</name> <description>Les Hauts Bois 86000 POITIERS</description> <horaires></horaires> <type>PARTIC</type> <barriere>Inconnu</barriere> <compteOuvert>Inconnu</compteOuvert> <carte>Inconnu</carte> <blacklist>false</blacklist> <Point> <coordinates>0.3882,46.594983,0</coordinates> </Point> </Placemark> <Placemark> <id>1682</id> <name>Decheterie Poitiers</name> <description>Les Hauts Bois 86000 POITIERS</description> <horaires></horaires> <type>PARTIC</type> <barriere>Inconnu</barriere> <compteOuvert>Inconnu</compteOuvert> <carte>Inconnu</carte> <blacklist>false</blacklist> <Point> <coordinates>0.307573,46.550562,0</coordinates> </Point> </Placemark> <Placemark> <id>1683</id> <name>Decheterie Bonneuil-Matours</name> <description>BONNEUIL-MATOURS 86210 BONNEUIL-MATOURS</description> <horaires></horaires> <type>PARTIC</type> <barriere>Inconnu</barriere> <compteOuvert>Inconnu</compteOuvert> <carte>Inconnu</carte> <blacklist>false</blacklist> <Point> <coordinates>0.587916,46.688761,0</coordinates> </Point> </Placemark> <Placemark> <id>1684</id> <name>Decheterie Chaunay</name> <description>86510 CHAUNAY</description> <horaires>Horaires inconnues !</horaires> <type>PARTIC</type> <barriere>Inconnu</barriere> <compteOuvert>Inconnu</compteOuvert> <carte>Inconnu</carte> <blacklist>false</blacklist> <Point> <coordinates>1.453179,48.411515,0</coordinates> </Point> </Placemark> <Placemark> <id>1685</id> <name>Decheterie Ingrandes</name> <description>Champs Chemin de la Haye 86220 INGRANDES</description> <horaires></horaires> <type>PARTIC</type> <barriere>Inconnu</barriere> <compteOuvert>Inconnu</compteOuvert> <carte>Inconnu</carte> <blacklist>false</blacklist> <Point> <coordinates>0.56624,46.86879,0</coordinates> </Point> </Placemark> <Placemark> <id>1686</id> <name>Decheterie La Grimaudière</name> <description>la Grimaudière 86330 La Grimaudière</description> <horaires></horaires> <type>PARTIC</type> <barriere>Inconnu</barriere> <compteOuvert>Inconnu</compteOuvert> <carte>Inconnu</carte> <blacklist>false</blacklist> <Point> <coordinates>0.022251,46.810286,0</coordinates> </Point> </Placemark> <Placemark> <id>1687</id> <name>Decheterie La Villedieu-du-Clain</name> <description>86340 LA VILLEDIEU-DU-CLAIN</description> <horaires></horaires> <type>PARTIC</type> <barriere>Inconnu</barriere> <compteOuvert>Inconnu</compteOuvert> <carte>Inconnu</carte> <blacklist>false</blacklist> <Point> <coordinates>0.377651,46.456963,0</coordinates> </Point> </Placemark> <Placemark> <id>1688</id> <name>Decheterie La Trimouille</name> <description>LA TRIMOUILLE 86290 LA TRIMOUILLE</description> <horaires></horaires> <type>PARTIC</type> <barriere>Inconnu</barriere> <compteOuvert>Inconnu</compteOuvert> <carte>Inconnu</carte> <blacklist>false</blacklist> <Point> <coordinates>1.035719,46.474305,0</coordinates> </Point> </Placemark> <Placemark> <id>1689</id> <name>Decheterie Lésigny</name> <description>Lésigny 86270 Lésigny</description> <horaires>Du lundi au Vendredi 13h30-18h30</horaires> <type>PARTIC</type> <barriere>Inconnu</barriere> <compteOuvert>Inconnu</compteOuvert> <carte>Inconnu</carte> <blacklist>false</blacklist> <Point> <coordinates>0.755812,46.845199,0</coordinates> </Point> </Placemark> <Placemark> <id>1690</id> <name>Decheterie Lusignan</name> <description>Route de Vivonne 86600 LUSIGNAN</description> <horaires></horaires> <type>PARTIC</type> <barriere>Inconnu</barriere> <compteOuvert>Inconnu</compteOuvert> <carte>Inconnu</carte> <blacklist>false</blacklist> <Point> <coordinates>0.130574,46.426693,0</coordinates> </Point> </Placemark> <Placemark> <id>1691</id> <name>Decheterie Messemé</name> <description>les Galuches 86200 Messemé</description> <horaires>Du lundi au Vendredi 13h30-18h30</horaires> <type>PARTIC</type> <barriere>Inconnu</barriere> <compteOuvert>Inconnu</compteOuvert> <carte>Inconnu</carte> <blacklist>false</blacklist> <Point> <coordinates>0.139483,47.013172,0</coordinates> </Point> </Placemark> <Placemark> <id>1692</id> <name>Decheterie Migné-Auxances</name> <description>Route de Parthenay 86440 Migné-Auxances</description> <horaires>Du lundi au Vendredi 13h30-18h30</horaires> <type>PARTIC</type> <barriere>Inconnu</barriere> <compteOuvert>Inconnu</compteOuvert> <carte>Inconnu</carte> <blacklist>false</blacklist> <Point> <coordinates>0.30857,46.60531,0</coordinates> </Point> </Placemark> <Placemark> <id>1693</id> <name>Decheterie Montmorillon</name> <description>rue sabotière 86500 MONTMORILLON</description> <horaires></horaires> <type>PARTIC</type> <barriere>Inconnu</barriere> <compteOuvert>Inconnu</compteOuvert> <carte>Inconnu</carte> <blacklist>false</blacklist> <Point> <coordinates>0.90207,46.430583,0</coordinates> </Point> </Placemark> <Placemark> <id>1694</id> <name>Decheterie Monts-sur-Guesnes</name> <description>Raguiteau 86420 MONTS-SUR-GUESNES</description> <horaires></horaires> <type>PARTIC</type> <barriere>Inconnu</barriere> <compteOuvert>Inconnu</compteOuvert> <carte>Inconnu</carte> <blacklist>false</blacklist> <Point> <coordinates>0.199544,46.923216,0</coordinates> </Point> </Placemark> <Placemark> <id>1695</id> <name>Decheterie Pleumartin</name> <description>Avenue Jules Ferry 86450 PLEUMARTIN</description> <horaires></horaires> <type>PARTIC</type> <barriere>Inconnu</barriere> <compteOuvert>Inconnu</compteOuvert> <carte>Inconnu</carte> <blacklist>false</blacklist> <Point> <coordinates>0.772716,46.739195,0</coordinates> </Point> </Placemark> <Placemark> <id>1696</id> <name>Decheterie Saint-Christophe</name> <description>Le lac de chougne 86230 SAINT CHRISTOPHE</description> <horaires></horaires> <type>PARTIC</type> <barriere>Inconnu</barriere> <compteOuvert>Inconnu</compteOuvert> <carte>Inconnu</carte> <blacklist>false</blacklist> <Point> <coordinates>0.391502,46.919792,0</coordinates> </Point> </Placemark> <Placemark> <id>1697</id> <name>Decheterie Saint-Georges-lès-Baillargeaux</name> <description>les Millas 86130 Saint-Georges-lès-Baillargeaux</description> <horaires>Du lundi au Vendredi 13h30-18h30</horaires> <type>PARTIC</type> <barriere>Inconnu</barriere> <compteOuvert>Inconnu</compteOuvert> <carte>Inconnu</carte> <blacklist>false</blacklist> <Point> <coordinates>0.415833,46.685799,0</coordinates> </Point> </Placemark> <Placemark> <id>1698</id> <name>Decheterie Saint-Pierre-d'Exideuil</name> <description>ZI 86400 SAINT-PIERRE-D'EXIDEUIL</description> <horaires></horaires> <type>PARTIC</type> <barriere>Inconnu</barriere> <compteOuvert>Inconnu</compteOuvert> <carte>Inconnu</carte> <blacklist>false</blacklist> <Point> <coordinates>0.283674,46.152208,0</coordinates> </Point> </Placemark> <Placemark> <id>1699</id> <name>Decheterie Sèvres-Anxaumont</name> <description>Sèvres-Anxaumont 86800 Sèvres-Anxaumont</description> <horaires></horaires> <type>PARTIC</type> <barriere>Inconnu</barriere> <compteOuvert>Inconnu</compteOuvert> <carte>Inconnu</carte> <blacklist>false</blacklist> <Point> <coordinates>0.470959,46.57478,0</coordinates> </Point> </Placemark> <Placemark> <id>1700</id> <name>Decheterie Trois-Moutiers</name> <description>ZI 86120 TROIS-MOUTIERS</description> <horaires></horaires> <type>PARTIC</type> <barriere>Inconnu</barriere> <compteOuvert>Inconnu</compteOuvert> <carte>Inconnu</carte> <blacklist>false</blacklist> <Point> <coordinates>0.013051,47.066338,0</coordinates> </Point> </Placemark> <Placemark> <id>1701</id> <name>Decheterie Usson-du-Poitou</name> <description>Usson-du-Poitou 86350 Usson-du-Poitou</description> <horaires></horaires> <type>PARTIC</type> <barriere>Inconnu</barriere> <compteOuvert>Inconnu</compteOuvert> <carte>Inconnu</carte> <blacklist>false</blacklist> <Point> <coordinates>0.535911,46.282125,0</coordinates> </Point> </Placemark> <Placemark> <id>1702</id> <name>Decheterie Valdivienne</name> <description>Près de la centrale 86300 VALDIVIENNE</description> <horaires></horaires> <type>PARTIC</type> <barriere>Inconnu</barriere> <compteOuvert>Inconnu</compteOuvert> <carte>Inconnu</carte> <blacklist>false</blacklist> <Point> <coordinates>0.647978,46.474118,0</coordinates> </Point> </Placemark> <Placemark> <id>1703</id> <name>Decheterie Verrières</name> <description>Chébrissé 86410 Verrières</description> <horaires></horaires> <type>PARTIC</type> <barriere>Inconnu</barriere> <compteOuvert>Inconnu</compteOuvert> <carte>Inconnu</carte> <blacklist>false</blacklist> <Point> <coordinates>0.586922,46.415873,0</coordinates> </Point> </Placemark> <Placemark> <id>1704</id> <name>Decheterie Vivonne</name> <description>D27 86370 VIVONNE</description> <horaires></horaires> <type>PARTIC</type> <barriere>Inconnu</barriere> <compteOuvert>Inconnu</compteOuvert> <carte>Inconnu</carte> <blacklist>false</blacklist> <Point> <coordinates>0.236039,46.416718,0</coordinates> </Point> </Placemark> <Placemark> <id>1705</id> <name>Decheterie Vouillé</name> <description>Beauregard 86190 Vouillé</description> <horaires></horaires> <type>PARTIC</type> <barriere>Inconnu</barriere> <compteOuvert>Inconnu</compteOuvert> <carte>Inconnu</carte> <blacklist>false</blacklist> <Point> <coordinates>0.178093,46.647485,0</coordinates> </Point> </Placemark> <Placemark> <id>1706</id> <name>Decheterie Vouzailles</name> <description>Route de Mirebeau 86170 VOUZAILLES</description> <horaires></horaires> <type>PARTIC</type> <barriere>Inconnu</barriere> <compteOuvert>Inconnu</compteOuvert> <carte>Inconnu</carte> <blacklist>false</blacklist> <Point> <coordinates>0.098235,46.7146,0</coordinates> </Point> </Placemark> <Placemark> <id>1707</id> <name>Decheterie Doussay</name> <description>Le gué de Fontevraud 86140 DOUSSAY</description> <horaires></horaires> <type>PARTIC</type> <barriere>Inconnu</barriere> <compteOuvert>Inconnu</compteOuvert> <carte>Inconnu</carte> <blacklist>false</blacklist> <Point> <coordinates>0.30491,46.816923,0</coordinates> </Point> </Placemark> <Placemark> <id>1708</id> <name>Decheterie Chalandray</name> <description>Chemin de la Croix Verte 86190 CHALANDRAY</description> <horaires></horaires> <type>PARTIC</type> <barriere>Inconnu</barriere> <compteOuvert>Inconnu</compteOuvert> <carte>Inconnu</carte> <blacklist>false</blacklist> <Point> <coordinates>-0.006441,46.663052,0</coordinates> </Point> </Placemark> <Placemark> <id>1709</id> <name>Decheterie Châtellerault</name> <description>Za d'Ault 80460 AULT</description> <horaires>lundi : 14h-18h autres jours : 9h-12h/14h-18h</horaires> <type>PARTIC</type> <barriere>Inconnu</barriere> <compteOuvert>Inconnu</compteOuvert> <carte>Inconnu</carte> <blacklist>false</blacklist> <Point> <coordinates>0.533569,46.791107,0</coordinates> </Point> </Placemark> <Placemark> <id>1710</id> <name>Decheterie Châtellerault</name> <description>Za d'Ault 80460 AULT</description> <horaires>lundi : 14h-18h autres jours : 9h-12h/14h-18h</horaires> <type>PARTIC</type> <barriere>Inconnu</barriere> <compteOuvert>Inconnu</compteOuvert> <carte>Inconnu</carte> <blacklist>false</blacklist> <Point> <coordinates>0.528943,46.830797,0</coordinates> </Point> </Placemark> <Placemark> <id>1711</id> <name>Decheterie Gençay</name> <description>le Poirier Vert 86160 Gençay</description> <horaires>Du lundi au Vendredi 13h30-18h30</horaires> <type>PARTIC</type> <barriere>Inconnu</barriere> <compteOuvert>Inconnu</compteOuvert> <carte>Inconnu</carte> <blacklist>false</blacklist> <Point> <coordinates>0.429565,46.366249,0</coordinates> </Point> </Placemark> <Placemark> <id>1712</id> <name>Decheterie Marnay</name> <description>La Grange Neuve 86160 MARNAY</description> <horaires></horaires> <type>PARTIC</type> <barriere>Inconnu</barriere> <compteOuvert>Inconnu</compteOuvert> <carte>Inconnu</carte> <blacklist>false</blacklist> <Point> <coordinates>0.326042,46.395048,0</coordinates> </Point> </Placemark> <Placemark> <id>1713</id> <name>Decheterie Buxeuil</name> <description>Route de Saint Rémy 37160 BUXEUIL</description> <horaires></horaires> <type>PARTIC</type> <barriere>Inconnu</barriere> <compteOuvert>Inconnu</compteOuvert> <carte>Inconnu</carte> <blacklist>false</blacklist> <Point> <coordinates>0.692837,46.96214,0</coordinates> </Point> </Placemark> <Placemark> <id>1714</id> <name>Decheterie Millac</name> <description>Sortie L'Isle Jourdain direction Adrier 86150 MILLAC</description> <horaires></horaires> <type>PARTIC</type> <barriere>Inconnu</barriere> <compteOuvert>Inconnu</compteOuvert> <carte>Inconnu</carte> <blacklist>false</blacklist> <Point> <coordinates>0.709178,46.230422,0</coordinates> </Point> </Placemark> <Placemark> <id>1715</id> <name>Decheterie Lathus-Saint-Rémy</name> <description>Z.I les Alouettes 14570 Saint-Rémy</description> <horaires></horaires> <type>PARTIC</type> <barriere>Inconnu</barriere> <compteOuvert>Inconnu</compteOuvert> <carte>Inconnu</carte> <blacklist>false</blacklist> <Point> <coordinates>0.954172,46.333772,0</coordinates> </Point> </Placemark> <Placemark> <id>1716</id> <name>Decheterie Lussac-les-Châteaux</name> <description>Lussac-les-Châteaux 86320 Lussac-les-Châteaux</description> <horaires>Du lundi au Vendredi 13h30-18h30</horaires> <type>PARTIC</type> <barriere>Inconnu</barriere> <compteOuvert>Inconnu</compteOuvert> <carte>Inconnu</carte> <blacklist>false</blacklist> <Point> <coordinates>0.7385,46.401724,0</coordinates> </Point> </Placemark> <Placemark> <id>1717</id> <name>Decheterie Antran</name> <description>Le Haut Chandigon 86100 ANTRAN</description> <horaires></horaires> <type>PARTIC</type> <barriere>Inconnu</barriere> <compteOuvert>Inconnu</compteOuvert> <carte>Inconnu</carte> <blacklist>false</blacklist> <Point> <coordinates>0.525231,46.90406,0</coordinates> </Point> </Placemark> <Placemark> <id>1718</id> <name>Decheterie Ayron</name> <description>Les Bardières 86190 AYRON</description> <horaires></horaires> <type>PARTIC</type> <barriere>Inconnu</barriere> <compteOuvert>Inconnu</compteOuvert> <carte>Inconnu</carte> <blacklist>false</blacklist> <Point> <coordinates>0.065337,46.667902,0</coordinates> </Point> </Placemark> <Placemark> <id>1719</id> <name>Decheterie Cissé</name> <description>Braille Ouaille 86170 Cissé</description> <horaires>Du lundi au Vendredi 13h30-18h30</horaires> <type>PARTIC</type> <barriere>Inconnu</barriere> <compteOuvert>Inconnu</compteOuvert> <carte>Inconnu</carte> <blacklist>false</blacklist> <Point> <coordinates>0.208736,46.66165,0</coordinates> </Point> </Placemark> <Placemark> <id>1720</id> <name>Decheterie Naintré</name> <description>Zi de la Naurais Bachaud 86530 Naintré</description> <horaires>Du lundi au Vendredi 13h30-18h30</horaires> <type>PARTIC</type> <barriere>Inconnu</barriere> <compteOuvert>Inconnu</compteOuvert> <carte>Inconnu</carte> <blacklist>false</blacklist> <Point> <coordinates>0.486574,46.750784,0</coordinates> </Point> </Placemark> <Placemark> <id>1721</id> <name>Decheterie Bonnes</name> <description>Bois Carré 86300 BONNES</description> <horaires></horaires> <type>PARTIC</type> <barriere>Inconnu</barriere> <compteOuvert>Inconnu</compteOuvert> <carte>Inconnu</carte> <blacklist>false</blacklist> <Point> <coordinates>0.585661,46.604692,0</coordinates> </Point> </Placemark> <Placemark> <id>1722</id> <name>Decheterie Mirebeau</name> <description>Gaurie 86110 MIREBEAU</description> <horaires></horaires> <type>PARTIC</type> <barriere>Inconnu</barriere> <compteOuvert>Inconnu</compteOuvert> <carte>Inconnu</carte> <blacklist>false</blacklist> <Point> <coordinates>0.167484,46.786027,0</coordinates> </Point> </Placemark> <Placemark> <id>1723</id> <name>Decheterie Ormes</name> <description>86220 ORMES</description> <horaires></horaires> <type>PARTIC</type> <barriere>Inconnu</barriere> <compteOuvert>Inconnu</compteOuvert> <carte>Inconnu</carte> <blacklist>false</blacklist> <Point> <coordinates>0.604941,46.960974,0</coordinates> </Point> </Placemark> <Placemark> <id>1724</id> <name>Decheterie Fontaine-le-Comte</name> <description>Route de Béruges 86240 FONTAINE LE COMTE</description> <horaires></horaires> <type>PARTIC</type> <barriere>Inconnu</barriere> <compteOuvert>Inconnu</compteOuvert> <carte>Inconnu</carte> <blacklist>false</blacklist> <Point> <coordinates>0.251891,46.540586,0</coordinates> </Point> </Placemark> <Placemark> <id>1725</id> <name>Decheterie Latillé</name> <description>la Giborlière 86190 Latillé</description> <horaires>Du lundi au Vendredi 13h30-18h30</horaires> <type>PARTIC</type> <barriere>Inconnu</barriere> <compteOuvert>Inconnu</compteOuvert> <carte>Inconnu</carte> <blacklist>false</blacklist> <Point> <coordinates>0.070948,46.594968,0</coordinates> </Point> </Placemark> <Placemark> <id>1726</id> <name>Decheterie Iteuil</name> <description>Direction RN10 86240 ITEUIL</description> <horaires></horaires> <type>PARTIC</type> <barriere>Inconnu</barriere> <compteOuvert>Inconnu</compteOuvert> <carte>Inconnu</carte> <blacklist>false</blacklist> <Point> <coordinates>0.298369,46.488078,0</coordinates> </Point> </Placemark> <Placemark> <id>1727</id> <name>Decheterie Nieuil-l'Espoir</name> <description>86340 NIEUIL-L'ESPOIR</description> <horaires></horaires> <type>PARTIC</type> <barriere>Inconnu</barriere> <compteOuvert>Inconnu</compteOuvert> <carte>Inconnu</carte> <blacklist>false</blacklist> <Point> <coordinates>0.46734,46.481596,0</coordinates> </Point> </Placemark> <Placemark> <id>1728</id> <name>Decheterie Ligugé</name> <description>Zone des Hérondières 86240 Ligugé</description> <horaires>Du lundi au Vendredi 13h30-18h30</horaires> <type>PARTIC</type> <barriere>Inconnu</barriere> <compteOuvert>Inconnu</compteOuvert> <carte>Inconnu</carte> <blacklist>false</blacklist> <Point> <coordinates>0.314252,46.519454,0</coordinates> </Point> </Placemark> <Placemark> <id>1729</id> <name>Decheterie Chauvigny</name> <description>ZI du Peuron 86300 CHAUVIGNY</description> <horaires></horaires> <type>PARTIC</type> <barriere>Inconnu</barriere> <compteOuvert>Inconnu</compteOuvert> <carte>Inconnu</carte> <blacklist>false</blacklist> <Point> <coordinates>0.628875,46.560461,0</coordinates> </Point> </Placemark> <Placemark> <id>1730</id> <name>Decheterie Charroux</name> <description>Zone Artisanale 86250 CHARROUX</description> <horaires></horaires> <type>PARTIC</type> <barriere>Inconnu</barriere> <compteOuvert>Inconnu</compteOuvert> <carte>Inconnu</carte> <blacklist>false</blacklist> <Point> <coordinates>0.412456,46.127949,0</coordinates> </Point> </Placemark> <Placemark> <id>1731</id> <name>Decheterie Nouaillé-Maupertuis</name> <description>Quartier de Gourre d'Aure 84120 Pertuis</description> <horaires>Du lundi au samedi 8h30-12h/14h30-18h Dimanche : 9-12h</horaires> <type>PARTIC</type> <barriere>Inconnu</barriere> <compteOuvert>Inconnu</compteOuvert> <carte>Inconnu</carte> <blacklist>false</blacklist> <Point> <coordinates>0.416308,46.514563,0</coordinates> </Point> </Placemark> <Placemark> <id>1732</id> <name>Decheterie Quinçay</name> <description>Route du Stade 86190 Quinçay</description> <horaires>Du lundi au Vendredi 13h30-18h30</horaires> <type>PARTIC</type> <barriere>Inconnu</barriere> <compteOuvert>Inconnu</compteOuvert> <carte>Inconnu</carte> <blacklist>false</blacklist> <Point> <coordinates>0.230038,46.602422,0</coordinates> </Point> </Placemark> <Placemark> <id>1733</id> <name>Decheterie Roches-Prémarie-Andillé</name> <description>la Dormille 86340 Roches-Prémarie-Andillé</description> <horaires></horaires> <type>PARTIC</type> <barriere>Inconnu</barriere> <compteOuvert>Inconnu</compteOuvert> <carte>Inconnu</carte> <blacklist>false</blacklist> <Point> <coordinates>0.373568,46.492455,0</coordinates> </Point> </Placemark> <Placemark> <id>1734</id> <name>Decheterie Saint-Clair</name> <description>Route de Vâtre 86330 SAINT-CLAIR</description> <horaires></horaires> <type>PARTIC</type> <barriere>Inconnu</barriere> <compteOuvert>Inconnu</compteOuvert> <carte>Inconnu</carte> <blacklist>false</blacklist> <Point> <coordinates>0.058567,46.891618,0</coordinates> </Point> </Placemark> <Placemark> <id>1735</id> <name>Decheterie Saint-Julien-l'Ars</name> <description>Route de la Verdière 83560 SAINT-JULIEN</description> <horaires>Lundi, Mardi, Mercredi, Jeudi, Vendredi, Samedi : été : 13h30 - 18h00 hiver : 13h30-17h30</horaires> <type>PARTIC</type> <barriere>Inconnu</barriere> <compteOuvert>Inconnu</compteOuvert> <carte>Inconnu</carte> <blacklist>false</blacklist> <Point> <coordinates>0.501214,46.56001,0</coordinates> </Point> </Placemark> <Placemark> <id>1736</id> <name>Decheterie Saint-Pierre-de-Maillé</name> <description>Rue des Mines 59171 ERRE</description> <horaires>Eté (01/03 au 28/02) : Lundi au samedi : 9 h-12h / 13h-19h dimanche: 9h-12h Hiver (01/11 au 28/02) : Lundi au samedi : 9 h-12h / 13h-17h dimanche: 9h-12h</horaires> <type>PARTIC</type> <barriere>Inconnu</barriere> <compteOuvert>Inconnu</compteOuvert> <carte>Inconnu</carte> <blacklist>false</blacklist> <Point> <coordinates>0.843005,46.683086,0</coordinates> </Point> </Placemark> <Placemark> <id>1737</id> <name>Decheterie Saint-Savin</name> <description>Les Pierrières 86310 SAINT SAVIN</description> <horaires></horaires> <type>PARTIC</type> <barriere>Inconnu</barriere> <compteOuvert>Inconnu</compteOuvert> <carte>Inconnu</carte> <blacklist>false</blacklist> <Point> <coordinates>0.849651,46.562944,0</coordinates> </Point> </Placemark> <Placemark> <id>1738</id> <name>Decheterie Smarves</name> <description>86240 SMARVES</description> <horaires></horaires> <type>PARTIC</type> <barriere>Inconnu</barriere> <compteOuvert>Inconnu</compteOuvert> <carte>Inconnu</carte> <blacklist>false</blacklist> <Point> <coordinates>0.352286,46.50356,0</coordinates> </Point> </Placemark> <Placemark> <id>1739</id> <name>Decheterie Vendeuvre-du-Poitou</name> <description>ZA du Bois de la Grève 86380 VENDEUVRE-DU-POITOU</description> <horaires></horaires> <type>PARTIC</type> <barriere>Inconnu</barriere> <compteOuvert>Inconnu</compteOuvert> <carte>Inconnu</carte> <blacklist>false</blacklist> <Point> <coordinates>0.293761,46.720265,0</coordinates> </Point> </Placemark> <Placemark> <id>1740</id> <name>Decheterie Vernon</name> <description>route de Dienné 86340 VERNON</description> <horaires></horaires> <type>PARTIC</type> <barriere>Inconnu</barriere> <compteOuvert>Inconnu</compteOuvert> <carte>Inconnu</carte> <blacklist>false</blacklist> <Point> <coordinates>0.483805,46.440345,0</coordinates> </Point> </Placemark> <Placemark> <id>1741</id> <name>Decheterie Ballancourt-sur-Essonne</name> <description>Lieu-dit la Vallée 91610 Ballancourt-sur-Essonne</description> <horaires>Du lundi au Vendredi 13h30-18h30</horaires> <type>PARTIC</type> <barriere>Inconnu</barriere> <compteOuvert>Inconnu</compteOuvert> <carte>Inconnu</carte> <blacklist>false</blacklist> <Point> <coordinates>2.390211,48.512034,0</coordinates> </Point> </Placemark> <Placemark> <id>1742</id> <name>Decheterie Étampes</name> <description>Zi d'Etampes 91150 Étampes</description> <horaires>Du lundi au Vendredi 13h30-18h30</horaires> <type>PARTIC</type> <barriere>Inconnu</barriere> <compteOuvert>Inconnu</compteOuvert> <carte>Inconnu</carte> <blacklist>false</blacklist> <Point> <coordinates>2.148756,48.450844,0</coordinates> </Point> </Placemark> <Placemark> <id>1743</id> <name>Decheterie Milly-la-Forêt</name> <description>ZAC du Chesnay 91490 Milly-la-Forêt</description> <horaires>Du lundi au Vendredi 13h30-18h30</horaires> <type>PARTIC</type> <barriere>Inconnu</barriere> <compteOuvert>Inconnu</compteOuvert> <carte>Inconnu</carte> <blacklist>false</blacklist> <Point> <coordinates>2.415024,48.396543,0</coordinates> </Point> </Placemark> <Placemark> <id>1744</id> <name>Decheterie Nozay</name> <description>Rd 59 Chemin des Boeufs 91620 Nozay</description> <horaires>Du lundi au Vendredi 13h30-18h30</horaires> <type>PARTIC</type> <barriere>Inconnu</barriere> <compteOuvert>Inconnu</compteOuvert> <carte>Inconnu</carte> <blacklist>false</blacklist> <Point> <coordinates>2.218918,48.665081,0</coordinates> </Point> </Placemark> <Placemark> <id>1745</id> <name>Decheterie Ris-Orangis</name> <description>Rue Paul Langevin 91000 Ris-Orangis</description> <horaires>Lundi, Mardi, Jeudi, Vendredi et Samedi : De 9h à 12h et de 13h à 17h Dimanche et Jours fériés : De 9h à 12h Horaires d'été : du 1er avril au 15 octobre, ouverture jusqu'à 18h en semaine Jours de fermeture : Mercredi, 25 décembre, 1er janvier et 1er mai</horaires> <type>PARTIC</type> <barriere>Inconnu</barriere> <compteOuvert>Inconnu</compteOuvert> <carte>Inconnu</carte> <blacklist>false</blacklist> <Point> <coordinates>2.397095,48.645235,0</coordinates> </Point> </Placemark> <Placemark> <id>1746</id> <name>Decheterie Saclas</name> <description>Rue de la Gare 91690 Saclas</description> <horaires>Du lundi au Vendredi 13h30-18h30</horaires> <type>PARTIC</type> <barriere>Inconnu</barriere> <compteOuvert>Inconnu</compteOuvert> <carte>Inconnu</carte> <blacklist>false</blacklist> <Point> <coordinates>2.133538,48.361753,0</coordinates> </Point> </Placemark> <Placemark> <id>1747</id> <name>Decheterie Saint-Chéron</name> <description>Chemin de la Juiniere 91530 Saint-Chéron</description> <horaires>Du lundi au Vendredi 13h30-18h30</horaires> <type>PARTIC</type> <barriere>Inconnu</barriere> <compteOuvert>Inconnu</compteOuvert> <carte>Inconnu</carte> <blacklist>false</blacklist> <Point> <coordinates>2.113587,48.5511,0</coordinates> </Point> </Placemark> <Placemark> <id>1748</id> <name>Decheterie Saint-Michel-sur-Orge</name> <description>Intersection de la Rue d'Alembert et Diderot 91240 Saint-Michel-sur-Orge</description> <horaires>Du lundi au Vendredi 13h30-18h30</horaires> <type>PARTIC</type> <barriere>Inconnu</barriere> <compteOuvert>Inconnu</compteOuvert> <carte>Inconnu</carte> <blacklist>false</blacklist> <Point> <coordinates>2.327514,48.620493,0</coordinates> </Point> </Placemark> <Placemark> <id>1749</id> <name>Decheterie Saint-Pierre-du-Perray</name> <description>Rue des Mines 59171 ERRE</description> <horaires>Eté (01/03 au 28/02) : Lundi au samedi : 9 h-12h / 13h-19h dimanche: 9h-12h Hiver (01/11 au 28/02) : Lundi au samedi : 9 h-12h / 13h-17h dimanche: 9h-12h</horaires> <type>PARTIC</type> <barriere>Inconnu</barriere> <compteOuvert>Inconnu</compteOuvert> <carte>Inconnu</carte> <blacklist>false</blacklist> <Point> <coordinates>2.512199,48.605515,0</coordinates> </Point> </Placemark> <Placemark> <id>1750</id> <name>Decheterie Vigneux-sur-Seine</name> <description>Rue Pierre Marin 91270 Vigneux-sur-Seine</description> <horaires>Du lundi au Vendredi 13h30-18h30</horaires> <type>PARTIC</type> <barriere>Inconnu</barriere> <compteOuvert>Inconnu</compteOuvert> <carte>Inconnu</carte> <blacklist>false</blacklist> <Point> <coordinates>2.411319,48.707498,0</coordinates> </Point> </Placemark> <Placemark> <id>1751</id> <name>Decheterie Briis-sous-Forges</name> <description>Zone artizanale, allées du Val d'Avière 88390 FORGES</description> <horaires>Lundi, Mardi, Mercredi, Jeudi, Vendredi, Samedi, Dimanche</horaires> <type>PARTIC</type> <barriere>Inconnu</barriere> <compteOuvert>Inconnu</compteOuvert> <carte>Inconnu</carte> <blacklist>false</blacklist> <Point> <coordinates>2.128828,48.615551,0</coordinates> </Point> </Placemark> <Placemark> <id>1752</id> <name>Decheterie Athis-Mons</name> <description>37 Quai de l'Industrie 91200 Athis-Mons</description> <horaires>Du lundi au Vendredi 13h30-18h30</horaires> <type>PARTIC</type> <barriere>Inconnu</barriere> <compteOuvert>Inconnu</compteOuvert> <carte>Inconnu</carte> <blacklist>false</blacklist> <Point> <coordinates>2.4004,48.704129,0</coordinates> </Point> </Placemark> <Placemark> <id>1753</id> <name>Decheterie Égly</name> <description>Rue des Meuniers 91520 Égly</description> <horaires>Du lundi au Vendredi 13h30-18h30</horaires> <type>PARTIC</type> <barriere>Inconnu</barriere> <compteOuvert>Inconnu</compteOuvert> <carte>Inconnu</carte> <blacklist>false</blacklist> <Point> <coordinates>2.209133,48.5719,0</coordinates> </Point> </Placemark> <Placemark> <id>1754</id> <name>Decheterie Angerville</name> <description>10, Rue des Epis 91670 Angerville</description> <horaires>Du lundi au Vendredi 13h30-18h30</horaires> <type>PARTIC</type> <barriere>Inconnu</barriere> <compteOuvert>Inconnu</compteOuvert> <carte>Inconnu</carte> <blacklist>false</blacklist> <Point> <coordinates>2.011377,48.31498,0</coordinates> </Point> </Placemark> <Placemark> <id>1755</id> <name>Decheterie Morangis</name> <description>voie du Cheminet 91420 Morangis</description> <horaires>Du lundi au Vendredi 13h30-18h30</horaires> <type>PARTIC</type> <barriere>Inconnu</barriere> <compteOuvert>Inconnu</compteOuvert> <carte>Inconnu</carte> <blacklist>false</blacklist> <Point> <coordinates>2.331144,48.709334,0</coordinates> </Point> </Placemark> <Placemark> <id>1756</id> <name>Decheterie Corbeil-Essonnes</name> <description>14, Rue Emile Zola 91100 Corbeil-Essonnes</description> <horaires>Du lundi au Vendredi 13h30-18h30</horaires> <type>PARTIC</type> <barriere>Inconnu</barriere> <compteOuvert>Inconnu</compteOuvert> <carte>Inconnu</carte> <blacklist>false</blacklist> <Point> <coordinates>2.46839,48.617793,0</coordinates> </Point> </Placemark> <Placemark> <id>1757</id> <name>Decheterie Lardy</name> <description>Rue Jacques Cartier 91510 Lardy</description> <horaires>Du lundi au Vendredi 13h30-18h30</horaires> <type>PARTIC</type> <barriere>Inconnu</barriere> <compteOuvert>Inconnu</compteOuvert> <carte>Inconnu</carte> <blacklist>false</blacklist> <Point> <coordinates>2.28871,48.530816,0</coordinates> </Point> </Placemark> <Placemark> <id>1758</id> <name>Decheterie Sainte-Geneviève-des-Bois</name> <description>13, Rue Paul Langevin 91700 Sainte-Geneviève-des-Bois</description> <horaires>Du lundi au Vendredi 13h30-18h30</horaires> <type>PARTIC</type> <barriere>Inconnu</barriere> <compteOuvert>Inconnu</compteOuvert> <carte>Inconnu</carte> <blacklist>false</blacklist> <Point> <coordinates>2.333059,48.626103,0</coordinates> </Point> </Placemark> <Placemark> <id>1759</id> <name>Decheterie Bièvres</name> <description>Déchèterie 91570 Bièvres</description> <horaires>Du lundi au Vendredi 13h30-18h30</horaires> <type>PARTIC</type> <barriere>Inconnu</barriere> <compteOuvert>Inconnu</compteOuvert> <carte>Inconnu</carte> <blacklist>false</blacklist> <Point> <coordinates>2.201247,48.753633,0</coordinates> </Point> </Placemark> <Placemark> <id>1760</id> <name>Decheterie Dourdan</name> <description>Zone industrielle 91410 Dourdan</description> <horaires>Du lundi au Vendredi 13h30-18h30</horaires> <type>PARTIC</type> <barriere>Inconnu</barriere> <compteOuvert>Inconnu</compteOuvert> <carte>Inconnu</carte> <blacklist>false</blacklist> <Point> <coordinates>2.022505,48.520884,0</coordinates> </Point> </Placemark> <Placemark> <id>1761</id> <name>Decheterie Varennes-Jarcy</name> <description>Route départementale 958 82330 Varen</description> <horaires>mercredi - vendredi : 9h-12h 13h-17h samedi : 14h-17h30</horaires> <type>PARTIC</type> <barriere>Inconnu</barriere> <compteOuvert>Inconnu</compteOuvert> <carte>Inconnu</carte> <blacklist>false</blacklist> <Point> <coordinates>2.58011,48.686306,0</coordinates> </Point> </Placemark> <Placemark> <id>1762</id> <name>Decheterie Vert-le-Grand</name> <description>Ecosite de Vert le Grand 91810 Vert-le-Grand</description> <horaires>Du lundi au Vendredi 13h30-18h30</horaires> <type>PARTIC</type> <barriere>Inconnu</barriere> <compteOuvert>Inconnu</compteOuvert> <carte>Inconnu</carte> <blacklist>false</blacklist> <Point> <coordinates>2.388342,48.590296,0</coordinates> </Point> </Placemark> <Placemark> <id>1763</id> <name>Decheterie Verrières-le-Buisson</name> <description>Avenue Georges Pompidou 91370 Verrières-le-Buisson</description> <horaires>Du lundi au Vendredi 13h30-18h30</horaires> <type>PARTIC</type> <barriere>Inconnu</barriere> <compteOuvert>Inconnu</compteOuvert> <carte>Inconnu</carte> <blacklist>false</blacklist> <Point> <coordinates>2.278473,48.748979,0</coordinates> </Point> </Placemark> <Placemark> <id>1764</id> <name>Decheterie Villejust</name> <description>Avenue des 2 Lacs 91140 Villejust</description> <horaires>Du lundi au Vendredi 13h30-18h30</horaires> <type>PARTIC</type> <barriere>Inconnu</barriere> <compteOuvert>Inconnu</compteOuvert> <carte>Inconnu</carte> <blacklist>false</blacklist> <Point> <coordinates>2.216781,48.685144,0</coordinates> </Point> </Placemark> <Placemark> <id>1765</id> <name>Decheterie Wissous</name> <description>15, Voie de Montavas 91320 Wissous</description> <horaires>Du lundi au Vendredi 13h30-18h30</horaires> <type>PARTIC</type> <barriere>Inconnu</barriere> <compteOuvert>Inconnu</compteOuvert> <carte>Inconnu</carte> <blacklist>false</blacklist> <Point> <coordinates>2.323457,48.729806,0</coordinates> </Point> </Placemark> <Placemark> <id>1766</id> <name>Decheterie Gennevilliers</name> <description>93, rue des Caboeufs 92230 Gennevilliers</description> <horaires>Du lundi au Vendredi 13h30-18h30</horaires> <type>PARTIC</type> <barriere>Inconnu</barriere> <compteOuvert>Inconnu</compteOuvert> <carte>Inconnu</carte> <blacklist>false</blacklist> <Point> <coordinates>2.306102,48.925885,0</coordinates> </Point> </Placemark> <Placemark> <id>1767</id> <name>Decheterie Nanterre</name> <description>Rue des Mines 59171 ERRE</description> <horaires>Eté (01/03 au 28/02) : Lundi au samedi : 9 h-12h / 13h-19h dimanche: 9h-12h Hiver (01/11 au 28/02) : Lundi au samedi : 9 h-12h / 13h-17h dimanche: 9h-12h</horaires> <type>PARTIC</type> <barriere>Inconnu</barriere> <compteOuvert>Inconnu</compteOuvert> <carte>Inconnu</carte> <blacklist>false</blacklist> <Point> <coordinates>2.180594,48.896459,0</coordinates> </Point> </Placemark> <Placemark> <id>1768</id> <name>Decheterie Meudon</name> <description>Rond Point des Bruyères, Route du Pavé des Gardes 92190 Meudon</description> <horaires>Du lundi au Vendredi 13h30-18h30</horaires> <type>PARTIC</type> <barriere>Inconnu</barriere> <compteOuvert>Inconnu</compteOuvert> <carte>Inconnu</carte> <blacklist>false</blacklist> <Point> <coordinates>2.211938,48.811407,0</coordinates> </Point> </Placemark> <Placemark> <id>1769</id> <name>Decheterie Chéroy</name> <description>la Gouvinerie - Rd 41 89690 Chéroy</description> <horaires></horaires> <type>PARTIC</type> <barriere>Inconnu</barriere> <compteOuvert>Inconnu</compteOuvert> <carte>Inconnu</carte> <blacklist>false</blacklist> <Point> <coordinates>2.996156,48.205696,0</coordinates> </Point> </Placemark> <Placemark> <id>1770</id> <name>Decheterie Coulanges-sur-Yonne</name> <description>Zone Industrielle –RN 151 89480 COULANGES SUR YONNE</description> <horaires>Période hivernale (du 1er nov au 31 mars) : Mardi 10h 12h, jeudi 10h 12h, samedi 14h 16h Période estivale (du 1er avril au 31 oct) : Mardi 10h 12h, jeudi 10h 12h, samedi 14h 17h</horaires> <type>PARTIC</type> <barriere>Inconnu</barriere> <compteOuvert>Inconnu</compteOuvert> <carte>Inconnu</carte> <blacklist>false</blacklist> <Point> <coordinates>3.536184,47.519294,0</coordinates> </Point> </Placemark> <Placemark> <id>1771</id> <name>Decheterie Épineau-les-Voves</name> <description>Epineau les volves 89400 Épineau-les-Voves</description> <horaires>Hiver (01/11 au 31/03) : lundi 13h-15h, mardi et jeudi 10h-12h, mercredi, vendredi et samedi 10h-12h / 13h-17h, dim 9h30-11h30. Ete (01/04 au 31/10) : lundi 14h-16h, mardi et jeudi 10h-12h, mercredi, vendredi et samedi 10h-12h / 14h-18h, dim 9h30-11h30</horaires> <type>PARTIC</type> <barriere>Inconnu</barriere> <compteOuvert>Inconnu</compteOuvert> <carte>Inconnu</carte> <blacklist>false</blacklist> <Point> <coordinates>3.488484,47.958515,0</coordinates> </Point> </Placemark> <Placemark> <id>1772</id> <name>Decheterie Fouchères</name> <description>Rond Point de l'Aire de Villeroy-fouchères, Rd 369 89150 Fouchères</description> <horaires></horaires> <type>PARTIC</type> <barriere>Inconnu</barriere> <compteOuvert>Inconnu</compteOuvert> <carte>Inconnu</carte> <blacklist>false</blacklist> <Point> <coordinates>3.168762,48.164267,0</coordinates> </Point> </Placemark> <Placemark> <id>1773</id> <name>Decheterie Guerchy</name> <description>RD 14 89113 Guerchy</description> <horaires>lundi, vendredi 14h-17h, samedi et mercredi 9h-12h et 14h-17h, mercredi : 9h-12h et 14h-17h</horaires> <type>PARTIC</type> <barriere>Inconnu</barriere> <compteOuvert>Inconnu</compteOuvert> <carte>Inconnu</carte> <blacklist>false</blacklist> <Point> <coordinates>3.416034,47.889833,0</coordinates> </Point> </Placemark> <Placemark> <id>1774</id> <name>Decheterie Monéteau</name> <description>Rue de Dublin 89470 Monéteau</description> <horaires>Horaires d'été (1/04 - 31/10) : du lundi au samedi 9h30-12h / 14h30-18h, le dimanche 9h-12h. Horaires d'hiver (1/11- 31/03) : du lundi au samedi 9h-12h / 14h-17h. Accès des professionnels : du lundi au vendredi</horaires> <type>PARTIC</type> <barriere>Inconnu</barriere> <compteOuvert>Inconnu</compteOuvert> <carte>Inconnu</carte> <blacklist>false</blacklist> <Point> <coordinates>3.559889,47.851112,0</coordinates> </Point> </Placemark> <Placemark> <id>1775</id> <name>Decheterie Montillot</name> <description>Montillot 89660 Montillot</description> <horaires>Du lundi au Vendredi 13h30-18h30</horaires> <type>PARTIC</type> <barriere>Inconnu</barriere> <compteOuvert>Inconnu</compteOuvert> <carte>Inconnu</carte> <blacklist>false</blacklist> <Point> <coordinates>3.738763,47.52033,0</coordinates> </Point> </Placemark> <Placemark> <id>1776</id> <name>Decheterie Saint-Fargeau</name> <description>Route de Toucy 89170 Saint-Fargeau</description> <horaires>Période hivernale (du 1er nov au 31 mars) : Mardi 14h 17h, vendredi 9h 12h, samedi 14h 17h Période estivale (du 1er avril au 31 oct) : Lundi 14h 17h, mardi 14h 17h, vendredi 9h 12h, samedi 14h 17h</horaires> <type>PARTIC</type> <barriere>Inconnu</barriere> <compteOuvert>Inconnu</compteOuvert> <carte>Inconnu</carte> <blacklist>false</blacklist> <Point> <coordinates>3.076087,47.645786,0</coordinates> </Point> </Placemark> <Placemark> <id>1777</id> <name>Decheterie Saint-Sauveur-en-Puisaye</name> <description>Chemin des Garennes 30610 SAUVE</description> <horaires>hiver lundi jeudi : 9h 12h et 14h 17h 30 vendredi 14h 17h30 samedi 9h 12h 14h 17h30 été lundi au jeudi, samedi : 9h 12h et 14h30 18h vendredi : 14h30 18h</horaires> <type>PARTIC</type> <barriere>Inconnu</barriere> <compteOuvert>Inconnu</compteOuvert> <carte>Inconnu</carte> <blacklist>false</blacklist> <Point> <coordinates>3.218427,47.611995,0</coordinates> </Point> </Placemark> <Placemark> <id>1778</id> <name>Decheterie Sens</name> <description>Rue des Longues Raies, ZI des Vauguillettes 89100 Sens</description> <horaires>Horaires d'été (du 01/04 au 15/10) : mardi, mercredi, jeudi, vendredi et samedi 10h-12h / 15h-19h, dimanche 9h-12h. Horaires d'hiver (du 16/10 au 31/03) : mardi, mercredi, jeudi, vendredi et samedi 10h-12h / 15h-17h, dimanche 9h-12h.</horaires> <type>PARTIC</type> <barriere>Inconnu</barriere> <compteOuvert>Inconnu</compteOuvert> <carte>Inconnu</carte> <blacklist>false</blacklist> <Point> <coordinates>3.314412,48.196832,0</coordinates> </Point> </Placemark> <Placemark> <id>1779</id> <name>Decheterie Sens</name> <description>Rue des Longues Raies, ZI des Vauguillettes 89100 Sens</description> <horaires>Horaires d'été (du 01/04 au 15/10) : mardi, mercredi, jeudi, vendredi et samedi 10h-12h / 15h-19h, dimanche 9h-12h. Horaires d'hiver (du 16/10 au 31/03) : mardi, mercredi, jeudi, vendredi et samedi 10h-12h / 15h-17h, dimanche 9h-12h.</horaires> <type>PARTIC</type> <barriere>Inconnu</barriere> <compteOuvert>Inconnu</compteOuvert> <carte>Inconnu</carte> <blacklist>false</blacklist> <Point> <coordinates>3.265722,48.210694,0</coordinates> </Point> </Placemark> <Placemark> <id>1780</id> <name>Decheterie Toucy</name> <description>ZA Les Hates du Vernoy 89130 TOUCY</description> <horaires>Période hivernale (du 1er nov au 31 mars) : Lundi 14h 16h, mardi 10h 12h, mercredi 14h 17h, jeudi 10h 12h, vendredi 10h 12h, samedi 10h 12h et 14h 16h Période estivale (du 1er avril au 31 oct) : Lundi 14h 18h, mardi 9h 12h, mercredi 14h 18h, jeudi 9h30 12h, vendredi 9h 12h, samedi 9h 12h et 14h 18h</horaires> <type>PARTIC</type> <barriere>Inconnu</barriere> <compteOuvert>Inconnu</compteOuvert> <carte>Inconnu</carte> <blacklist>false</blacklist> <Point> <coordinates>3.316839,47.720287,0</coordinates> </Point> </Placemark> <Placemark> <id>1781</id> <name>Decheterie Val-de-Mercy</name> <description>Zone Artisanale des Glénardes 89580 Val-de-Mercy</description> <horaires>Horaires d'été (01/04 - 30/09): lundi 10h-12h et 14h-18h, vendredi 14h-18h, mercredi 9h-12h et samedi 10h-18h. Horaires d'hiver (1/10- 31/03) : lundi 10h-12h et 14h-18h, vendredi 14h-16h, mercredi 9h-12h et samedi 10h-16h.</horaires> <type>PARTIC</type> <barriere>Inconnu</barriere> <compteOuvert>Inconnu</compteOuvert> <carte>Inconnu</carte> <blacklist>false</blacklist> <Point> <coordinates>3.593823,47.68672,0</coordinates> </Point> </Placemark> <Placemark> <id>1782</id> <name>Decheterie Villeneuve-l'Archevêque</name> <description>Rue de Vauluisant Zone Industrielle 89190 Villeneuve-l'Archevêque</description> <horaires>Horaires d'été (du 01/04 au 30/09): lundi 14h-18h, jeudi 9h-12h, vendredi et samedi 9h-12h / 14h-18h Horaires d'hiver (du 01/10 au 31/03): lundi 14h-17h, jeudi 9h-12h, vendredi 9h/12h / 14h/17h samedi 14h -17h.</horaires> <type>PARTIC</type> <barriere>Inconnu</barriere> <compteOuvert>Inconnu</compteOuvert> <carte>Inconnu</carte> <blacklist>false</blacklist> <Point> <coordinates>3.553983,48.23947,0</coordinates> </Point> </Placemark> <Placemark> <id>1783</id> <name>Decheterie Champcevrais</name> <description>Rue du Caquetoir 89220 Champcevrais</description> <horaires>Période hivernale (du 1er nov au 31 mars) : Mardi 9h 12h, jeudi 9h 12h, samedi 9h 12h Période estivale (du 1er avril au 31 oct) : Mardi 9h 12h, jeudi 9h 12h, vendredi 14h 17h, samedi 9h 12h</horaires> <type>PARTIC</type> <barriere>Inconnu</barriere> <compteOuvert>Inconnu</compteOuvert> <carte>Inconnu</carte> <blacklist>false</blacklist> <Point> <coordinates>2.9557,47.747735,0</coordinates> </Point> </Placemark> <Placemark> <id>1784</id> <name>Decheterie Chablis</name> <description>Route d'Avallon 89800 Chablis</description> <horaires>Horaires (hiver et été): lundi et mardi 13h30-17h, mercredi et jeudi 8h30-12h, vendredi et samedi 8h30-12h / 13h30-17h</horaires> <type>PARTIC</type> <barriere>Inconnu</barriere> <compteOuvert>Inconnu</compteOuvert> <carte>Inconnu</carte> <blacklist>false</blacklist> <Point> <coordinates>3.796677,47.798693,0</coordinates> </Point> </Placemark> <Placemark> <id>1785</id> <name>Decheterie Auxerre</name> <description>Rue des Mines 59171 ERRE</description> <horaires>Eté (01/03 au 28/02) : Lundi au samedi : 9 h-12h / 13h-19h dimanche: 9h-12h Hiver (01/11 au 28/02) : Lundi au samedi : 9 h-12h / 13h-17h dimanche: 9h-12h</horaires> <type>PARTIC</type> <barriere>Inconnu</barriere> <compteOuvert>Inconnu</compteOuvert> <carte>Inconnu</carte> <blacklist>false</blacklist> <Point> <coordinates>3.537795,47.787662,0</coordinates> </Point> </Placemark> <Placemark> <id>1786</id> <name>Decheterie Molesmes</name> <description>quartier du Maravéau 83310 MOLE</description> <horaires>Lundi, Mardi, Mercredi, Jeudi, Vendredi, Samedi, Dimanche</horaires> <type>PARTIC</type> <barriere>Inconnu</barriere> <compteOuvert>Inconnu</compteOuvert> <carte>Inconnu</carte> <blacklist>false</blacklist> <Point> <coordinates>3.459074,47.612803,0</coordinates> </Point> </Placemark> <Placemark> <id>1787</id> <name>Decheterie Saint-Florentin</name> <description>ZI les Galettes 89600 Saint-Florentin</description> <horaires>été: tous les après midi de 13h30à 18h + le mercredi et samedi matin de 9h à12h hiver: tous les après midi de 13h30à 17h + le mercredi matin de 9 à 12h</horaires> <type>PARTIC</type> <barriere>Inconnu</barriere> <compteOuvert>Inconnu</compteOuvert> <carte>Inconnu</carte> <blacklist>false</blacklist> <Point> <coordinates>3.753071,47.997843,0</coordinates> </Point> </Placemark> <Placemark> <id>1788</id> <name>Decheterie Saint-Julien-du-Sault</name> <description>Route de la Verdière 83560 SAINT-JULIEN</description> <horaires>Lundi, Mardi, Mercredi, Jeudi, Vendredi, Samedi : été : 13h30 - 18h00 hiver : 13h30-17h30</horaires> <type>PARTIC</type> <barriere>Inconnu</barriere> <compteOuvert>Inconnu</compteOuvert> <carte>Inconnu</carte> <blacklist>false</blacklist> <Point> <coordinates>3.306288,48.029649,0</coordinates> </Point> </Placemark> <Placemark> <id>1789</id> <name>Decheterie Tonnerre</name> <description>Rue des Mines 59171 ERRE</description> <horaires>Eté (01/03 au 28/02) : Lundi au samedi : 9 h-12h / 13h-19h dimanche: 9h-12h Hiver (01/11 au 28/02) : Lundi au samedi : 9 h-12h / 13h-17h dimanche: 9h-12h</horaires> <type>PARTIC</type> <barriere>Inconnu</barriere> <compteOuvert>Inconnu</compteOuvert> <carte>Inconnu</carte> <blacklist>false</blacklist> <Point> <coordinates>4.017613,47.848898,0</coordinates> </Point> </Placemark> <Placemark> <id>1790</id> <name>Decheterie Villeneuve-la-Guyard</name> <description>89340 Villeneuve-la-Guyard</description> <horaires>Horaire d'été (1er avril - 31 octobre) : lundi 14h-18h, mardi et jeudi 9h-12h, mercredi, vendredi et samedi 9h-18h. Horaire d'hiver (1er novembre - 31 mars) : lundi 14h-17h, mardi et jeudi 9h-12h, mercredi, vendredi et samedi 9h-17h. Le vendredi la dechetterie est fermée entre midi et 14h.</horaires> <type>PARTIC</type> <barriere>Inconnu</barriere> <compteOuvert>Inconnu</compteOuvert> <carte>Inconnu</carte> <blacklist>false</blacklist> <Point> <coordinates>3.073672,48.348896,0</coordinates> </Point> </Placemark> <Placemark> <id>1791</id> <name>Decheterie Gy-l'Évêque</name> <description>Route de la Grilletière 89580 Gy-l'Évêque</description> <horaires>Horaires d'été (01/04 - 30/09): mercredi 14h-18h et samedi 10h-12h et 14h-18h. Horaires d'hiver (01/10 - 31/03): mercredi 14h-16h et samedi 10h-12h et 14h-16h.</horaires> <type>PARTIC</type> <barriere>Inconnu</barriere> <compteOuvert>Inconnu</compteOuvert> <carte>Inconnu</carte> <blacklist>false</blacklist> <Point> <coordinates>3.540504,47.71722,0</coordinates> </Point> </Placemark> <Placemark> <id>1792</id> <name>Decheterie Rugny</name> <description>RD952 direction Villon 89430 Rugny</description> <horaires>Horaire d'été (1/04- 30/09) : mercredi : 14h-18h et samedi : 9h-12h et 14h-18h. Horaire d'hiver (1/10- 31/03) : mercredi : 14h-17h et samedi : 9h-12h et 14h-17h.</horaires> <type>PARTIC</type> <barriere>Inconnu</barriere> <compteOuvert>Inconnu</compteOuvert> <carte>Inconnu</carte> <blacklist>false</blacklist> <Point> <coordinates>4.172366,47.911411,0</coordinates> </Point> </Placemark> <Placemark> <id>1793</id> <name>Decheterie Pourrain</name> <description>Route de Beauvoir à Nantou 89240 Pourrain</description> <horaires>Période hivernale (du 1er nov au 31 mars) : Mardi 14h 16h, mercredi 10h 12h, vendredi 14h 16h, samedi 10h 12h et 14h 16h Période estivale (du 1er avril au 31 oct) : Mardi 14h 18h, mercredi 9h30 12h, vendredi 14h 18h, samedi 9h 12h et 14h 18h</horaires> <type>PARTIC</type> <barriere>Inconnu</barriere> <compteOuvert>Inconnu</compteOuvert> <carte>Inconnu</carte> <blacklist>false</blacklist> <Point> <coordinates>3.389475,47.789057,0</coordinates> </Point> </Placemark> <Placemark> <id>1794</id> <name>Decheterie Avallon</name> <description>Route d'Avallon Champ Ravier 89200 Avallon</description> <horaires>Hiver (du 1er novembre au 29 Février): lundi, mercredi, vendredi, samedi 9h-12h/14h-17h00 - dimanche 9h-12h Eté (du 1er Mars au 31 Octobre): lundi, mercredi, vendredi, samedi 9h-12h/14h-17h00</horaires> <type>PARTIC</type> <barriere>Inconnu</barriere> <compteOuvert>Inconnu</compteOuvert> <carte>Inconnu</carte> <blacklist>false</blacklist> <Point> <coordinates>3.909753,47.511779,0</coordinates> </Point> </Placemark> <Placemark> <id>1795</id> <name>Decheterie Seignelay</name> <description>89250 Seignelay</description> <horaires>Du lundi au Vendredi 13h30-18h30</horaires> <type>PARTIC</type> <barriere>Inconnu</barriere> <compteOuvert>Inconnu</compteOuvert> <carte>Inconnu</carte> <blacklist>false</blacklist> <Point> <coordinates>3.600361,47.915134,0</coordinates> </Point> </Placemark> <Placemark> <id>1796</id> <name>Decheterie Charny</name> <description>Zone Artisanale Sud, 5 chemin de la Vallée 89120 Charny</description> <horaires>Période hivernale (du 1er nov au 31 mars) : Mardi 9h 12h, mercredi 14h 17h, jeudi 14h 17h, vendredi 9h 12h, samedi 9h 12h et 13h30 16h30 Période estivale (du 1er avril au 31 oct) : Lundi 14h 17h, mardi 9h 12h, mercredi 9h 12h et 14h 17h, jeudi 14h 17h, vendredi 9h 12h, samedi 9h 12h et 13h30 17h30</horaires> <type>PARTIC</type> <barriere>Inconnu</barriere> <compteOuvert>Inconnu</compteOuvert> <carte>Inconnu</carte> <blacklist>false</blacklist> <Point> <coordinates>3.097726,47.876029,0</coordinates> </Point> </Placemark> <Placemark> <id>1797</id> <name>Decheterie Branches</name> <description>Lieu Dit « les Bruyères » 89113 Branches</description> <horaires>Du lundi au Vendredi 13h30-18h30</horaires> <type>PARTIC</type> <barriere>Inconnu</barriere> <compteOuvert>Inconnu</compteOuvert> <carte>Inconnu</carte> <blacklist>false</blacklist> <Point> <coordinates>3.493571,47.84762,0</coordinates> </Point> </Placemark> <Placemark> <id>1798</id> <name>Decheterie Ancy-le-Franc</name> <description>Cusy 89160 Ancy-le-Franc</description> <horaires>Du lundi au Vendredi 13h30-18h30</horaires> <type>PARTIC</type> <barriere>Inconnu</barriere> <compteOuvert>Inconnu</compteOuvert> <carte>Inconnu</carte> <blacklist>false</blacklist> <Point> <coordinates>4.163563,47.762662,0</coordinates> </Point> </Placemark> <Placemark> <id>1799</id> <name>Decheterie Brienon-sur-Armançon</name> <description>ZA La Grande Garenne 16590 Brie</description> <horaires>Du lundi au samedi de 9h à 12h et de 14h à 18h</horaires> <type>PARTIC</type> <barriere>Inconnu</barriere> <compteOuvert>Inconnu</compteOuvert> <carte>Inconnu</carte> <blacklist>false</blacklist> <Point> <coordinates>3.625199,47.986535,0</coordinates> </Point> </Placemark> <Placemark> <id>1800</id> <name>Decheterie Bonnard</name> <description>89400 Bonnard</description> <horaires>été et hiver (mêmes horaires) : lundi et mercredi 9h-12h, samedi 9h-12h / 13h-17h30</horaires> <type>PARTIC</type> <barriere>Inconnu</barriere> <compteOuvert>Inconnu</compteOuvert> <carte>Inconnu</carte> <blacklist>false</blacklist> <Point> <coordinates>3.533973,47.936648,0</coordinates> </Point> </Placemark> <Placemark> <id>1801</id> <name>Decheterie Noyers</name> <description>Route de Puits de Bon 89310 Noyers</description> <horaires>Hiver du 01/10 au 31/03: le mercredi 9h-12h et le samedi 9h-12 et 14h-17h Eté du 01/04 au 30/09: le mercredi 9h-12h et le samedi 9h-12 et 14h-19h</horaires> <type>PARTIC</type> <barriere>Inconnu</barriere> <compteOuvert>Inconnu</compteOuvert> <carte>Inconnu</carte> <blacklist>false</blacklist> <Point> <coordinates>3.987348,47.692953,0</coordinates> </Point> </Placemark> <Placemark> <id>1802</id> <name>Decheterie Cerisiers</name> <description>Route de Laroches 89320 Cerisiers</description> <horaires>Du lundi au Vendredi 13h30-18h30</horaires> <type>PARTIC</type> <barriere>Inconnu</barriere> <compteOuvert>Inconnu</compteOuvert> <carte>Inconnu</carte> <blacklist>false</blacklist> <tarifs><tarif><id>32</id><fkDecheterie>1802</fkDecheterie><matiere>null</matiere><prix>null</prix></tarif></tarifs><Point> <coordinates>3.488434,48.12854,0</coordinates> </Point> </Placemark> <Placemark> <id>1803</id> <name>Decheterie Vermenton</name> <description>ZI les Plantes Basses 89270 Vermenton</description> <horaires>Horaires d'été (du 01/04 au 30/09): lundi 14h-18h, jeudi 9h-12h, vendredi et samedi 9h-12h / 14h-18h Horaires d'hiver (du 01/10 au 31/03): lundi 14h-17h, jeudi 9h-12h, vendredi 9h/12h / 14h/17h samedi 14h -17h.</horaires> <type>PARTIC</type> <barriere>Inconnu</barriere> <compteOuvert>Inconnu</compteOuvert> <carte>Inconnu</carte> <blacklist>false</blacklist> <Point> <coordinates>3.73502,47.658418,0</coordinates> </Point> </Placemark> <Placemark> <id>1804</id> <name>Decheterie Maligny</name> <description>Zone Artisanale Chemin de Ligny 89800 Maligny</description> <horaires>Horaires d'hiver (du 01/10 au 30/03) : mercredi et vendredi 14h - 17h, samedi 9h - 12h / 14h - 17h Horaires d'été (du 01/04 au 30/09) : mercredi et vendredi 14h - 19h, samedi : 9h - 12h / 14h - 19h</horaires> <type>PARTIC</type> <barriere>Inconnu</barriere> <compteOuvert>Inconnu</compteOuvert> <carte>Inconnu</carte> <blacklist>false</blacklist> <Point> <coordinates>3.759688,47.87767,0</coordinates> </Point> </Placemark> <Placemark> <id>1805</id> <name>Decheterie Augy</name> <description>D956 Chemin des Grands Fleur Bourdin 89290 Augy</description> <horaires>Tous les jours sauf mardi, jeudi, dimanche et JF De 9h30 à 12h et 14h30 18h toute l'année.</horaires> <type>PARTIC</type> <barriere>Inconnu</barriere> <compteOuvert>Inconnu</compteOuvert> <carte>Inconnu</carte> <blacklist>false</blacklist> <Point> <coordinates>3.620801,47.768402,0</coordinates> </Point> </Placemark> <Placemark> <id>1806</id> <name>Decheterie Pont-sur-Yonne</name> <description>Chemin de la Tille 21130 PONT</description> <horaires>Horaire d'ete (01/04 au 30/09) Horaire d'hiver (01/10 au 31/03) fermeture à 16H45 : MARDI 8h30-11h45 MERCREDI 14h-17h45 JEUDI 14h-17h45 VENDREDI 8h30-11h45 SAMEDI 8h30-11h45.</horaires> <type>PARTIC</type> <barriere>Inconnu</barriere> <compteOuvert>Inconnu</compteOuvert> <carte>Inconnu</carte> <blacklist>false</blacklist> <Point> <coordinates>3.183268,48.272534,0</coordinates> </Point> </Placemark> <Placemark> <id>1807</id> <name>Decheterie Étais-la-Sauvin</name> <description>Routes de Sougères 89480 Étais-la-Sauvin</description> <horaires>Du lundi au Vendredi 13h30-18h30</horaires> <type>PARTIC</type> <barriere>Inconnu</barriere> <compteOuvert>Inconnu</compteOuvert> <carte>Inconnu</carte> <blacklist>false</blacklist> <Point> <coordinates>3.346945,47.506741,0</coordinates> </Point> </Placemark> <Placemark> <id>1808</id> <name>Decheterie Angely</name> <description>Route d'Avallon Ancienne Gare 89440 Angely</description> <horaires>Hiver (du 1er Octobre au 31 Mars) : mardi : 14-17h, samedi : 9-12h/14-18h Eté (du 1er Avril au 30 Septembre) : mardi : 14-18h, samedi : 9-12h/14-18h</horaires> <type>PARTIC</type> <barriere>Inconnu</barriere> <compteOuvert>Inconnu</compteOuvert> <carte>Inconnu</carte> <blacklist>false</blacklist> <Point> <coordinates>4.000416,47.576584,0</coordinates> </Point> </Placemark> <Placemark> <id>1809</id> <name>Decheterie La Chapelle-sur-Oreuse</name> <description>Route de Hollard 89260 La Chapelle-sur-Oreuse</description> <horaires>Horaires d'été (du 01/04 au 31/10): lundi, vendredi 14h-18h30, mardi 14h - 18h, mercredi 10h-12h / 14h-18h30, samedi 10h-12h / 13h30-18h. Horaires d'hiver (du 01/11 au 31/03) : lundi, mercredi vendredi 14h-17h, mardi 14h - 17h samedi 10h-12h / 14h-17h</horaires> <type>PARTIC</type> <barriere>Inconnu</barriere> <compteOuvert>Inconnu</compteOuvert> <carte>Inconnu</carte> <blacklist>false</blacklist> <Point> <coordinates>3.303068,48.304118,0</coordinates> </Point> </Placemark> <Placemark> <id>1810</id> <name>Decheterie Rousson</name> <description>89500 Rousson</description> <horaires>Horaire été (01/03 au 30/09) : lundi : 13h30-17h30, mercredi, jeudi et vendredi : 13h30-16h30, samedi : 9h-12h et 13h30-17h30. Horaire hiver (01/10 au 28/02) : lundi, mercredi, jeudi, vendredi : 13h30-16h30, samedi : 9h-12h et 13h30-16h30</horaires> <type>PARTIC</type> <barriere>Inconnu</barriere> <compteOuvert>Inconnu</compteOuvert> <carte>Inconnu</carte> <blacklist>false</blacklist> <Point> <coordinates>3.283809,48.092265,0</coordinates> </Point> </Placemark> <Placemark> <id>1811</id> <name>Decheterie Joigny</name> <description>Route de Chamvres 89300 Joigny</description> <horaires>Horaires d'été (du 01/04 au 31/10): lundi, vendredi 14h-18h30, mardi 14h - 18h, mercredi 10h-12h / 14h-18h30, samedi 10h-12h / 13h30-18h. Horaires d'hiver (du 01/11 au 31/03) : lundi, mercredi vendredi 14h-17h, mardi 14h - 17h samedi 10h-12h / 14h-17h</horaires> <type>PARTIC</type> <barriere>Inconnu</barriere> <compteOuvert>Inconnu</compteOuvert> <carte>Inconnu</carte> <blacklist>false</blacklist> <Point> <coordinates>3.385216,47.973986,0</coordinates> </Point> </Placemark> <Placemark> <id>1812</id> <name>Decheterie Mailly-la-Ville</name> <description>Route de Mallière 89270 Mailly-la-Ville</description> <horaires>Horaires d'été (du 01/04 au 30/09) : mercredi et samedi 9h-12h / 14h-18h Horaires d'hiver (du 01/10 au 31/03) : mercredi 9h-12h / 14h-17h, samedi 9h-12h.</horaires> <type>PARTIC</type> <barriere>Inconnu</barriere> <compteOuvert>Inconnu</compteOuvert> <carte>Inconnu</carte> <blacklist>false</blacklist> <Point> <coordinates>3.674447,47.601162,0</coordinates> </Point> </Placemark> <Placemark> <id>1813</id> <name>Decheterie Venoy</name> <description>Lieu Dit des Bois de Soleines Rd124 89290 Venoy</description> <horaires>Horaires d'été (1/04 - 31/10) : Mardi et Jeudi : 9h30-12h/14h30-18h Vendredi : 9h-12h30/13h30-18h | Horaires d'hiver (1/11- 31/03) :Mardi, Jeudi, Samedi : 10-12h/14-17h | Professionnels sont acceptés que du Lundi au Vendredi</horaires> <type>PARTIC</type> <barriere>Inconnu</barriere> <compteOuvert>Inconnu</compteOuvert> <carte>Inconnu</carte> <blacklist>false</blacklist> <Point> <coordinates>3.65295,47.819748,0</coordinates> </Point> </Placemark> <Placemark> <id>1814</id> <name>Decheterie Choisy-le-Roi</name> <description>133 Avenue d'Alfortville 94600 Choisy-le-Roi</description> <horaires>Du lundi au Vendredi 13h30-18h30</horaires> <type>PARTIC</type> <barriere>Inconnu</barriere> <compteOuvert>Inconnu</compteOuvert> <carte>Inconnu</carte> <blacklist>false</blacklist> <Point> <coordinates>2.415975,48.776965,0</coordinates> </Point> </Placemark> <Placemark> <id>1815</id> <name>Decheterie Alfortville</name> <description>Digue d'Alforville 94140 Alfortville</description> <horaires>Du lundi au Vendredi 13h30-18h30</horaires> <type>PARTIC</type> <barriere>Inconnu</barriere> <compteOuvert>Inconnu</compteOuvert> <carte>Inconnu</carte> <blacklist>false</blacklist> <Point> <coordinates>2.430164,48.782388,0</coordinates> </Point> </Placemark> <Placemark> <id>1816</id> <name>Decheterie Champigny-sur-Marne</name> <description>84 voie Sonia Delaunay 94500 Champigny-sur-Marne</description> <horaires>Du lundi au Vendredi 13h30-18h30</horaires> <type>PARTIC</type> <barriere>Inconnu</barriere> <compteOuvert>Inconnu</compteOuvert> <carte>Inconnu</carte> <blacklist>false</blacklist> <Point> <coordinates>2.531782,48.812529,0</coordinates> </Point> </Placemark> <Placemark> <id>1817</id> <name>Decheterie Chevilly-Larue</name> <description>ZI de la foraine bleue Route du Crotoy 80120 RUE</description> <horaires></horaires> <type>PARTIC</type> <barriere>Inconnu</barriere> <compteOuvert>Inconnu</compteOuvert> <carte>Inconnu</carte> <blacklist>false</blacklist> <Point> <coordinates>2.335859,48.760703,0</coordinates> </Point> </Placemark> <Placemark> <id>1818</id> <name>Decheterie Fontenay-sous-Bois</name> <description>320 Avenue Victor Hugo 94120 Fontenay-sous-Bois</description> <horaires>Du lundi au Vendredi 13h30-18h30</horaires> <type>PARTIC</type> <barriere>Inconnu</barriere> <compteOuvert>Inconnu</compteOuvert> <carte>Inconnu</carte> <blacklist>false</blacklist> <Point> <coordinates>2.481094,48.860094,0</coordinates> </Point> </Placemark> <Placemark> <id>1819</id> <name>Decheterie Créteil</name> <description>Rue François Mauriac 94000 Créteil</description> <horaires>Du lundi au Vendredi 13h30-18h30</horaires> <type>PARTIC</type> <barriere>Inconnu</barriere> <compteOuvert>Inconnu</compteOuvert> <carte>Inconnu</carte> <blacklist>false</blacklist> <Point> <coordinates>2.45433,48.785821,0</coordinates> </Point> </Placemark> <Placemark> <id>1820</id> <name>Decheterie La Queue-en-Brie</name> <description>ZA La Grande Garenne 16590 Brie</description> <horaires>Du lundi au samedi de 9h à 12h et de 14h à 18h</horaires> <type>PARTIC</type> <barriere>Inconnu</barriere> <compteOuvert>Inconnu</compteOuvert> <carte>Inconnu</carte> <blacklist>false</blacklist> <Point> <coordinates>2.575648,48.776502,0</coordinates> </Point> </Placemark> <Placemark> <id>1821</id> <name>Decheterie Limeil-Brévannes</name> <description>Avenue Descartes 94450 Limeil-Brévannes</description> <horaires>Du lundi au Vendredi 13h30-18h30</horaires> <type>PARTIC</type> <barriere>Inconnu</barriere> <compteOuvert>Inconnu</compteOuvert> <carte>Inconnu</carte> <blacklist>false</blacklist> <Point> <coordinates>2.483783,48.73992,0</coordinates> </Point> </Placemark> <Placemark> <id>1822</id> <name>Decheterie Saint-Maur-des-Fossés</name> <description>Lieux dit les Chaillots D62 18270 Saint-Maur</description> <horaires>13h30-17h sauf mercredi, vendredi : 8h30-12h</horaires> <type>PARTIC</type> <barriere>Inconnu</barriere> <compteOuvert>Inconnu</compteOuvert> <carte>Inconnu</carte> <blacklist>false</blacklist> <Point> <coordinates>2.492333,48.794423,0</coordinates> </Point> </Placemark> <Placemark> <id>1823</id> <name>Decheterie Sucy-en-Brie</name> <description>ZA La Grande Garenne 16590 Brie</description> <horaires>Du lundi au samedi de 9h à 12h et de 14h à 18h</horaires> <type>PARTIC</type> <barriere>Inconnu</barriere> <compteOuvert>Inconnu</compteOuvert> <carte>Inconnu</carte> <blacklist>false</blacklist> <Point> <coordinates>2.507136,48.763297,0</coordinates> </Point> </Placemark> <Placemark> <id>1824</id> <name>Decheterie Villeneuve-le-Roi</name> <description>Rue des Voeux-saint-georges 94290 Villeneuve-le-Roi</description> <horaires>Du lundi au Vendredi 13h30-18h30</horaires> <type>PARTIC</type> <barriere>Inconnu</barriere> <compteOuvert>Inconnu</compteOuvert> <carte>Inconnu</carte> <blacklist>false</blacklist> <Point> <coordinates>2.437967,48.731266,0</coordinates> </Point> </Placemark> <Placemark> <id>1825</id> <name>Decheterie Vincennes</name> <description>Direction des Services Techniques de Vincennes 94300 Vincennes</description> <horaires>Du lundi au Vendredi 13h30-18h30</horaires> <type>PARTIC</type> <barriere>Inconnu</barriere> <compteOuvert>Inconnu</compteOuvert> <carte>Inconnu</carte> <blacklist>false</blacklist> <Point> <coordinates>2.465533,48.86332,0</coordinates> </Point> </Placemark> <Placemark> <id>1826</id> <name>Decheterie Aubervilliers</name> <description>Rue des Bregeries 93300 Aubervilliers</description> <horaires>Du lundi au Vendredi 13h30-18h30</horaires> <type>PARTIC</type> <barriere>Inconnu</barriere> <compteOuvert>Inconnu</compteOuvert> <carte>Inconnu</carte> <blacklist>false</blacklist> <Point> <coordinates>2.374983,48.920937,0</coordinates> </Point> </Placemark> <Placemark> <id>1827</id> <name>Decheterie Aulnay-sous-Bois</name> <description>Rue Henri Becquerel Zi des Mardelles 93600 Aulnay-sous-Bois</description> <horaires>Du lundi au Vendredi 13h30-18h30</horaires> <type>PARTIC</type> <barriere>Inconnu</barriere> <compteOuvert>Inconnu</compteOuvert> <carte>Inconnu</carte> <blacklist>false</blacklist> <Point> <coordinates>2.480272,48.946815,0</coordinates> </Point> </Placemark> <Placemark> <id>1828</id> <name>Decheterie Le Blanc-Mesnil</name> <description>Chemin du bois Bichier 36300 Le Blanc</description> <horaires>Lundi, Mardi, Mercredi, Jeudi, Vendredi, Samedi 01/11 au 31/03 : 9h-12h 14h-17h 01/04 au 31/10 : 9h-12h 14h-18h</horaires> <type>PARTIC</type> <barriere>Inconnu</barriere> <compteOuvert>Inconnu</compteOuvert> <carte>Inconnu</carte> <blacklist>false</blacklist> <Point> <coordinates>2.465458,48.952032,0</coordinates> </Point> </Placemark> <Placemark> <id>1829</id> <name>Decheterie Bondy</name> <description>85 rue du 14 juillet 93140 Bondy</description> <horaires>Du lundi au Vendredi 13h30-18h30</horaires> <type>PARTIC</type> <barriere>Inconnu</barriere> <compteOuvert>Inconnu</compteOuvert> <carte>Inconnu</carte> <blacklist>false</blacklist> <Point> <coordinates>2.491532,48.917216,0</coordinates> </Point> </Placemark> <Placemark> <id>1830</id> <name>Decheterie Drancy</name> <description>11, Rue Gateau Lamblin 93700 Drancy</description> <horaires>Du lundi au Vendredi 13h30-18h30</horaires> <type>PARTIC</type> <barriere>Inconnu</barriere> <compteOuvert>Inconnu</compteOuvert> <carte>Inconnu</carte> <blacklist>false</blacklist> <Point> <coordinates>2.449802,48.929917,0</coordinates> </Point> </Placemark> <Placemark> <id>1831</id> <name>Decheterie Épinay-sur-Seine</name> <description>9 Rue de l'Yser 93800 Épinay-sur-Seine</description> <horaires>Pour les ménages : Lundi, mercredi, vendredi, samedi, dimanche: 9h-18h30 | Mardi et jeudi:12h-18h30 | Pour les professionnels : Mardi et jeudi: 7h-12h</horaires> <type>PARTIC</type> <barriere>Inconnu</barriere> <compteOuvert>Inconnu</compteOuvert> <carte>Inconnu</carte> <blacklist>false</blacklist> <Point> <coordinates>2.336625,48.94708,0</coordinates> </Point> </Placemark> <Placemark> <id>1832</id> <name>Decheterie Gagny</name> <description>3 Chemin d'Accès aux Abesses 93220 Gagny</description> <horaires>Du lundi au Vendredi 13h30-18h30</horaires> <type>PARTIC</type> <barriere>Inconnu</barriere> <compteOuvert>Inconnu</compteOuvert> <carte>Inconnu</carte> <blacklist>false</blacklist> <Point> <coordinates>2.562083,48.877737,0</coordinates> </Point> </Placemark> <Placemark> <id>1833</id> <name>Decheterie Livry-Gargan</name> <description>48-62, rue de Vaujours 93190 Livry-Gargan</description> <horaires>Du lundi au Vendredi 13h30-18h30</horaires> <type>PARTIC</type> <barriere>Inconnu</barriere> <compteOuvert>Inconnu</compteOuvert> <carte>Inconnu</carte> <blacklist>false</blacklist> <Point> <coordinates>2.55077,48.92338,0</coordinates> </Point> </Placemark> <Placemark> <id>1834</id> <name>Decheterie Noisy-le-Grand</name> <description>Rue de la Plaine 93160 Noisy-le-Grand</description> <horaires>Du lundi au Vendredi 13h30-18h30</horaires> <type>PARTIC</type> <barriere>Inconnu</barriere> <compteOuvert>Inconnu</compteOuvert> <carte>Inconnu</carte> <blacklist>false</blacklist> <Point> <coordinates>2.531281,48.850815,0</coordinates> </Point> </Placemark> <Placemark> <id>1835</id> <name>Decheterie Pierrefitte-sur-Seine</name> <description>Rue des Mines 59171 ERRE</description> <horaires>Eté (01/03 au 28/02) : Lundi au samedi : 9 h-12h / 13h-19h dimanche: 9h-12h Hiver (01/11 au 28/02) : Lundi au samedi : 9 h-12h / 13h-17h dimanche: 9h-12h</horaires> <type>PARTIC</type> <barriere>Inconnu</barriere> <compteOuvert>Inconnu</compteOuvert> <carte>Inconnu</carte> <blacklist>false</blacklist> <Point> <coordinates>2.36808,48.953645,0</coordinates> </Point> </Placemark> <Placemark> <id>1836</id> <name>Decheterie Romainville</name> <description>62 , rue Anatole de France 93230 Romainville</description> <horaires>Du lundi au Vendredi 13h30-18h30</horaires> <type>PARTIC</type> <barriere>Inconnu</barriere> <compteOuvert>Inconnu</compteOuvert> <carte>Inconnu</carte> <blacklist>false</blacklist> <Point> <coordinates>2.43618,48.896769,0</coordinates> </Point> </Placemark> <Placemark> <id>1837</id> <name>Decheterie Rosny-sous-Bois</name> <description>93 Bis Av du Général de Gaulle 93110 Rosny-sous-Bois</description> <horaires>Du lundi au Vendredi 13h30-18h30</horaires> <type>PARTIC</type> <barriere>Inconnu</barriere> <compteOuvert>Inconnu</compteOuvert> <carte>Inconnu</carte> <blacklist>false</blacklist> <Point> <coordinates>2.476273,48.881163,0</coordinates> </Point> </Placemark> <Placemark> <id>1838</id> <name>Decheterie Sevran</name> <description>Parc d'activité 22630 EVRAN</description> <horaires>Hiver(1/10 au 31/03): lundi et vendredi: 14h-17h mercredi:10h12h 14h17h samedi: 9h-12h 14h-18h Eté (01/04 au 30/09): lundi:14h17h mardi:10h-12h mercredi:10h-12h 14h-17h jeudi10h-12h vendredi:14h-18h samedi :9h-12h 14h-18h</horaires> <type>PARTIC</type> <barriere>Inconnu</barriere> <compteOuvert>Inconnu</compteOuvert> <carte>Inconnu</carte> <blacklist>false</blacklist> <Point> <coordinates>2.541496,48.939805,0</coordinates> </Point> </Placemark> <Placemark> <id>1839</id> <name>Decheterie Tremblay-en-France</name> <description>la Garette 35460 Tremblay</description> <horaires>13h30-17h30 sauf le samedi:9h-12h 13h30-17h30 Horaire estival (01/03 au 31/10): 14h-18h le sauf le samedi:9h-12h 14h-18h</horaires> <type>PARTIC</type> <barriere>Inconnu</barriere> <compteOuvert>Inconnu</compteOuvert> <carte>Inconnu</carte> <blacklist>false</blacklist> <Point> <coordinates>2.572998,48.967409,0</coordinates> </Point> </Placemark> <Placemark> <id>1840</id> <name>Decheterie Villemomble</name> <description>allée du Plateau 93250 Villemomble</description> <horaires>Lundi à vendredi : 8h30-12h30 / 13h30-17h00 | Samedi, dimanche : 9h30-12h30 / 13h30-18h00</horaires> <type>PARTIC</type> <barriere>Inconnu</barriere> <compteOuvert>Inconnu</compteOuvert> <carte>Inconnu</carte> <blacklist>false</blacklist> <Point> <coordinates>2.500164,48.880428,0</coordinates> </Point> </Placemark> <Placemark> <id>1841</id> <name>Decheterie Villepinte</name> <description>Bd Casanova 93420 Villepinte</description> <horaires>Lundi : 10h-13h | Mardi à vendredi : 10h-13h / 14h-18h | Samedi : 10-18h | Dimanche : 9h-13h</horaires> <type>PARTIC</type> <barriere>Inconnu</barriere> <compteOuvert>Inconnu</compteOuvert> <carte>Inconnu</carte> <blacklist>false</blacklist> <Point> <coordinates>2.527441,48.959832,0</coordinates> </Point> </Placemark> <Placemark> <id>1842</id> <name>Decheterie Bouqueval</name> <description>Route d'Ecouen 95720 Bouqueval</description> <horaires>Du lundi au Vendredi 13h30-18h30</horaires> <type>PARTIC</type> <barriere>Inconnu</barriere> <compteOuvert>Inconnu</compteOuvert> <carte>Inconnu</carte> <blacklist>false</blacklist> <Point> <coordinates>2.412249,49.024538,0</coordinates> </Point> </Placemark> <Placemark> <id>1843</id> <name>Decheterie Osny</name> <description>Chemin des Hayettes 95520 Osny</description> <horaires>Du lundi au Vendredi 13h30-18h30</horaires> <type>PARTIC</type> <barriere>Inconnu</barriere> <compteOuvert>Inconnu</compteOuvert> <carte>Inconnu</carte> <blacklist>false</blacklist> <Point> <coordinates>2.0905,49.06694,0</coordinates> </Point> </Placemark> <Placemark> <id>1844</id> <name>Decheterie Bessancourt</name> <description>Route de Pierrelaye 95550 Bessancourt</description> <horaires>Du lundi au Vendredi 13h30-18h30</horaires> <type>PARTIC</type> <barriere>Inconnu</barriere> <compteOuvert>Inconnu</compteOuvert> <carte>Inconnu</carte> <blacklist>false</blacklist> <Point> <coordinates>2.188158,49.030115,0</coordinates> </Point> </Placemark> <Placemark> <id>1845</id> <name>Decheterie Gonesse</name> <description>17 Rue Gay Lussac 95500 Gonesse</description> <horaires>Du lundi au Vendredi 13h30-18h30</horaires> <type>PARTIC</type> <barriere>Inconnu</barriere> <compteOuvert>Inconnu</compteOuvert> <carte>Inconnu</carte> <blacklist>false</blacklist> <Point> <coordinates>2.466438,48.982809,0</coordinates> </Point> </Placemark> <Placemark> <id>1846</id> <name>Decheterie Jouy-le-Moutier</name> <description>ZA des Forboeufs 95280 Jouy-le-Moutier</description> <horaires>Du lundi au Vendredi 13h30-18h30</horaires> <type>PARTIC</type> <barriere>Inconnu</barriere> <compteOuvert>Inconnu</compteOuvert> <carte>Inconnu</carte> <blacklist>false</blacklist> <Point> <coordinates>2.033504,49.006787,0</coordinates> </Point> </Placemark> <Placemark> <id>1847</id> <name>Decheterie Le Plessis-Bouchard</name> <description>Déchèterie - Parc d'Activités des Colonnes 95130 Le Plessis-Bouchard</description> <horaires>Du 01/04 au 30/09 : Lundi, mercredi, vendredi, samedi et dimanche : 10h-20h | Mardi et jeudi : 14h-20h | Du 01/10 au 31/03 : Lundi, mercredi, vendredi, samedi et dimanche : 10h-18h | Mardi et jeudi : 14h-18h</horaires> <type>PARTIC</type> <barriere>Inconnu</barriere> <compteOuvert>Inconnu</compteOuvert> <carte>Inconnu</carte> <blacklist>false</blacklist> <Point> <coordinates>2.221956,49.001952,0</coordinates> </Point> </Placemark> <Placemark> <id>1848</id> <name>Decheterie Magny-en-Vexin</name> <description>23 Rue Gutemberg 95420 Magny-en-Vexin</description> <horaires>Du lundi au Vendredi 13h30-18h30</horaires> <type>PARTIC</type> <barriere>Inconnu</barriere> <compteOuvert>Inconnu</compteOuvert> <carte>Inconnu</carte> <blacklist>false</blacklist> <Point> <coordinates>1.779646,49.149571,0</coordinates> </Point> </Placemark> <Placemark> <id>1849</id> <name>Decheterie Saint-Ouen-l'Aumône</name> <description>RD 159 80610 SAINT-OUEN</description> <horaires></horaires> <type>PARTIC</type> <barriere>Inconnu</barriere> <compteOuvert>Inconnu</compteOuvert> <carte>Inconnu</carte> <blacklist>false</blacklist> <Point> <coordinates>2.153277,49.038776,0</coordinates> </Point> </Placemark> <Placemark> <id>1850</id> <name>Decheterie Viarmes</name> <description>Za de l'Orme 95270 Viarmes</description> <horaires>Du lundi au Vendredi 13h30-18h30</horaires> <type>PARTIC</type> <barriere>Inconnu</barriere> <compteOuvert>Inconnu</compteOuvert> <carte>Inconnu</carte> <blacklist>false</blacklist> <Point> <coordinates>2.368133,49.110338,0</coordinates> </Point> </Placemark> <Placemark> <id>1851</id> <name>Decheterie Sarcelles</name> <description>Rue des cultivateurs 95200 Sarcelles</description> <horaires>Du 01/04 au 31/10 : Du lundi au vendredi : 9h-12h / 14h-18h30 | Samedi : 9h à 18h30 | Dimanche : 9h à 13h | Du 01/11 au 31/03 : Du lundi au vendredi : 9h-12h / 14h-17h30 | Samedi : 9h à 17h30 | Dimanche : 9h à 13h</horaires> <type>PARTIC</type> <barriere>Inconnu</barriere> <compteOuvert>Inconnu</compteOuvert> <carte>Inconnu</carte> <blacklist>false</blacklist> <Point> <coordinates>2.387447,48.996831,0</coordinates> </Point> </Placemark> <Placemark> <id>1852</id> <name>Decheterie Louvres</name> <description>Avenue du Beaumontoir 95380 Louvres</description> <horaires>Du lundi au Vendredi 13h30-18h30</horaires> <type>PARTIC</type> <barriere>Inconnu</barriere> <compteOuvert>Inconnu</compteOuvert> <carte>Inconnu</carte> <blacklist>false</blacklist> <Point> <coordinates>2.516277,49.057635,0</coordinates> </Point> </Placemark> <Placemark> <id>1853</id> <name>Decheterie Champagne-sur-Oise</name> <description>Zone Industrielle du Paradis 95660 Champagne-sur-Oise</description> <horaires>Du lundi au Vendredi 13h30-18h30</horaires> <type>PARTIC</type> <barriere>Inconnu</barriere> <compteOuvert>Inconnu</compteOuvert> <carte>Inconnu</carte> <blacklist>false</blacklist> <Point> <coordinates>2.254903,49.141779,0</coordinates> </Point> </Placemark> <Placemark> <id>1854</id> <name>Decheterie Marines</name> <description>Rue du Goulet 95640 Marines</description> <horaires>Du lundi au Vendredi 13h30-18h30</horaires> <type>PARTIC</type> <barriere>Inconnu</barriere> <compteOuvert>Inconnu</compteOuvert> <carte>Inconnu</carte> <blacklist>false</blacklist> <Point> <coordinates>1.97086,49.145367,0</coordinates> </Point> </Placemark> <Placemark> <id>1855</id> <name>Decheterie Vigny</name> <description>Lieu-dit les Roches 95450 Vigny</description> <horaires>Du 01/04 au 30/10 : Lundi, samedi : 9h-12h / 14h-19h | Mercredi, vendredi : 14h-19h | Dimanche : 9h-12h | Du 01/11 au 31/03 : Lundi, mercredi : 14h-17h | Samedi : 9h-12h / 14h-17h | Dimanche : 9h-12h</horaires> <type>PARTIC</type> <barriere>Inconnu</barriere> <compteOuvert>Inconnu</compteOuvert> <carte>Inconnu</carte> <blacklist>false</blacklist> <Point> <coordinates>1.921581,49.069965,0</coordinates> </Point> </Placemark> <Placemark> <id>1856</id> <name>Decheterie Argenteuil</name> <description>2 Rue du Chemin Vert 95100 Argenteuil</description> <horaires>Du lundi au Vendredi 13h30-18h30</horaires> <type>PARTIC</type> <barriere>Inconnu</barriere> <compteOuvert>Inconnu</compteOuvert> <carte>Inconnu</carte> <blacklist>false</blacklist> <Point> <coordinates>2.205556,48.958933,0</coordinates> </Point> </Placemark> <Placemark> <id>1857</id> <name>Decheterie Cergy</name> <description>Lieu dit des 'Graverots' en direction de la chapelle st quillain 70700 GY</description> <horaires>lundi : 9h-12h/14h-17h mercredi : 14h-18h vendredi : 14h-17h samedi : 9h-12h/14h-18h</horaires> <type>PARTIC</type> <barriere>Inconnu</barriere> <compteOuvert>Inconnu</compteOuvert> <carte>Inconnu</carte> <blacklist>false</blacklist> <Point> <coordinates>2.063197,49.049073,0</coordinates> </Point> </Placemark> <Placemark> <id>1858</id> <name>Decheterie Cergy</name> <description>Lieu dit des 'Graverots' en direction de la chapelle st quillain 70700 GY</description> <horaires>lundi : 9h-12h/14h-17h mercredi : 14h-18h vendredi : 14h-17h samedi : 9h-12h/14h-18h</horaires> <type>PARTIC</type> <barriere>Inconnu</barriere> <compteOuvert>Inconnu</compteOuvert> <carte>Inconnu</carte> <blacklist>false</blacklist> <Point> <coordinates>2.010266,49.054059,0</coordinates> </Point> </Placemark> <Placemark> <id>1859</id> <name>Déchèterie de Binic - Etables sur Mer</name> <description></description> <horaires></horaires> <type>PARTIC</type> <barriere>Inconnu</barriere> <compteOuvert>Inconnu</compteOuvert> <carte>Inconnu</carte> <blacklist>false</blacklist> <Point> <coordinates>-2.838469,48.641851,0</coordinates> </Point> </Placemark> <Placemark> <id>1860</id> <name>Dechetterie</name> <description></description> <horaires></horaires> <type>PARTIC</type> <barriere>Inconnu</barriere> <compteOuvert>Inconnu</compteOuvert> <carte>Inconnu</carte> <blacklist>false</blacklist> <Point> <coordinates>-2.349968,48.4069,0</coordinates> </Point> </Placemark> <Placemark> <id>1861</id> <name>Déchetterie</name> <description></description> <horaires></horaires> <type>PARTIC</type> <barriere>Inconnu</barriere> <compteOuvert>Inconnu</compteOuvert> <carte>Inconnu</carte> <blacklist>false</blacklist> <Point> <coordinates>-1.475712,48.427599,0</coordinates> </Point> </Placemark> <Placemark> <id>1862</id> <name>Decheterie Somloire</name> <description>D171</description> <horaires></horaires> <type>PARTIC</type> <barriere>Inconnu</barriere> <compteOuvert>Inconnu</compteOuvert> <carte>Inconnu</carte> <blacklist>false</blacklist> <Point> <coordinates>-0.622307,47.046521,0</coordinates> </Point> </Placemark> <Placemark> <id>1863</id> <name>Decheterie Carvin</name> <description></description> <horaires></horaires> <type>PARTIC</type> <barriere>Inconnu</barriere> <compteOuvert>Inconnu</compteOuvert> <carte>Inconnu</carte> <blacklist>false</blacklist> <Point> <coordinates>2.89742,50.471495,0</coordinates> </Point> </Placemark> <Placemark> <id>1864</id> <name>Decheterie Lens</name> <description></description> <horaires></horaires> <type>PARTIC</type> <barriere>Inconnu</barriere> <compteOuvert>Inconnu</compteOuvert> <carte>Inconnu</carte> <blacklist>false</blacklist> <Point> <coordinates>2.744935,50.440967,0</coordinates> </Point> </Placemark> <Placemark> <id>1865</id> <name>Decheterie Noyen sur Sarthe</name> <description></description> <horaires></horaires> <type>PARTIC</type> <barriere>Inconnu</barriere> <compteOuvert>Inconnu</compteOuvert> <carte>Inconnu</carte> <blacklist>false</blacklist> <Point> <coordinates>-0.105156,47.874154,0</coordinates> </Point> </Placemark> <Placemark> <id>1866</id> <name>Decheterie Champagne</name> <description></description> <horaires></horaires> <type>PARTIC</type> <barriere>Inconnu</barriere> <compteOuvert>Inconnu</compteOuvert> <carte>Inconnu</carte> <blacklist>false</blacklist> <Point> <coordinates>0.338052,48.024519,0</coordinates> </Point> </Placemark> <Placemark> <id>1867</id> <name>Decheterie Montournais</name> <description>Route de Réaumur 85700 MONTOURNAIS</description> <horaires>Horaire hiver du 1/10 au 30/04 : lundi 9-12h, mercredi et vendredi 14-17h Horaire été : lundi 9-12h, mercredi 14-17h et vendredi 15h30-18h30</horaires> <type>PARTIC</type> <barriere>Inconnu</barriere> <compteOuvert>Inconnu</compteOuvert> <carte>Inconnu</carte> <blacklist>false</blacklist> <Point> <coordinates>-0.80519,46.732869,0</coordinates> </Point> </Placemark> <Placemark> <id>1868</id> <name>Decheterie La Pommeraie-sur-Sèvre</name> <description>ZI du Val de Sèvre 85700 La Pommeraie-sur-Sèvre</description> <horaires>Du lundi au Vendredi 13h30-18h30</horaires> <type>PARTIC</type> <barriere>Inconnu</barriere> <compteOuvert>Inconnu</compteOuvert> <carte>Inconnu</carte> <blacklist>false</blacklist> <Point> <coordinates>-0.77098,46.832845,0</coordinates> </Point> </Placemark> <Placemark> <id>1869</id> <name>Decheterie Chavagnes les Redoux</name> <description></description> <horaires>Fermé</horaires> <type>PARTIC</type> <barriere>Inconnu</barriere> <compteOuvert>Inconnu</compteOuvert> <carte>Inconnu</carte> <blacklist>false</blacklist> <Point> <coordinates>-0.912522,46.715986,0</coordinates> </Point> </Placemark> <Placemark> <id>1870</id> <name>Decheterie Aulnay</name> <description></description> <horaires></horaires> <type>PARTIC</type> <barriere>Inconnu</barriere> <compteOuvert>Inconnu</compteOuvert> <carte>Inconnu</carte> <blacklist>false</blacklist> <Point> <coordinates>2.495662,48.915092,0</coordinates> </Point> </Placemark> <Placemark> <id>1871</id> <name>SUEZ RV Yonne Métaux</name> <description>22 avenue Jean Mermoz 89000 Auxerre</description> <horaires>Du lundi au vendredi 8h–12h / 14h-17h</horaires> <type>PRO</type> <barriere>Inconnu</barriere> <compteOuvert>Oui</compteOuvert> <carte>Inconnu</carte> <blacklist>false</blacklist> <Point> <coordinates>3.5850723,47.8109811,0</coordinates> </Point> </Placemark> <Placemark> <id>1873</id> <name>SUEZ</name> <description>ZI chemin des temples 51370 Saint-Brice-Courcelles</description> <horaires>Du lundi au jeudi 8h-12h / 14h-17h30 Vendredi 8h-12h / 14h-17h</horaires> <type>PRO</type> <barriere>Inconnu</barriere> <compteOuvert>Oui</compteOuvert> <carte>Inconnu</carte> <blacklist>false</blacklist> <Point> <coordinates>3.9906423,49.2789183,0</coordinates> </Point> </Placemark> <Placemark> <id>1874</id> <name>SUEZ</name> <description>rue du Maréchal Joffre 02100 Saint Quentin</description> <horaires>Du lundi au vendredi 8h–12h30 / 13h30–18h</horaires> <type>PRO</type> <barriere>Inconnu</barriere> <compteOuvert>Oui</compteOuvert> <carte>Inconnu</carte> <blacklist>false</blacklist> <Point> <coordinates>3.3026668,49.840906,0</coordinates> </Point> </Placemark> <Placemark> <id>1875</id> <name>SUEZ Sita Sud Ouest</name> <description>200 rue Jean Jaurès ZI Saint Florent 79000 NIORT</description> <horaires>Du lundi au vendredi 8h-12h / 14h-17h</horaires> <type>PRO</type> <barriere>Inconnu</barriere> <compteOuvert>Oui</compteOuvert> <carte>Inconnu</carte> <blacklist>false</blacklist> <Point> <coordinates>-0.4603482,46.3063288,0</coordinates> </Point> </Placemark> <Placemark> <id>1876</id> <name>Valor Pole 72</name> <description>17 avenue Pierre Piffault 72100 LE MANS</description> <horaires>Du lundi au vendredi 8h-17h</horaires> <type>PRO</type> <barriere>Inconnu</barriere> <compteOuvert>Oui</compteOuvert> <carte>Inconnu</carte> <blacklist>false</blacklist> <Point> <coordinates>0.177888,47.9790998,0</coordinates> </Point> </Placemark> <Placemark> <id>1877</id> <name>Derichebourg - AFM Recyclage</name> <description>Rue Victor Schoelcher, ZI portuaire de Chevire 44100 Nantes</description> <horaires>Lundi 8h–12h / 13h30–18h30 Du mardi au vendredi 8h–12h / 13h30–17h</horaires> <type>PRO</type> <barriere>Inconnu</barriere> <compteOuvert>Oui</compteOuvert> <carte>Inconnu</carte> <blacklist>false</blacklist> <Point> <coordinates>-1.6047892,47.188621,0</coordinates> </Point> </Placemark> <Placemark> <id>1878</id> <name>Guyot</name> <description>ZA des châtelets, Rue boisillon 22440 Ploufragan</description> <horaires>Du lundi au jeudi : 8h-12h / 13h45/17h45 Vendredi 8h-12h / 14h-17h</horaires> <type>PRO</type> <barriere>Inconnu</barriere> <compteOuvert>Inconnu</compteOuvert> <carte>Inconnu</carte> <blacklist>false</blacklist> <tarifs><tarif><id>26</id><fkDecheterie>1878</fkDecheterie><matiere>dib</matiere><prix>140.00</prix></tarif></tarifs><Point> <coordinates>-2.7987731,48.4627328,0</coordinates> </Point> </Placemark> <Placemark> <id>1879</id> <name>Paprec</name> <description>Route de Paris 72470 Champagne</description> <horaires>Du lundi au vendredi 8h-11h45 / 13h15/17h</horaires> <type>PRO</type> <barriere>Inconnu</barriere> <compteOuvert>Inconnu</compteOuvert> <carte>Inconnu</carte> <blacklist>false</blacklist> <Point> <coordinates>0.3825403,48.0309079,0</coordinates> </Point> </Placemark> <Placemark> <id>1880</id> <name>Paprec</name> <description>Les Vaugarniers 72320 Montmirail</description> <horaires>Du lundi au jeudi 8h-11h45 / 13h15-17h Vendredi 8h-11h45 / 13h15-16h</horaires> <type>PRO</type> <barriere>Inconnu</barriere> <compteOuvert>Oui</compteOuvert> <carte>Inconnu</carte> <blacklist>false</blacklist> <Point> <coordinates>0.7649889,48.1079195,0</coordinates> </Point> </Placemark> <Placemark> <id>1881</id> <name>Paprec</name> <description>72 avenue du général Patton 45330 Malesherbes</description> <horaires>Du lundi au vendredi 7h30–12:30 / 13h30–18h</horaires> <type>PRO</type> <barriere>Inconnu</barriere> <compteOuvert>Inconnu</compteOuvert> <carte>Inconnu</carte> <blacklist>false</blacklist> <Point> <coordinates>2.3857198,48.2993584,0</coordinates> </Point> </Placemark> <Placemark> <id>1882</id> <name>Veolia</name> <description>Rue de la cité nouvelle 44570 Trignac</description> <horaires>Du lundi au vendredi : 8h-17h Samedi : 8h-16h</horaires> <type>PRO</type> <barriere>Inconnu</barriere> <compteOuvert>Oui</compteOuvert> <carte>Inconnu</carte> <blacklist>false</blacklist> <Point> <coordinates>-2.1835411,47.3088896,0</coordinates> </Point> </Placemark> <Placemark> <id>1883</id> <name>Veolia - SOCCOIM</name> <description>Rue Jules Verne ZI de Saint Cosme 37520 La Riche</description> <horaires>Du lundi au vendredi 10h-19h</horaires> <type>PRO</type> <barriere>Inconnu</barriere> <compteOuvert>Oui</compteOuvert> <carte>Inconnu</carte> <blacklist>false</blacklist> <Point> <coordinates>0.6155885,47.3765849,0</coordinates> </Point> </Placemark> <Placemark> <id>1884</id> <name>Veolia</name> <description>ZI de la bargette, Rue Leo Lagrange 42270 Saint Priest en Jarez</description> <horaires>Du lundi au vendredi : 8h-12h / 13h-17h30</horaires> <type>PRO</type> <barriere>Inconnu</barriere> <compteOuvert>Oui</compteOuvert> <carte>Inconnu</carte> <blacklist>false</blacklist> <Point> <coordinates>4.3847594,45.4780743,0</coordinates> </Point> </Placemark> <Placemark> <id>1885</id> <name>Veolia - Energy Dechet</name> <description>Route des 4 vents 18000 Bourges</description> <horaires>Du lundi au vendredi 8h-12h / 13h-16h</horaires> <type>PRO</type> <barriere>Inconnu</barriere> <compteOuvert>Inconnu</compteOuvert> <carte>Inconnu</carte> <blacklist>false</blacklist> <Point> <coordinates>2.4243665,47.1163551,0</coordinates> </Point> </Placemark> <Placemark> <id>1886</id> <name>Veolia - Maine collecte Valorisation</name> <description>33 rue de la Foucaudiere 72000 Le Mans</description> <horaires> </horaires> <type>PRO</type> <barriere>Inconnu</barriere> <compteOuvert>Inconnu</compteOuvert> <carte>Inconnu</carte> <blacklist>false</blacklist> <Point> <coordinates>0.1844523,47.9720944,0</coordinates> </Point> </Placemark> <Placemark> <id>1887</id> <name>Veolia - Enovalia</name> <description>Rue du Boisillon 22440 Ploufragan</description> <horaires> </horaires> <type>PRO</type> <barriere>Inconnu</barriere> <compteOuvert>Inconnu</compteOuvert> <carte>Inconnu</carte> <blacklist>false</blacklist> <Point> <coordinates>-2.7932791,48.4614741,0</coordinates> </Point> </Placemark> <Placemark> <id>1888</id> <name>Veolia - Société orleanaise de valorisation des dechets</name> <description>651 rue de la motte petree 45770 Saran</description> <horaires> </horaires> <type>PRO</type> <barriere>Inconnu</barriere> <compteOuvert>Inconnu</compteOuvert> <carte>Inconnu</carte> <blacklist>false</blacklist> <Point> <coordinates>1.864657,47.9552585,0</coordinates> </Point> </Placemark> <Placemark> <id>1889</id> <name>Veolia - Centre de tri et recyclage</name> <description>63 avenue Jean Bouton 49130 Les ponts de cé</description> <horaires> </horaires> <type>PRO</type> <barriere>Inconnu</barriere> <compteOuvert>Inconnu</compteOuvert> <carte>Inconnu</carte> <blacklist>false</blacklist> <Point> <coordinates>-0.5029595,47.43978449999999,0</coordinates> </Point> </Placemark> <Placemark> <id>1890</id> <name>Veolia</name> <description>206 rue de l'angeviniere 72100 Le Mans</description> <horaires>Du lundi au vendredi 8h-11h45 / 13h15-17h</horaires> <type>PRO</type> <barriere>Inconnu</barriere> <compteOuvert>Inconnu</compteOuvert> <carte>Inconnu</carte> <blacklist>false</blacklist> <Point> <coordinates>0.1689123,47.9807638,0</coordinates> </Point> </Placemark> <Placemark> <id>1891</id> <name>Veolia - Arc en ciel</name> <description>Cité navale 44220 Coueron</description> <horaires>Du lundi au mardi et du jeudi au vendredi 8h-12h / 14h-18h Mercredi 8h-12h / 13h30-18h</horaires> <type>PRO</type> <barriere>Inconnu</barriere> <compteOuvert>Inconnu</compteOuvert> <carte>Inconnu</carte> <blacklist>false</blacklist> <Point> <coordinates>-1.7064135,47.209272,0</coordinates> </Point> </Placemark> <Placemark> <id>1892</id> <name>Veolia - Compagnie de nettoiement et transport</name> <description>16 rue Léon Berthault 35000 Rennes</description> <horaires> </horaires> <type>PRO</type> <barriere>Inconnu</barriere> <compteOuvert>Non</compteOuvert> <carte>Inconnu</carte> <blacklist>false</blacklist> <Point> <coordinates>-1.730802,48.1099636,0</coordinates> </Point> </Placemark> <Placemark> <id>1893</id> <name>Veolia - Societe pour environnement et traitement des déchets</name> <description>Avenue des pierrelets 45380 Chaingy</description> <horaires> </horaires> <type>PRO</type> <barriere>Inconnu</barriere> <compteOuvert>Inconnu</compteOuvert> <carte>Inconnu</carte> <blacklist>false</blacklist> <Point> <coordinates>1.8031406,47.8807836,0</coordinates> </Point> </Placemark> <Placemark> <id>1894</id> <name>Veolia - Societe bretonne exploitation chauffage</name> <description>Avenue Charles Tillon 35000 Rennes</description> <horaires>Du lundi au vendredi 8h30-12h00 / 13h30-16h30</horaires> <type>PRO</type> <barriere>Inconnu</barriere> <compteOuvert>Inconnu</compteOuvert> <carte>Inconnu</carte> <blacklist>false</blacklist> <Point> <coordinates>-1.7053731,48.124561,0</coordinates> </Point> </Placemark> <Placemark> <id>1895</id> <name>Paprec</name> <description>3 rue Pascal 93120 La Courneuve</description> <horaires>Du lundi au vendredi 8h-18h</horaires> <type>PRO</type> <barriere>Inconnu</barriere> <compteOuvert>Inconnu</compteOuvert> <carte>Inconnu</carte> <blacklist>false</blacklist> <Point> <coordinates>2.4047969,48.9275187,0</coordinates> </Point> </Placemark> <Placemark> <id>1896</id> <name>Veolia Proprete Nord Normandie</name> <description>Rue du Fief 80000 Amiens</description> <horaires> </horaires> <type>PRO</type> <barriere>Inconnu</barriere> <compteOuvert>Oui</compteOuvert> <carte>Inconnu</carte> <blacklist>false</blacklist> <Point> <coordinates>2.2745703,49.9348389,0</coordinates> </Point> </Placemark> <Placemark> <id>1897</id> <name>Picheta</name> <description>13 route de Conflans 95480 Pierrelaye</description> <horaires>Du lundi au jeudi : 7h-12h / 13h-17h Vendredi : 7h-12h / 13h-16h</horaires> <type>PRO</type> <barriere>Inconnu</barriere> <compteOuvert>Oui</compteOuvert> <carte>Inconnu</carte> <blacklist>false</blacklist> <Point> <coordinates>2.1374523,49.015963,0</coordinates> </Point> </Placemark> <Placemark> <id>1898</id> <name>Unifer - Havre Sud</name> <description>616 boulevard Jules Durand 76600 Le Havre</description> <horaires>Du lundi au jeudi 7h30-12h / 13h-17h Vendredi : 7h30-12h / 13h-16h</horaires> <type>PRO</type> <barriere>Inconnu</barriere> <compteOuvert>Oui</compteOuvert> <carte>Inconnu</carte> <blacklist>false</blacklist> <Point> <coordinates>0.1876913,49.4989849,0</coordinates> </Point> </Placemark> <Placemark> <id>1899</id> <name>Unifer - Havre Nord</name> <description>49 rue Capucet 76620 Le Havre</description> <horaires>Du lundi au vendredi : 8h-12h / 13h30-17h30</horaires> <type>PRO</type> <barriere>Inconnu</barriere> <compteOuvert>Oui</compteOuvert> <carte>Inconnu</carte> <blacklist>false</blacklist> <Point> <coordinates>0.1028174,49.5235758,0</coordinates> </Point> </Placemark> <Placemark> <id>1900</id> <name>Tri Ouest</name> <description>6 rue Lafayette 44110 Chateaubriant</description> <horaires>Du lundi au vendredi : 8h30-11h30 / 13h30-16h30</horaires> <type>PRO</type> <barriere>Inconnu</barriere> <compteOuvert>Oui</compteOuvert> <carte>Inconnu</carte> <blacklist>false</blacklist> <tarifs><tarif><id>16</id><fkDecheterie>1900</fkDecheterie><matiere>Bois B</matiere><prix>70.00</prix></tarif><tarif><id>15</id><fkDecheterie>1900</fkDecheterie><matiere>DIB</matiere><prix>120.00</prix></tarif><tarif><id>17</id><fkDecheterie>1900</fkDecheterie><matiere>Bois A</matiere><prix>35.00</prix></tarif></tarifs><Point> <coordinates>-1.4022684,47.7028057,0</coordinates> </Point> </Placemark> <Placemark> <id>1901</id> <name>Tri Ouest</name> <description>22 rue de Palach 44220 Coueron</description> <horaires>Le lundi de 13h30 à 17h Du mardi au vendredi 8h30-11h30 / 13h30-17h</horaires> <type>PRO</type> <barriere>Inconnu</barriere> <compteOuvert>Oui</compteOuvert> <carte>Inconnu</carte> <blacklist>false</blacklist> <tarifs><tarif><id>18</id><fkDecheterie>1901</fkDecheterie><matiere>DIB</matiere><prix>120.00</prix></tarif><tarif><id>19</id><fkDecheterie>1901</fkDecheterie><matiere>Bois B</matiere><prix>70.00</prix></tarif></tarifs><Point> <coordinates>-1.6663155,47.2348444,0</coordinates> </Point> </Placemark> <Placemark> <id>1902</id> <name>Astradec</name> <description>95 rue Charles Auguste Coulomb ZA de la PMA 62510 Arques</description> <horaires>Du lundi au vendredi : 8h-12h / 14h-18h</horaires> <type>PRO</type> <barriere>Inconnu</barriere> <compteOuvert>Oui</compteOuvert> <carte>Inconnu</carte> <blacklist>false</blacklist> <tarifs><tarif><id>27</id><fkDecheterie>1902</fkDecheterie><matiere>DIB</matiere><prix>90.00</prix></tarif></tarifs><Point> <coordinates>2.3262017,50.7305103,0</coordinates> </Point> </Placemark> <Placemark> <id>1903</id> <name>Butin Sedic</name> <description>8 rue des investisseurs 91560 Crosne</description> <horaires> </horaires> <type>PRO</type> <barriere>Inconnu</barriere> <compteOuvert>Inconnu</compteOuvert> <carte>Inconnu</carte> <blacklist>false</blacklist> <Point> <coordinates>2.4707103,48.7251062,0</coordinates> </Point> </Placemark> <Placemark> <id>1904</id> <name>Butin Sedic</name> <description>8, rue Denis Papin 92230 Gennevilliers</description> <horaires> </horaires> <type>PRO</type> <barriere>Inconnu</barriere> <compteOuvert>Inconnu</compteOuvert> <carte>Inconnu</carte> <blacklist>false</blacklist> <Point> <coordinates>2.3084672,48.9465371,0</coordinates> </Point> </Placemark> <Placemark> <id>1905</id> <name>Butin Sedic</name> <description>53 rue des écoles 60680 CANLY</description> <horaires> </horaires> <type>PRO</type> <barriere>Inconnu</barriere> <compteOuvert>Inconnu</compteOuvert> <carte>Inconnu</carte> <blacklist>false</blacklist> <Point> <coordinates>2.7076814,49.3933195,0</coordinates> </Point> </Placemark> <Placemark> <id>1906</id> <name>Butin Sedic</name> <description>7 chemin de la chapelle Saint Antoine 95300 Ennery</description> <horaires> </horaires> <type>PRO</type> <barriere>Inconnu</barriere> <compteOuvert>Inconnu</compteOuvert> <carte>Inconnu</carte> <blacklist>false</blacklist> <Point> <coordinates>2.1082666,49.0664914,0</coordinates> </Point> </Placemark> <Placemark> <id>1907</id> <name>Theaud</name> <description>Fahineuc CS 40120 35290 Saint Méen Le Grand</description> <horaires>Du lundi au vendredi 9h-12h30 / 14h-18h</horaires> <type>PRO</type> <barriere>Inconnu</barriere> <compteOuvert>Inconnu</compteOuvert> <carte>Inconnu</carte> <blacklist>false</blacklist> <Point> <coordinates>-2.2053962,48.1753619,0</coordinates> </Point> </Placemark> <Placemark> <id>1908</id> <name>Monier environnement - Romi Bretagne</name> <description>ZA de guinefort 22100 Saint Carné</description> <horaires>Du lundi au jeudi 8h-12h / 13h30-17h30 Vendredi : 8h-12h / 13h30-16h30</horaires> <type>PRO</type> <barriere>Inconnu</barriere> <compteOuvert>Oui</compteOuvert> <carte>Inconnu</carte> <blacklist>false</blacklist> <Point> <coordinates>-2.078417,48.419254,0</coordinates> </Point> </Placemark> <Placemark> <id>1909</id> <name>Monier environnement - Romi Bretagne</name> <description>ZA de Kerampichon 22300 Lannion</description> <horaires>Du lundi au vendredi : 8h30-11h30 / 13h30-17h00</horaires> <type>PRO</type> <barriere>Inconnu</barriere> <compteOuvert>Oui</compteOuvert> <carte>Inconnu</carte> <blacklist>false</blacklist> <tarifs><tarif><id>7</id><fkDecheterie>1909</fkDecheterie><matiere>DIB</matiere><prix>125.00</prix></tarif><tarif><id>8</id><fkDecheterie>1909</fkDecheterie><matiere>Bois</matiere><prix>80.00</prix></tarif></tarifs><Point> <coordinates>-3.4368262,48.72550880000001,0</coordinates> </Point> </Placemark> <Placemark> <id>1910</id> <name>ROMI Pays de la Loire</name> <description>ZI des Noes Schoelcher, rue Vistor Hugo 44550 Montoir de Bretagne</description> <horaires>Du lundi au jeudi 8h-12h / 13h30-17h30 Vendredi : 8h-12h / 13h30-16h30</horaires> <type>PRO</type> <barriere>Inconnu</barriere> <compteOuvert>Inconnu</compteOuvert> <carte>Inconnu</carte> <blacklist>false</blacklist> <Point> <coordinates>-2.13246,47.3259455,0</coordinates> </Point> </Placemark> <Placemark> <id>1911</id> <name>ROMI Bretagne</name> <description>Rue Bernard Perrot 56800 PLOERMEL</description> <horaires>Du lundi au jeudi 8h30-12h / 13h30-17h30 Vendredi : 8h30-12h / 13h30-16h</horaires> <type>PRO</type> <barriere>Inconnu</barriere> <compteOuvert>Inconnu</compteOuvert> <carte>Inconnu</carte> <blacklist>false</blacklist> <Point> <coordinates>-2.371025,47.9317189,0</coordinates> </Point> </Placemark> <Placemark> <id>1912</id> <name>Romi Bretagne</name> <description>7 allée Abbé Grégoire, ZI Grand Guelen 29000 Quimper</description> <horaires>Du lundi au jeudi 8h30-11h30 / 13h30-17h Vendredi : 8h30-11h30 / 13h30-17h</horaires> <type>PRO</type> <barriere>Inconnu</barriere> <compteOuvert>Inconnu</compteOuvert> <carte>Inconnu</carte> <blacklist>false</blacklist> <Point> <coordinates>-4.015579,47.9809584,0</coordinates> </Point> </Placemark> <Placemark> <id>1913</id> <name>Romi Bretagne</name> <description>62 rue de Vannes 35600 Redon</description> <horaires>Du lundi au jeudi 8h30-11h30 / 13h30-17h Vendredi 8h30-11h30 / 13h30-16h30</horaires> <type>PRO</type> <barriere>Inconnu</barriere> <compteOuvert>Inconnu</compteOuvert> <carte>Inconnu</carte> <blacklist>false</blacklist> <Point> <coordinates>-2.0916519,47.6438644,0</coordinates> </Point> </Placemark> <Placemark> <id>1914</id> <name>Romi Bretagne</name> <description>46 rue du manoir de Servigné 35000 Rennes</description> <horaires>Du lundi au jeudi 9h-11h30 / 14h-16h30 Vendredi : 9h-11h30 / 14h00-15h30</horaires> <type>PRO</type> <barriere>Inconnu</barriere> <compteOuvert>Inconnu</compteOuvert> <carte>Inconnu</carte> <blacklist>false</blacklist> <Point> <coordinates>-1.7353224,48.1028011,0</coordinates> </Point> </Placemark> <Placemark> <id>1915</id> <name>Romi Bretagne</name> <description>49 rue de la ville es cours , ZI Sud 35400 Saint Malo</description> <horaires>Du lundi au jeudi 9h-11h30 / 14h-16h30 Vendredi : 9h-11h30 / 14h-16h</horaires> <type>PRO</type> <barriere>Inconnu</barriere> <compteOuvert>Inconnu</compteOuvert> <carte>Inconnu</carte> <blacklist>false</blacklist> <Point> <coordinates>-1.9819205,48.6393008,0</coordinates> </Point> </Placemark> <Placemark> <id>1916</id> <name>Romi Recyclage</name> <description>Rue des marigrolles 49400 Saumur</description> <horaires>Du lundi au jeudi 8h-17h Vendredi : 8h-16h</horaires> <type>PRO</type> <barriere>Inconnu</barriere> <compteOuvert>Inconnu</compteOuvert> <carte>Inconnu</carte> <blacklist>false</blacklist> <Point> <coordinates>-0.07005209999999999,47.2346389,0</coordinates> </Point> </Placemark> <Placemark> <id>1917</id> <name>TVD - Traitement et valorisation des déchets</name> <description>274 rue Jean Jaurès 59970 Fresnes-sur-Escaut</description> <horaires> </horaires> <type>PRO</type> <barriere>Inconnu</barriere> <compteOuvert>Oui</compteOuvert> <carte>Inconnu</carte> <blacklist>false</blacklist> <Point> <coordinates>3.5680025,50.4273791,0</coordinates> </Point> </Placemark> <Placemark> <id>1918</id> <name>COVED</name> <description>parc d'activité les Vallées, Route nationale 20 45770 Saran</description> <horaires>Du lundi au vendredi 7h-17h</horaires> <type>PRO</type> <barriere>Inconnu</barriere> <compteOuvert>Oui</compteOuvert> <carte>Inconnu</carte> <blacklist>false</blacklist> <Point> <coordinates>1.8942723,47.9437466,0</coordinates> </Point> </Placemark> <Placemark> <id>1919</id> <name>Suez - Sita Centre Ouest</name> <description>16 avenue Louis Pasteur 28630 Gellainville</description> <horaires> </horaires> <type>PRO</type> <barriere>Inconnu</barriere> <compteOuvert>Inconnu</compteOuvert> <carte>Inconnu</carte> <blacklist>false</blacklist> <tarifs><tarif><id>13</id><fkDecheterie>1919</fkDecheterie><matiere>DIB</matiere><prix>90.00</prix></tarif></tarifs><Point> <coordinates>1.5253277,48.4294962,0</coordinates> </Point> </Placemark> <Placemark> <id>1920</id> <name>Picheta</name> <description>Chemin des graviers 78510 Triel Sur Seine</description> <horaires>Du lundi au jeudi 7h-12h / 13h-17h Vendredi 7h-12h / 13h-16h</horaires> <type>PRO</type> <barriere>Inconnu</barriere> <compteOuvert>Oui</compteOuvert> <carte>Inconnu</carte> <blacklist>false</blacklist> <Point> <coordinates>2.0090212,48.9607931,0</coordinates> </Point> </Placemark> <Placemark> <id>1921</id> <name>Veolia</name> <description>2 chemin des moines 78510 Triel Sur Seine</description> <horaires>Du lundi au vendredi 7h30-17h</horaires> <type>PRO</type> <barriere>Inconnu</barriere> <compteOuvert>Oui</compteOuvert> <carte>Inconnu</carte> <blacklist>false</blacklist> <Point> <coordinates>2.007171,48.94813010000001,0</coordinates> </Point> </Placemark> <Placemark> <id>1922</id> <name>Derichebourg</name> <description>50 avenue des Guilleraies 92000 Nanterre</description> <horaires>Du lundi au vendredi 8h-17h</horaires> <type>PRO</type> <barriere>Inconnu</barriere> <compteOuvert>Inconnu</compteOuvert> <carte>Inconnu</carte> <blacklist>false</blacklist> <Point> <coordinates>2.1811375,48.8962218,0</coordinates> </Point> </Placemark> <Placemark> <id>1923</id> <name>Picheta</name> <description>260 rue de Garenne 92000 Nanterre</description> <horaires>Du lundi au jeudi : 7h15-12h / 13h-16h45 Vendredi : 7h15-12h / 13h-15h45</horaires> <type>PRO</type> <barriere>Inconnu</barriere> <compteOuvert>Oui</compteOuvert> <carte>Inconnu</carte> <blacklist>false</blacklist> <Point> <coordinates>2.2212218,48.9002163,0</coordinates> </Point> </Placemark> <Placemark> <id>1924</id> <name>Veolia</name> <description>14 chemin des petits marais, ZI portuaire 92230 Gennevilliers</description> <horaires>Du lundi au vendredi 5h-19h</horaires> <type>PRO</type> <barriere>Inconnu</barriere> <compteOuvert>Inconnu</compteOuvert> <carte>Inconnu</carte> <blacklist>false</blacklist> <Point> <coordinates>2.3023353,48.9462414,0</coordinates> </Point> </Placemark> <Placemark> <id>1925</id> <name>Veolia</name> <description>112 avenue de la republique 92020 Chatillon</description> <horaires>Du lundi au vendredi 5h-18h</horaires> <type>PRO</type> <barriere>Inconnu</barriere> <compteOuvert>Inconnu</compteOuvert> <carte>Inconnu</carte> <blacklist>false</blacklist> <Point> <coordinates>2.2978651,48.8041298,0</coordinates> </Point> </Placemark> <Placemark> <id>1926</id> <name>Picheta</name> <description>Routes des Loges, chemin rural 91290 La Norville</description> <horaires> </horaires> <type>PRO</type> <barriere>Inconnu</barriere> <compteOuvert>Oui</compteOuvert> <carte>Inconnu</carte> <blacklist>false</blacklist> <Point> <coordinates>2.2875205,48.5789992,0</coordinates> </Point> </Placemark> <Placemark> <id>1927</id> <name>Privacia - Centre de tri et recyclage</name> <description>2-6 rue des platrières 93130 Noisy le Sec</description> <horaires>Du lundi au vendredi 6h-17h</horaires> <type>PRO</type> <barriere>Inconnu</barriere> <compteOuvert>Inconnu</compteOuvert> <carte>Inconnu</carte> <blacklist>false</blacklist> <Point> <coordinates>2.4450809,48.8913369,0</coordinates> </Point> </Placemark> <Placemark> <id>1928</id> <name>Veolia</name> <description>Route d'écouen 95720 Bouqueval</description> <horaires>Du lundi au vendredi 6h-19h30</horaires> <type>PRO</type> <barriere>Inconnu</barriere> <compteOuvert>Inconnu</compteOuvert> <carte>Inconnu</carte> <blacklist>false</blacklist> <Point> <coordinates>2.3658032,49.0278275,0</coordinates> </Point> </Placemark> <Placemark> <id>1929</id> <name>Revival</name> <description>16 rue Ernest Renan 94200 Yvry sur seine</description> <horaires>Du lundi au vendredi 7h30-17h30</horaires> <type>PRO</type> <barriere>Inconnu</barriere> <compteOuvert>Inconnu</compteOuvert> <carte>Inconnu</carte> <blacklist>false</blacklist> <Point> <coordinates>2.4001401,48.8061859,0</coordinates> </Point> </Placemark> <Placemark> <id>1930</id> <name>Veolia - Taïs</name> <description>59 route de l'ile Saint Julien 94380 Bonneuil sur Marne</description> <horaires>Du lundi au vendredi 6h-17h</horaires> <type>PRO</type> <barriere>Inconnu</barriere> <compteOuvert>Inconnu</compteOuvert> <carte>Inconnu</carte> <blacklist>false</blacklist> <Point> <coordinates>2.4834395,48.780408,0</coordinates> </Point> </Placemark> <Placemark> <id>1931</id> <name>Veolia</name> <description>72 rue de Paris 93130 Noisy Le Sec</description> <horaires> </horaires> <type>PRO</type> <barriere>Inconnu</barriere> <compteOuvert>Inconnu</compteOuvert> <carte>Inconnu</carte> <blacklist>false</blacklist> <Point> <coordinates>2.4525859,48.9003013,0</coordinates> </Point> </Placemark> <Placemark> <id>1932</id> <name>Veolia</name> <description>Route de fresnes sur Marne 77410 Claye-Souilly</description> <horaires>Du lundi au vendredi 7h-19h</horaires> <type>PRO</type> <barriere>Inconnu</barriere> <compteOuvert>Oui</compteOuvert> <carte>Inconnu</carte> <blacklist>false</blacklist> <Point> <coordinates>2.7396559,48.9410272,0</coordinates> </Point> </Placemark> <Placemark> <id>1933</id> <name>Generis</name> <description>3 chemin du corps de garde 77500 Chelles</description> <horaires> </horaires> <type>PRO</type> <barriere>Inconnu</barriere> <compteOuvert>Inconnu</compteOuvert> <carte>Inconnu</carte> <blacklist>false</blacklist> <Point> <coordinates>2.5952258,48.8715853,0</coordinates> </Point> </Placemark> <Placemark> <id>1934</id> <name>Yprema</name> <description>11 allée de la briarde 77184 Emerainville</description> <horaires> Du lundi au vendredi 6h-17h30 DIB 19.50/100KGS BOIS 17.5/100KGS</horaires> <type>PRO</type> <barriere>Inconnu</barriere> <compteOuvert>Oui</compteOuvert> <carte>Inconnu</carte> <blacklist>false</blacklist> <tarifs><tarif><id>25</id><fkDecheterie>1934</fkDecheterie><matiere>DIB</matiere><prix>19.50</prix></tarif><tarif><id>24</id><fkDecheterie>1934</fkDecheterie><matiere>BOIS </matiere><prix>17.50</prix></tarif></tarifs><Point> <coordinates>2.611662,48.8178742,0</coordinates> </Point> </Placemark> <Placemark> <id>1935</id> <name>Veolia</name> <description>ZI la Remaizière 61790 Saint Pierre du Regard</description> <horaires>Du lundi au vendredi 8h-12h / 14h-17h</horaires> <type>PRO</type> <barriere>Inconnu</barriere> <compteOuvert>Oui</compteOuvert> <carte>Inconnu</carte> <blacklist>false</blacklist> <Point> <coordinates>-0.5632193,48.8318244,0</coordinates> </Point> </Placemark> <Placemark> <id>1936</id> <name>Veolia</name> <description>12 rue de Galilée 17440 Aytré</description> <horaires>Lundi 8h-12h Du mardi au vendredi 8h-12h / 14h-h17</horaires> <type>PRO</type> <barriere>Inconnu</barriere> <compteOuvert>Inconnu</compteOuvert> <carte>Inconnu</carte> <blacklist>false</blacklist> <Point> <coordinates>-1.0986085,46.1281878,0</coordinates> </Point> </Placemark> <Placemark> <id>1937</id> <name>Veolia</name> <description>rue Louis Bleriot ZA du mas de la cours 16100 Chateaubernard</description> <horaires>Lundi : 8h30-11h30 Du mardi au vendredi 8h30-11h30 / 13h30-16h30</horaires> <type>PRO</type> <barriere>Inconnu</barriere> <compteOuvert>Inconnu</compteOuvert> <carte>Inconnu</carte> <blacklist>false</blacklist> <Point> <coordinates>-0.3019426,45.6768366,0</coordinates> </Point> </Placemark> <Placemark> <id>1938</id> <name>Veolia</name> <description>Route René Dumont ZAC du vieux domaine 18100 Vierzon</description> <horaires>Du lundi au vendredi 8h-12h / 14h-17h</horaires> <type>PRO</type> <barriere>Inconnu</barriere> <compteOuvert>Inconnu</compteOuvert> <carte>Inconnu</carte> <blacklist>false</blacklist> <Point> <coordinates>2.091229,47.20708,0</coordinates> </Point> </Placemark> <Placemark> <id>1939</id> <name>Veolia</name> <description>25 avenue du fief 95310 Saint Ouen L'Aumône</description> <horaires>Du lundi au vendredi 6h-17h45</horaires> <type>PRO</type> <barriere>Inconnu</barriere> <compteOuvert>Inconnu</compteOuvert> <carte>Inconnu</carte> <blacklist>false</blacklist> <Point> <coordinates>2.1532204,49.0385594,0</coordinates> </Point> </Placemark> <Placemark> <id>1940</id> <name>Veolia</name> <description>6 rue des voeux Saint Georges 94290 Villeneuve-le-roi</description> <horaires>Du lundi au vendredi 6h30-17h30</horaires> <type>PRO</type> <barriere>Inconnu</barriere> <compteOuvert>Inconnu</compteOuvert> <carte>Inconnu</carte> <blacklist>false</blacklist> <Point> <coordinates>2.4363073,48.7310095,0</coordinates> </Point> </Placemark> <Placemark> <id>1941</id> <name>Veolia</name> <description>151 avenue Blaise Pascal 77550 Moissy-Cramayel</description> <horaires>Du lundi au vendredi 5h30-16h</horaires> <type>PRO</type> <barriere>Inconnu</barriere> <compteOuvert>Inconnu</compteOuvert> <carte>Inconnu</carte> <blacklist>false</blacklist> <Point> <coordinates>2.5699731,48.6197568,0</coordinates> </Point> </Placemark> <Placemark> <id>1942</id> <name>Veolia</name> <description>115 rue Chanzy 59260 Lezennes</description> <horaires>Du lundi au vendredi 8h-12h / 14h-17h</horaires> <type>PRO</type> <barriere>Inconnu</barriere> <compteOuvert>Inconnu</compteOuvert> <carte>Inconnu</carte> <blacklist>false</blacklist> <Point> <coordinates>3.1225596,50.612479,0</coordinates> </Point> </Placemark> <Placemark> <id>1943</id> <name>Veolia</name> <description>Avenue du Mistral ZAC Athelia V 13600 La Ciotat</description> <horaires>Du lundi au vendredi 7h30-15h</horaires> <type>PRO</type> <barriere>Inconnu</barriere> <compteOuvert>Inconnu</compteOuvert> <carte>Inconnu</carte> <blacklist>false</blacklist> <Point> <coordinates>5.5952354,43.201059,0</coordinates> </Point> </Placemark> <Placemark> <id>1944</id> <name>Veolia</name> <description>224 rue Louis Lumière 30900 Nimes</description> <horaires>Du lundi au vendredi 8h-12h / 14h-17h</horaires> <type>PRO</type> <barriere>Inconnu</barriere> <compteOuvert>Inconnu</compteOuvert> <carte>Inconnu</carte> <blacklist>false</blacklist> <Point> <coordinates>4.312334,43.81332099999999,0</coordinates> </Point> </Placemark> <Placemark> <id>1945</id> <name>Veolia</name> <description>17 boulevard de la millière 13011 Marseille</description> <horaires>Du lundi au vendredi 6h-18h</horaires> <type>PRO</type> <barriere>Inconnu</barriere> <compteOuvert>Oui</compteOuvert> <carte>Inconnu</carte> <blacklist>false</blacklist> <Point> <coordinates>5.4936702,43.2837782,0</coordinates> </Point> </Placemark> <Placemark> <id>1946</id> <name>Veolia</name> <description>16 et 18 chemin de Fenouillet 31200 Toulouse</description> <horaires>Du lundi au vendredi 8h-12h / 14h-17h</horaires> <type>PRO</type> <barriere>Inconnu</barriere> <compteOuvert>Inconnu</compteOuvert> <carte>Inconnu</carte> <blacklist>false</blacklist> <Point> <coordinates>1.4200576,43.6375605,0</coordinates> </Point> </Placemark> <Placemark> <id>1947</id> <name>Veolia</name> <description>595, rue du Mas Saint Pierre, ZAC de Tournezy 34070 MONTPELLIER</description> <horaires>Du lundi au vendredi 8h-12h / 14h-17h</horaires> <type>PRO</type> <barriere>Inconnu</barriere> <compteOuvert>Inconnu</compteOuvert> <carte>Inconnu</carte> <blacklist>false</blacklist> <Point> <coordinates>3.8760851,43.5838921,0</coordinates> </Point> </Placemark> <Placemark> <id>1948</id> <name>Veolia</name> <description>16 et 18 chemin de fenouillet 31200 Toulouse</description> <horaires>Du lundi au vendredi 8h-12h / 14h-17h</horaires> <type>PRO</type> <barriere>Inconnu</barriere> <compteOuvert>Inconnu</compteOuvert> <carte>Inconnu</carte> <blacklist>false</blacklist> <Point> <coordinates>1.4200576,43.6375605,0</coordinates> </Point> </Placemark> <Placemark> <id>1949</id> <name>PAPREC</name> <description>95 rue Robert Schuman 44800 SAINT HERBLAIN</description> <horaires>Du lundi au vendredi 8h-16h45</horaires> <type>PRO</type> <barriere>Inconnu</barriere> <compteOuvert>Oui</compteOuvert> <carte>Inconnu</carte> <blacklist>false</blacklist> <Point> <coordinates>-1.6233272,47.1988656,0</coordinates> </Point> </Placemark> <Placemark> <id>1951</id> <name>Séché Eco Industries</name> <description>La cousinière 53810 Change</description> <horaires>Du lundi au vendredi 8h-12:30 / 13h30-18h</horaires> <type>PRO</type> <barriere>Inconnu</barriere> <compteOuvert>Inconnu</compteOuvert> <carte>Inconnu</carte> <blacklist>false</blacklist> <Point> <coordinates>-0.8485929999999999,48.125168,0</coordinates> </Point> </Placemark> <Placemark> <id>1952</id> <name>PAPREC NORMANDIE </name> <description>ZA DES PEUPLIERS 27400 ACQUIGNY</description> <horaires>Du lundi au vendredi 9h-12h / 13h-17h</horaires> <type>PRO</type> <barriere>Inconnu</barriere> <compteOuvert>Inconnu</compteOuvert> <carte>Inconnu</carte> <blacklist>false</blacklist> <Point> <coordinates>1.171505,49.1787112,0</coordinates> </Point> </Placemark> <Placemark> <id>1953</id> <name>CETI</name> <description>ZA Saint Thudon - 170 Rue Jacqueline Auriol 29490 GUIPAVAS</description> <horaires> </horaires> <type>PRO</type> <barriere>Inconnu</barriere> <compteOuvert>Oui</compteOuvert> <carte>Inconnu</carte> <blacklist>false</blacklist> <Point> <coordinates>-4.4228985,48.43954610000001,0</coordinates> </Point> </Placemark> <Placemark> <id>1954</id> <name>SUEZ </name> <description>centre de tri de Malaquin Rue des champs des Oiseaux ZA du Moulin Blanc 59230 SAINT AMAND LES EAUX </description> <horaires> </horaires> <type>PRO</type> <barriere>Inconnu</barriere> <compteOuvert>Oui</compteOuvert> <carte>Inconnu</carte> <blacklist>false</blacklist> <Point> <coordinates>3.3905803,50.43913509999999,0</coordinates> </Point> </Placemark> <Placemark> <id>1956</id> <name>FFB ORTEC</name> <description>RUE DU CANAL 80000 AMIENS </description> <horaires>Ouvert le 24/09/19 a la demande de Quentin Dépagne mais pas plus d'infos tel 03.22.66.66.15 www.ortec.fr</horaires> <type>PRO</type> <barriere>Inconnu</barriere> <compteOuvert>Oui</compteOuvert> <carte>Inconnu</carte> <blacklist>false</blacklist> <tarifs><tarif><id>1</id><fkDecheterie>1956</fkDecheterie><matiere>DIB</matiere><prix>115.00</prix></tarif></tarifs><Point> <coordinates>2.2796056,49.9058161,0</coordinates> </Point> </Placemark> <Placemark> <id>1957</id> <name>VANHEEDE </name> <description>375 avenue de Sofia Zone Artois Flandres 62138 BILLY BERCLAU</description> <horaires>mail : laurie.neto@vanheede.com Téléphone: 03.21.18.17.70 Du lundi au vendredi 7h-17h</horaires> <type>PRO</type> <barriere>Inconnu</barriere> <compteOuvert>Oui</compteOuvert> <carte>Inconnu</carte> <blacklist>false</blacklist> <Point> <coordinates>2.8564709,50.5235316,0</coordinates> </Point> </Placemark> <Placemark> <id>1958</id> <name>SAS LAFLUTTE ENVIRONNEMENT</name> <description>20 route de Doullens 62000 DAINVILLE</description> <horaires>TEL 03.21.71.51.08 Mail: ebaudens@laflutte.com - vgaland@laflutte.com mhalfort@laflutte.com oleriche@laflutte.com kdervillers@laflutte.com baptiste-baudens@laflutte.com</horaires> <type>PRO</type> <barriere>Inconnu</barriere> <compteOuvert>Oui</compteOuvert> <carte>Inconnu</carte> <blacklist>false</blacklist> <Point> <coordinates>2.7150405,50.2712141,0</coordinates> </Point> </Placemark> <Placemark> <id>1960</id> <name>Veolia</name> <description>1 allée de la briarde 77184 Emerainville</description> <horaires></horaires> <type>PRO</type> <barriere>Inconnu</barriere> <compteOuvert>Non</compteOuvert> <carte>Inconnu</carte> <blacklist>false</blacklist> <Point> <coordinates>2.6126812,48.81990829999999,0</coordinates> </Point> </Placemark> <Placemark> <id>1961</id> <name>Yprema</name> <description>6 Rue Freycinet, 77400 Lagny-sur-Marne</description> <horaires>Du lundi au vendredi 6h-17h30 DIB 19.50/100KGS BOIS 17.5/100KGS </horaires> <type>PRO</type> <barriere>Inconnu</barriere> <compteOuvert>Oui</compteOuvert> <carte>Inconnu</carte> <blacklist>false</blacklist> <tarifs><tarif><id>23</id><fkDecheterie>1961</fkDecheterie><matiere>BOIS</matiere><prix>17.50</prix></tarif><tarif><id>22</id><fkDecheterie>1961</fkDecheterie><matiere>DIB</matiere><prix>19.50</prix></tarif></tarifs><Point> <coordinates>2.6787302,48.8760479,0</coordinates> </Point> </Placemark> <Placemark> <id>1962</id> <name>SUEZ</name> <description>49 rue Adèle Bourdon 42420 LORETTE</description> <horaires></horaires> <type>PRO</type> <barriere>Inconnu</barriere> <compteOuvert>Oui</compteOuvert> <carte>Inconnu</carte> <blacklist>false</blacklist> <tarifs><tarif><id>3</id><fkDecheterie>1962</fkDecheterie><matiere>Bois B</matiere><prix>80.00</prix></tarif><tarif><id>4</id><fkDecheterie>1962</fkDecheterie><matiere>DIB</matiere><prix>115.00</prix></tarif><tarif><id>5</id><fkDecheterie>1962</fkDecheterie><matiere>Gravats</matiere><prix>20.00</prix></tarif><tarif><id>6</id><fkDecheterie>1962</fkDecheterie><matiere>Cartons</matiere><prix>0.00</prix></tarif><tarif><id>2</id><fkDecheterie>1962</fkDecheterie><matiere>Bois A</matiere><prix>35.00</prix></tarif></tarifs><Point> <coordinates>4.572996799999999,45.51103579999999,0</coordinates> </Point> </Placemark> <Placemark> <id>1963</id> <name>SEP Valorisation</name> <description>ZI les fourneaux 61500 SEES</description> <horaires></horaires> <type>PRO</type> <barriere>Non</barriere> <compteOuvert>Oui</compteOuvert> <carte>Non</carte> <blacklist>false</blacklist> <Point> <coordinates>0.1613751,48.5933587,0</coordinates> </Point> </Placemark> <Placemark> <id>1964</id> <name>Baudelet Environnement</name> <description>rue de la prairie 59173 BLARINGHEM</description> <horaires></horaires> <type>PRO</type> <barriere>Non</barriere> <compteOuvert>Oui</compteOuvert> <carte>Non</carte> <blacklist>false</blacklist> <Point> <coordinates>2.418484,50.67957699999999,0</coordinates> </Point> </Placemark> <Placemark> <id>1965</id> <name>COVED</name> <description>6 rue de la fosse aux saumons 89100 SENS</description> <horaires>Du lundi au jeudi 8h30-h12h / 13h30-16h Vendredi 8h30-12h tel 03 86 95 23 00</horaires> <type>PRO</type> <barriere>Non</barriere> <compteOuvert>Oui</compteOuvert> <carte>Non</carte> <blacklist>false</blacklist> <Point> <coordinates>3.265564,48.2120198,0</coordinates> </Point> </Placemark> <Placemark> <id>1966</id> <name>Quinson Fonlupt</name> <description>500 rue de la montbéliarde 01000 Saint Denis les Bourg</description> <horaires> </horaires> <type>PRO</type> <barriere>Non</barriere> <compteOuvert>Oui</compteOuvert> <carte>Non</carte> <blacklist>false</blacklist> <tarifs><tarif><id>9</id><fkDecheterie>1966</fkDecheterie><matiere>DIB</matiere><prix>125.00</prix></tarif></tarifs><Point> <coordinates>5.2003182,46.2181522,0</coordinates> </Point> </Placemark> <Placemark> <id>1967</id> <name>Séché eco-industries</name> <description>La cousinière 53810 Changé</description> <horaires></horaires> <type>PRO</type> <barriere>Non</barriere> <compteOuvert>Oui</compteOuvert> <carte>Non</carte> <blacklist>false</blacklist> <Point> <coordinates>-0.8485929999999999,48.125168,0</coordinates> </Point> </Placemark> <Placemark> <id>1968</id> <name>SUEZ</name> <description>1 lieu dit La Noë de Geigne 72610 Arçonnay</description> <horaires>Du lundi au vendredi 7h30-12h / 14h-16h</horaires> <type>PRO</type> <barriere>Non</barriere> <compteOuvert>Oui</compteOuvert> <carte>Non</carte> <blacklist>false</blacklist> <tarifs><tarif><id>10</id><fkDecheterie>1968</fkDecheterie><matiere>DIB</matiere><prix>105.00</prix></tarif></tarifs><Point> <coordinates>0.0609729,48.3980891,0</coordinates> </Point> </Placemark> <Placemark> <id>1969</id> <name>Grente Bennes dechets</name> <description>Rotue de la sablonniere 14980 ROTS</description> <horaires></horaires> <type>PRO</type> <barriere>Non</barriere> <compteOuvert>Oui</compteOuvert> <carte>Non</carte> <blacklist>false</blacklist> <Point> <coordinates>-0.464061,49.1972233,0</coordinates> </Point> </Placemark> <Placemark> <id>1970</id> <name>SEPUR</name> <description>ZI Le pont Cailloux 78850 THIVERVAL-GRIGNON</description> <horaires></horaires> <type>PRO</type> <barriere>Non</barriere> <compteOuvert>Oui</compteOuvert> <carte>Non</carte> <blacklist>false</blacklist> <tarifs><tarif><id>11</id><fkDecheterie>1970</fkDecheterie><matiere>DIB</matiere><prix>131.00</prix></tarif><tarif><id>12</id><fkDecheterie>1970</fkDecheterie><matiere>Gravats</matiere><prix>27.00</prix></tarif></tarifs><Point> <coordinates>1.917175,48.84976899999999,0</coordinates> </Point> </Placemark> <Placemark> <id>1971</id> <name>Brangeon recyclage</name> <description>Rue de villechien 49124 Saint Barthelemy d'Anjou</description> <horaires>Du lundi au vendredi 8h-12h30 / 13h30-17h</horaires> <type>PRO</type> <barriere>Non</barriere> <compteOuvert>Oui</compteOuvert> <carte>Non</carte> <blacklist>false</blacklist> <Point> <coordinates>-0.5156658,47.4622012,0</coordinates> </Point> </Placemark> <Placemark> <id>1972</id> <name>Brangeon recyclage</name> <description>Allée du seuil en Maine 49000 Angers</description> <horaires>Du lundi au vendredi 8h-12h15 / 13h15-17h30</horaires> <type>PRO</type> <barriere>Non</barriere> <compteOuvert>Oui</compteOuvert> <carte>Non</carte> <blacklist>false</blacklist> <Point> <coordinates>-0.573176,47.459806,0</coordinates> </Point> </Placemark> <Placemark> <id>1973</id> <name>VALORBAT</name> <description>Boulevard du 32eme regiment 02700 CONDREN</description> <horaires></horaires> <type>PRO</type> <barriere>Non</barriere> <compteOuvert>Oui</compteOuvert> <carte>Non</carte> <blacklist>false</blacklist> <Point> <coordinates>3.2865922,49.65450860000001,0</coordinates> </Point> </Placemark> <Placemark> <id>1974</id> <name>PAPREC</name> <description>RD 136 28300 GASVILLE</description> <horaires>Du lundi au jeudi 8h-12h / 13h-17h Vendredi 8h-12h / 13h-16h</horaires> <type>PRO</type> <barriere>Non</barriere> <compteOuvert>Oui</compteOuvert> <carte>Non</carte> <blacklist>false</blacklist> <Point> <coordinates>1.5696393,48.4678514,0</coordinates> </Point> </Placemark> <Placemark> <id>1975</id> <name>PAPREC</name> <description>89 rue nationale 35650 LE RHEU</description> <horaires></horaires> <type>PRO</type> <barriere>Non</barriere> <compteOuvert>Oui</compteOuvert> <carte>Non</carte> <blacklist>false</blacklist> <Point> <coordinates>-1.7765201,48.0934196,0</coordinates> </Point> </Placemark> <Placemark> <id>1976</id> <name>PAPREC</name> <description>ZI des Châtelets, 3 rue du boisillon 22950 TREGUEUX</description> <horaires>Jusqu'a 16h30 DIB 135 euros HT la Tonne</horaires> <type>PRO</type> <barriere>Non</barriere> <compteOuvert>Oui</compteOuvert> <carte>Non</carte> <blacklist>false</blacklist> <tarifs><tarif><id>31</id><fkDecheterie>1976</fkDecheterie><matiere>DIB</matiere><prix>135.00</prix></tarif></tarifs><Point> <coordinates>-2.786912,48.4613586,0</coordinates> </Point> </Placemark> <Placemark> <id>1977</id> <name>VEOLIA - Grandjouan</name> <description>ZI du parco 56704 HENNEBONT</description> <horaires></horaires> <type>PRO</type> <barriere>Non</barriere> <compteOuvert>Oui</compteOuvert> <carte>Non</carte> <blacklist>false</blacklist> <tarifs><tarif><id>14</id><fkDecheterie>1977</fkDecheterie><matiere>DIB</matiere><prix>136.00</prix></tarif></tarifs><Point> <coordinates>-3.2759537,47.8026674,0</coordinates> </Point> </Placemark> <Placemark> <id>1978</id> <name>VEOLIA Ipodec</name> <description>3 allée de l'industrie ZI des patis 76144 LE PETIT QUEVILLY</description> <horaires></horaires> <type>PRO</type> <barriere>Non</barriere> <compteOuvert>Oui</compteOuvert> <carte>Non</carte> <blacklist>false</blacklist> <Point> <coordinates>1.0470618,49.4275966,0</coordinates> </Point> </Placemark> <Placemark> <id>1979</id> <name>Picheta</name> <description>Chemin des hautes plaines 78260 ACHERES</description> <horaires></horaires> <type>PRO</type> <barriere>Non</barriere> <compteOuvert>Oui</compteOuvert> <carte>Non</carte> <blacklist>false</blacklist> <Point> <coordinates>2.08106,48.982111,0</coordinates> </Point> </Placemark> <Placemark> <id>1980</id> <name>Picheta</name> <description>Route de Meulan 78520 LIMAY</description> <horaires></horaires> <type>PRO</type> <barriere>Non</barriere> <compteOuvert>Oui</compteOuvert> <carte>Non</carte> <blacklist>false</blacklist> <Point> <coordinates>1.7575425,48.9908626,0</coordinates> </Point> </Placemark> <Placemark> <id>1981</id> <name>Butin Sedic</name> <description>ZA d'Outreville 60540 BORNEL</description> <horaires></horaires> <type>PRO</type> <barriere>Non</barriere> <compteOuvert>Oui</compteOuvert> <carte>Non</carte> <blacklist>false</blacklist> <Point> <coordinates>2.224792,49.203097,0</coordinates> </Point> </Placemark> <Placemark> <id>1982</id> <name>SPHERE</name> <description>14 rue des grèves 50307 AVRANCHES</description> <horaires></horaires> <type>PRO</type> <barriere>Non</barriere> <compteOuvert>Oui</compteOuvert> <carte>Non</carte> <blacklist>false</blacklist> <tarifs><tarif><id>21</id><fkDecheterie>1982</fkDecheterie><matiere>Gravats</matiere><prix>18.00</prix></tarif><tarif><id>20</id><fkDecheterie>1982</fkDecheterie><matiere>DIB</matiere><prix>105.00</prix></tarif></tarifs><Point> <coordinates>-1.3721764,48.69113979999999,0</coordinates> </Point> </Placemark> <Placemark> <id>1983</id> <name>Sodextra</name> <description>Le Bas-de-l’Etang, N118, 91400 Saclay</description> <horaires>Du lundi au vendredi 7h-12h/13h-17h</horaires> <type>PRO</type> <barriere>Non</barriere> <compteOuvert>Oui</compteOuvert> <carte>Non</carte> <blacklist>false</blacklist> <tarifs><tarif><id>28</id><fkDecheterie>1983</fkDecheterie><matiere>DIB</matiere><prix>110.00</prix></tarif></tarifs><Point> <coordinates>2.1805913,48.7408668,0</coordinates> </Point> </Placemark> <Placemark> <id>1984</id> <name>SITREVA</name> <description>19 RUE GUSTAVE EIFFEL 78120 RAMBOUILLET</description> <horaires>9H12H45 14H 17H45 NUMERO CARTE 602222 passdecheterie@sitreva.fr</horaires> <type>PRO</type> <barriere>Inconnu</barriere> <compteOuvert>Oui</compteOuvert> <carte>Oui</carte> <blacklist>false</blacklist> <Point> <coordinates>1.8261872,48.6240564,0</coordinates> </Point> </Placemark> <Placemark> <id>1985</id> <name>SITREVA</name> <description>1025 Le Petit Guigny, 28290 Commune nouvelle d'Arrou</description> <horaires>9H 12H45 14H 17H45 </horaires> <type>PRO</type> <barriere>Inconnu</barriere> <compteOuvert>Oui</compteOuvert> <carte>Oui</carte> <blacklist>false</blacklist> <Point> <coordinates>1.1219764,48.1087908,0</coordinates> </Point> </Placemark> <Placemark> <id>1986</id> <name>SITREVA</name> <description>1025 Le Petit Guigny, 28290 Commune nouvelle d'Arrou</description> <horaires>9H 12H45 14H 17H45 TEL 06.48.07.72.80 </horaires> <type>PRO</type> <barriere>Inconnu</barriere> <compteOuvert>Oui</compteOuvert> <carte>Oui</carte> <blacklist>false</blacklist> <Point> <coordinates>1.1219764,48.1087908,0</coordinates> </Point> </Placemark> <Placemark> <id>1987</id> <name>SITREVA</name> <description>10 Rue des Épis, 91670 Angerville</description> <horaires>9H 12H45 14H 17H45 TEL01.64.95.39.39</horaires> <type>PRO</type> <barriere>Inconnu</barriere> <compteOuvert>Oui</compteOuvert> <carte>Oui</carte> <blacklist>false</blacklist> <Point> <coordinates>2.0116954,48.3146539,0</coordinates> </Point> </Placemark> <Placemark> <id>1988</id> <name>SITREVA</name> <description>28 Rue des Vaux de Cernay, 78610 Auffargis</description> <horaires>9H 12H45 14H 17H45 TEL 01.34.84.87.69</horaires> <type>PRO</type> <barriere>Inconnu</barriere> <compteOuvert>Oui</compteOuvert> <carte>Oui</carte> <blacklist>false</blacklist> <Point> <coordinates>1.8956597,48.7001871,0</coordinates> </Point> </Placemark> <Placemark> <id>1989</id> <name>SITREVA</name> <description>41240 Ouzouer le Marché</description> <horaires>9H 12H45 14H 17H45 TEL 06.48.15.32.95</horaires> <type>PRO</type> <barriere>Inconnu</barriere> <compteOuvert>Non</compteOuvert> <carte>Oui</carte> <blacklist>false</blacklist> <Point> <coordinates>1.5372735499698211,47.90380485,0</coordinates> </Point> </Placemark> <Placemark> <id>1990</id> <name>SITREVA</name> <description>78830 Bonnelles</description> <horaires>9H 12H45 14H 17H45 TEL 01.30.88.46.15 </horaires> <type>PRO</type> <barriere>Inconnu</barriere> <compteOuvert>Non</compteOuvert> <carte>Oui</carte> <blacklist>false</blacklist> <Point> <coordinates>2.02973,48.6182,0</coordinates> </Point> </Placemark> <Placemark> <id>1991</id> <name>SITREVA</name> <description>Communauté de Communes du Pays de Limours, 91640, Briis-sous-Forges</description> <horaires>9H 12H45 14H 17H45 TEL06.82.38.06.76</horaires> <type>PRO</type> <barriere>Inconnu</barriere> <compteOuvert>Non</compteOuvert> <carte>Oui</carte> <blacklist>false</blacklist> <Point> <coordinates>2.1263230465966387,48.618680749999996,0</coordinates> </Point> </Placemark> <Placemark> <id>1992</id> <name>SITREVA</name> <description>28200 Châteaudun</description> <horaires>9H 12H45 14H 17H45 TEL 06.48.12.23.85</horaires> <type>PRO</type> <barriere>Inconnu</barriere> <compteOuvert>Non</compteOuvert> <carte>Oui</carte> <blacklist>false</blacklist> <Point> <coordinates>1.3284948,48.0702298,0</coordinates> </Point> </Placemark> <Placemark> <id>1993</id> <name>SITREVA</name> <description>19 Rue Gustave Eiffel, 78120 Rambouillet</description> <horaires>APPELER 06.48.13.18.22</horaires> <type>PRO</type> <barriere>Inconnu</barriere> <compteOuvert>Non</compteOuvert> <carte>Oui</carte> <blacklist>false</blacklist> <Point> <coordinates>1.8261872,48.6240564,0</coordinates> </Point> </Placemark> <Placemark> <id>1994</id> <name>SITREVA</name> <description>14 Avenue du 14 Juillet 1789, 91410 Dourdan</description> <horaires>APPELER 06.79.44.85.47</horaires> <type>PRO</type> <barriere>Inconnu</barriere> <compteOuvert>Non</compteOuvert> <carte>Oui</carte> <blacklist>false</blacklist> <Point> <coordinates>2.025614,48.5219891,0</coordinates> </Point> </Placemark> <Placemark> <id>1995</id> <name>SITREVA</name> <description>19 Rue Gustave Eiffel, 78120 Rambouillet</description> <horaires>APPELER 02.37.83.62.84</horaires> <type>PRO</type> <barriere>Inconnu</barriere> <compteOuvert>Non</compteOuvert> <carte>Oui</carte> <blacklist>false</blacklist> <Point> <coordinates>1.8261872,48.6240564,0</coordinates> </Point> </Placemark> <Placemark> <id>1996</id> <name>SITREVA</name> <description>19 Rue Gustave Eiffel, 78120 Rambouillet</description> <horaires>APPELER 02.37.90.92.72 </horaires> <type>PRO</type> <barriere>Inconnu</barriere> <compteOuvert>Non</compteOuvert> <carte>Oui</carte> <blacklist>false</blacklist> <Point> <coordinates>1.8261872,48.6240564,0</coordinates> </Point> </Placemark> <Placemark> <id>1997</id> <name>SITREVA</name> <description>Rue du Boël, 28310 Janville-en-Beauce</description> <horaires>APPELER 02.37.90.11.46 </horaires> <type>PRO</type> <barriere>Inconnu</barriere> <compteOuvert>Non</compteOuvert> <carte>Oui</carte> <blacklist>false</blacklist> <Point> <coordinates>1.8671592,48.2104771,0</coordinates> </Point> </Placemark> <Placemark> <id>1998</id> <name>SITREVA</name> <description>28210 Nogent-le-Roi</description> <horaires>APPELER 02.37.51.96.53</horaires> <type>PRO</type> <barriere>Inconnu</barriere> <compteOuvert>Non</compteOuvert> <carte>Oui</carte> <blacklist>false</blacklist> <Point> <coordinates>1.5322266,48.6485761,0</coordinates> </Point> </Placemark> <Placemark> <id>1999</id> <name>SITREVA</name> <description>Bois de la Folie, 28150 Ouarville</description> <horaires>APPELER 02.37.22.15.48</horaires> <type>PRO</type> <barriere>Inconnu</barriere> <compteOuvert>Non</compteOuvert> <carte>Oui</carte> <blacklist>false</blacklist> <Point> <coordinates>1.7743862,48.3394401,0</coordinates> </Point> </Placemark> <Placemark> <id>2000</id> <name>SITREVA</name> <description> 28130 Pierres</description> <horaires>APPELER 02.37.27.53.57 </horaires> <type>PRO</type> <barriere>Inconnu</barriere> <compteOuvert>Non</compteOuvert> <carte>Oui</carte> <blacklist>false</blacklist> <Point> <coordinates>1.5666532,48.5903443,0</coordinates> </Point> </Placemark> <Placemark> <id>2001</id> <name>SITREVA</name> <description>2 Rue Louis Gousson, 78120 Rambouillet</description> <horaires>APPELER 01.34.83.27.17</horaires> <type>PRO</type> <barriere>Inconnu</barriere> <compteOuvert>Non</compteOuvert> <carte>Oui</carte> <blacklist>false</blacklist> <Point> <coordinates>1.8420737,48.6560523,0</coordinates> </Point> </Placemark> <Placemark> <id>2002</id> <name>SITREVA</name> <description>28700 Roinville</description> <horaires>APPELER 02.37.31.78.87 </horaires> <type>PRO</type> <barriere>Inconnu</barriere> <compteOuvert>Non</compteOuvert> <carte>Oui</carte> <blacklist>false</blacklist> <Point> <coordinates>1.7464904,48.4449803,0</coordinates> </Point> </Placemark> <Placemark> <id>2003</id> <name>SITREVA</name> <description> 78730 Saint-Arnoult-en-Yvelines</description> <horaires>APPELER 0130.41.41.33</horaires> <type>PRO</type> <barriere>Inconnu</barriere> <compteOuvert>Non</compteOuvert> <carte>Oui</carte> <blacklist>false</blacklist> <Point> <coordinates>1.9350788,48.572604,0</coordinates> </Point> </Placemark> <Placemark> <id>2004</id> <name>SITREVA</name> <description>Chemin de la Juinière, 91530 Saint-Chéron</description> <horaires>APPELER 06.82.38.07.02 </horaires> <type>PRO</type> <barriere>Inconnu</barriere> <compteOuvert>Non</compteOuvert> <carte>Oui</carte> <blacklist>false</blacklist> <Point> <coordinates>2.1152934,48.5500284,0</coordinates> </Point> </Placemark> <Placemark> <id>2005</id> <name>SITREVA</name> <description>Route Genonville, 28150 Les Villages-Vovéens</description> <horaires>APPELER 02.37.99.27.51</horaires> <type>PRO</type> <barriere>Inconnu</barriere> <compteOuvert>Non</compteOuvert> <carte>Oui</carte> <blacklist>false</blacklist> <Point> <coordinates>1.6580826,48.2583132,0</coordinates> </Point> </Placemark> <Placemark> <id>2006</id> <name>ENTREPRISE GUYONNET </name> <description>38110 SAINT VICTOR DE CESSIEU</description> <horaires>APPELER AVANT EN FONCTION DES JOURS ZA GIROUD TEL 04.74.28.59.80 DIB 145 EUROS/TONNE BOIS B 70EUROS /T</horaires> <type>PRO</type> <barriere>Inconnu</barriere> <compteOuvert>Non</compteOuvert> <carte>Non</carte> <blacklist>false</blacklist> <Point> <coordinates>5.39036,45.5457,0</coordinates> </Point> </Placemark> <Placemark> <id>2007</id> <name>OPALE ENVIRONNEMENT</name> <description>52 rue clément Ader 62100 calais</description> <horaires>inconnu appelez 03.21.34.70.70 mail b.goulain@groups-seche.com</horaires> <type>PRO</type> <barriere>Inconnu</barriere> <compteOuvert>Oui</compteOuvert> <carte>Non</carte> <blacklist>false</blacklist> <Point> <coordinates>1.916779,50.9470162,0</coordinates> </Point> </Placemark> <Placemark> <id>2008</id> <name>COUTAND RECUPERATION SERVICE </name> <description>4 RUE DU GRAND PRE 85700 LA MEILLERAIE TILLAY</description> <horaires></horaires> <type>PRO</type> <barriere>Inconnu</barriere> <compteOuvert>Non</compteOuvert> <carte>Inconnu</carte> <blacklist>false</blacklist> <Point> <coordinates>-0.8191122,46.7586591,0</coordinates> </Point> </Placemark> <Placemark> <id>2009</id> <name>RAMERY ENVIRONNEMENT</name> <description>RUE PIERRE JACQUART 62440 HARNES</description> <horaires>TEL 03.21.14.00.00 MAIL vroose@ramery.fr</horaires> <type>PRO</type> <barriere>Inconnu</barriere> <compteOuvert>Non</compteOuvert> <carte>Inconnu</carte> <blacklist>false</blacklist> <Point> <coordinates>2.9145822,50.4650179,0</coordinates> </Point> </Placemark> <Placemark> <id>2010</id> <name>Derichebourg</name> <description>215 Rue des Vergers 74800 La Roche sur Foron</description> <horaires></horaires> <type>PRO</type> <barriere>Non</barriere> <compteOuvert>Oui</compteOuvert> <carte>Non</carte> <blacklist>false</blacklist> <Point> <coordinates>6.2977904,46.0793207,0</coordinates> </Point> </Placemark> <Placemark> <id>2011</id> <name>SUEZ AGENCE PAYS DE LOIRE </name> <description>RUE JEAN MONNET</description> <horaires>A PRECISER SUR APPEL CAR ACTUELLEMENT FERME LES MARDIS ET JEUDI CAUSE COVID</horaires> <type>PRO</type> <barriere>Inconnu</barriere> <compteOuvert>Oui</compteOuvert> <carte>Inconnu</carte> <blacklist>false</blacklist> <Point> <coordinates>7.7985537,48.5722579,0</coordinates> </Point> </Placemark> <Placemark> <id>2012</id> <name>sarl environnement service </name> <description> 59330 hautmont</description> <horaires>tel 03.27.63.64.67</horaires> <type>PRO</type> <barriere>Inconnu</barriere> <compteOuvert>Oui</compteOuvert> <carte>Inconnu</carte> <blacklist>false</blacklist> <Point> <coordinates>3.9200611,50.2513704,0</coordinates> </Point> </Placemark> <Placemark> <id>2013</id> <name>TONY BOCQUILLON</name> <description>12 rue Erambeaucourt 62140 LE QUESNOY EN ARTOIS</description> <horaires>40-60 euros camion sur place en espèce. Peut se déplacer ouvert à tout. 0640422551</horaires> <type>PRO</type> <barriere>Non</barriere> <compteOuvert>Oui</compteOuvert> <carte>Non</carte> <blacklist>false</blacklist> <Point> <coordinates>2.035071,50.331921,0</coordinates> </Point> </Placemark> <Placemark> <id>2014</id> <name>PASSENAUD RECYCLAGE</name> <description>RUE DE LA MUTUALITE 14100 HERNIVAL LES VAUX </description> <horaires>TELEPHONE 02.31.61.04.04 130/TONNE lundi 08:30–12:00, 14:00–17:30 mardi 08:30–12:00, 14:00–17:30 mercredi 08:30–12:00, 14:00–17:30 jeudi 08:30–12:00, 14:00–17:30 vendredi 08:30–12:00, 14:00–17:00</horaires> <type>PRO</type> <barriere>Inconnu</barriere> <compteOuvert>Oui</compteOuvert> <carte>Inconnu</carte> <blacklist>false</blacklist> <Point> <coordinates>0.33179,48.0168,0</coordinates> </Point> </Placemark> <Placemark> <id>2015</id> <name>groupe sclavo</name> <description> 80 avenue louis lepine 83600 frejus</description> <horaires>tel 04.94.40.86.51 zi du capitou</horaires> <type>PRO</type> <barriere>Inconnu</barriere> <compteOuvert>Oui</compteOuvert> <carte>Non</carte> <blacklist>false</blacklist> <Point> <coordinates>6.7366376,43.4703782,0</coordinates> </Point> </Placemark> <Placemark> <id>2016</id> <name>fmc</name> <description>La Forge Moisy 14430 Angerville</description> <horaires>lundi 08:00–12:00 13:30–17:30 mardi 08:00–12:00 13:30–17:30 mercredi 08:00–12:00 13:30–17:30 jeudi 08:00–12:00 13:30–17:30 vendredi 08:00–12:00 13:30–17:30</horaires> <type>PRO</type> <barriere>Non</barriere> <compteOuvert>Oui</compteOuvert> <carte>Non</carte> <blacklist>false</blacklist> <Point> <coordinates>-0.0096712,49.2446143,0</coordinates> </Point> </Placemark> </Folder> </Document> </kml>